distribution,samples,alpha_mean,alpha_std,alpha_neutral_heads,alpha_clamp_hits,beta,beta_is_neutral,base_logits_std_mae,calibrated_logits_std_mae,base_post_o_rms_abs_error,calibrated_post_o_rms_abs_error
standard_normal,4,1.0,0.0,4,0,1.0,True,0.008061990141868591,0.008061990141868591,0.0032486915588378906,0.0032486915588378906
standard_normal,8,1.0,0.0,4,0,1.0,True,0.008061990141868591,0.008061990141868591,0.0032486915588378906,0.0032486915588378906
standard_normal,32,1.0,0.0,4,0,1.0,True,0.008061990141868591,0.008061990141868591,0.0032486915588378906,0.0032486915588378906
standard_normal,128,1.0,0.0,4,0,1.0,True,0.008061990141868591,0.008061990141868591,0.0032486915588378906,0.0032486915588378906
vla_like,4,0.9100378155708313,0.10077706724405289,1,1,1.0,True,3.2844581604003906,8.683343887329102,1.8374595642089844,1.8374595642089844
vla_like,8,0.9597122669219971,0.0770445391535759,1,0,1.0779224634170532,False,3.2844581604003906,4.445095062255859,1.8374595642089844,2.5610580444335938
vla_like,32,1.0002219676971436,0.05420728772878647,1,0,1.0353296995162964,False,3.2844581604003906,1.1687908172607422,1.8374595642089844,0.15680694580078125
vla_like,128,0.9959297180175781,0.03891240060329437,2,0,1.0325517654418945,False,3.2844581604003906,0.9032258987426758,1.8374595642089844,3.814697265625e-06
