distribution,samples,alpha_mean,alpha_std,alpha_neutral_heads,alpha_clamp_hits,beta,beta_is_neutral,base_logits_std_mae,base_logits_std_relative_mae,calibrated_logits_std_mae,calibrated_logits_std_relative_mae,base_post_o_rms_abs_error,base_post_o_rms_relative_error,calibrated_post_o_rms_abs_error,calibrated_post_o_rms_relative_error
standard_normal,4,1.0,0.0,4,0,1.0,True,0.008061990141868591,0.0081324155563925,0.008061990141868591,0.0081324155563925,0.0032486915588378906,0.008759235996757231,0.0032486915588378906,0.008759235996757231
standard_normal,8,1.0,0.0,4,0,1.0,True,0.008061990141868591,0.0081324155563925,0.008061990141868591,0.0081324155563925,0.0032486915588378906,0.008759235996757231,0.0032486915588378906,0.008759235996757231
standard_normal,32,1.0,0.0,4,0,1.0,True,0.008061990141868591,0.0081324155563925,0.008061990141868591,0.0081324155563925,0.0032486915588378906,0.008759235996757231,0.0032486915588378906,0.008759235996757231
standard_normal,128,1.0,0.0,4,0,1.0,True,0.008061990141868591,0.0081324155563925,0.008061990141868591,0.0081324155563925,0.0032486915588378906,0.008759235996757231,0.0032486915588378906,0.008759235996757231
vla_like,4,0.9100378155708313,0.10077706724405289,1,1,1.0,True,3.2844581604003906,0.04634463444945006,8.683343887329102,0.12252444044166977,1.8374595642089844,0.031525527005503956,1.8374595642089844,0.031525527005503956
vla_like,8,0.9597122669219971,0.0770445391535759,1,0,1.0779224634170532,False,3.2844581604003906,0.04634463444945006,4.445095062255859,0.0627215497024904,1.8374595642089844,0.031525527005503956,2.5610580444335938,0.043940397990315475
vla_like,32,1.0002219676971436,0.05420728772878647,1,0,1.0353296995162964,False,3.2844581604003906,0.04634463444945006,1.1687908172607422,0.01649196930772285,1.8374595642089844,0.031525527005503956,0.15680694580078125,0.0026903566754794077
vla_like,128,0.9959297180175781,0.03891240060329437,2,0,1.0325517654418945,False,3.2844581604003906,0.04634463444945006,0.9032258987426758,0.01274477312793731,1.8374595642089844,0.031525527005503956,3.814697265625e-06,6.544924525566602e-08
