distribution,metric_group,mlp_only_final_output_mse,mlp_only_final_output_nmse,attention_only_final_output_mse,attention_only_final_output_nmse,both_final_output_mse,both_final_output_nmse,attention_vs_mlp_mse_ratio,attention_vs_mlp_nmse_ratio,attention_js_attention_only,none_logits_std_mae,none_logits_std_relative_mae,multiply_logits_std_mae,multiply_logits_std_relative_mae,divide_logits_std_mae,divide_logits_std_relative_mae,multiply_improvement,divide_delta,none_rms_abs_error,none_rms_relative_error,multiply_rms_abs_error,multiply_rms_relative_error,divide_rms_abs_error,divide_rms_relative_error,naive_output_mse,naive_output_nmse,smoothed_output_mse,smoothed_output_nmse,smoothing_improvement,smoothing_nmse_improvement,naive_saturation_ratio,smoothed_saturation_ratio
standard_normal,selective_quantization,0.014132020995020866,0.009161246009171009,0.007112756371498108,0.00461092684417963,0.021179912611842155,0.01373012363910675,0.5033077982267465,0.5033078294768845,0.003106405958533287,,,,,,,,,,,,,,,,,,,,,,
standard_normal,atm_direction,,,,,,,,,,0.0041964054107666016,0.00422360485430201,0.0041964054107666016,0.00422360485430201,0.0041964054107666016,0.00422360485430201,0.0,0.0,,,,,,,,,,,,,,
standard_normal,ohb_direction,,,,,,,,,,,,,,,,0.0,0.0,0.0025301575660705566,0.008114447564666932,0.0025301575660705566,0.008114447564666932,0.0025301575660705566,0.008114447564666932,,,,,,,,
vla_like,selective_quantization,43900.2265625,0.3098880648612976,108262.65625,0.7642171382904053,111861.4609375,0.7896208167076111,2.4661070050713363,2.4661070397546943,0.38414904475212097,,,,,,,,,,,,,,,,,,,,,,
vla_like,atm_direction,,,,,,,,,,14.721822738647461,0.46001495463189507,2.8168506622314453,0.08801854584144181,30.706758499145508,0.9594985871413052,11.904972076416016,15.984935760498047,,,,,,,,,,,,,,
vla_like,ohb_direction,,,,,,,,,,,,,,,,2.4226303100585938,2.2832717895507812,2.4226303100585938,0.05752518115942029,0.0,0.0,4.705902099609375,0.11174130434782609,,,,,,,,
standard_normal,linear_smoothing,,,,,,,,,,,,,,,,,,,,,,,,0.013545138761401176,0.013627705164253712,0.013246158137917519,0.013326901942491531,0.00029898062348365784,0.00030080322176218033,0.001007080078125,0.001007080078125
vla_like,linear_smoothing,,,,,,,,,,,,,,,,,,,,,,,,33.84564971923828,0.14725889265537262,26.12885093688965,0.11368390172719955,7.716798782348633,0.033574990928173065,0.001007080078125,0.001007080078125
