distribution,method,output_mse,cosine,activation_saturation_ratio,weight_scale_max,smooth_scale_max
standard_normal,naive_w4a8,0.013545138761401176,0.9932409524917603,0.001007080078125,0.05118737369775772,1.0
standard_normal,smoothed_w4a8,0.013246158137917519,0.9934006929397583,0.001007080078125,0.14668062329292297,4.473991870880127
vla_like_dit_mlp,naive_w4a8,33.84564971923828,0.923863410949707,0.001007080078125,2.8797783851623535,1.0
vla_like_dit_mlp,smoothed_w4a8,26.12885093688965,0.9454666972160339,0.001007080078125,0.36254170536994934,6.548569202423096
