distribution,direction,beta,teacher_rms,student_rms,rms_abs_error,rms_relative_error,post_o_mse,post_o_nmse,post_o_relative_rms_error
standard_normal,none,1.0,0.3118089735507965,0.30927881598472595,0.0025301575660705566,0.008114447564666932,0.0004009894619230181,0.004124352242797613,0.06422111702350847
standard_normal,multiply,1.0,0.3118089735507965,0.30927881598472595,0.0025301575660705566,0.008114447564666932,0.0004009894619230181,0.004124352242797613,0.06422111702350847
standard_normal,divide,1.0,0.3118089735507965,0.30927881598472595,0.0025301575660705566,0.008114447564666932,0.0004009894619230181,0.004124352242797613,0.06422111702350847
vla_like,none,1.0610363483428955,42.1142578125,39.691627502441406,2.4226303100585938,0.05752518115942029,1151.005615234375,0.6489617824554443,0.8055817028985507
vla_like,multiply,1.0610363483428955,42.1142578125,42.1142578125,0.0,0.0,1215.0313720703125,0.6850609183311462,0.8276840579710145
vla_like,divide,1.0610363483428955,42.1142578125,37.408355712890625,4.705902099609375,0.11174130434782609,1101.40771484375,0.620997428894043,0.7880338768115942
