{
  "task_suite_name": "libero_10",
  "port": 5594,
  "total_episodes": 1,
  "total_successes": 0,
  "success_rate": 0.0,
  "deterministic_policy_seeds": true,
  "policy_seed_base": 20260613,
  "policy_latency_seconds": {
    "count": 991,
    "mean": 0.10696252252752438,
    "min": 0.07177966460585594,
    "max": 1.2660212218761444,
    "p50": 0.0816408321261406,
    "p90": 0.1486039236187935,
    "p99": 0.1649523124098779
  },
  "policy_breakdown_seconds": {
    "policy_total_seconds": {
      "count": 991,
      "mean": 0.10696252252752438,
      "min": 0.07177966460585594,
      "max": 1.2660212218761444,
      "p50": 0.0816408321261406,
      "p90": 0.1486039236187935,
      "p99": 0.1649523124098779
    },
    "postprocess_seconds": {
      "count": 991,
      "mean": 9.636503130227597e-05,
      "min": 3.598257899284363e-05,
      "max": 0.0003106631338596344,
      "p50": 9.554997086524963e-05,
      "p90": 0.00010707229375839233,
      "p99": 0.0001332279294729233
    },
    "preprocess_seconds": {
      "count": 991,
      "mean": 0.00010876966157305975,
      "min": 3.90857458114624e-05,
      "max": 0.0006101056933403015,
      "p50": 0.00010642781853675842,
      "p90": 0.00012082979083061218,
      "p99": 0.00016880445182323463
    },
    "remote_get_action_seconds": {
      "count": 991,
      "mean": 0.10675454180307994,
      "min": 0.07158137112855911,
      "max": 1.2658700309693813,
      "p50": 0.08144799992442131,
      "p90": 0.14838677272200584,
      "p99": 0.16475582234561453
    }
  },
  "episodes": [
    {
      "episode_index": 1,
      "task_id": 4,
      "init_index": 9,
      "success": false,
      "deterministic_policy_seeds": true,
      "policy_seed_base": 20260613,
      "policy_latency_seconds": {
        "count": 991,
        "mean": 0.10696252252752438,
        "min": 0.07177966460585594,
        "max": 1.2660212218761444,
        "p50": 0.0816408321261406,
        "p90": 0.1486039236187935,
        "p99": 0.1649523124098779
      },
      "policy_breakdown_seconds": {
        "policy_total_seconds": {
          "count": 991,
          "mean": 0.10696252252752438,
          "min": 0.07177966460585594,
          "max": 1.2660212218761444,
          "p50": 0.0816408321261406,
          "p90": 0.1486039236187935,
          "p99": 0.1649523124098779
        },
        "postprocess_seconds": {
          "count": 991,
          "mean": 9.636503130227597e-05,
          "min": 3.598257899284363e-05,
          "max": 0.0003106631338596344,
          "p50": 9.554997086524963e-05,
          "p90": 0.00010707229375839233,
          "p99": 0.0001332279294729233
        },
        "preprocess_seconds": {
          "count": 991,
          "mean": 0.00010876966157305975,
          "min": 3.90857458114624e-05,
          "max": 0.0006101056933403015,
          "p50": 0.00010642781853675842,
          "p90": 0.00012082979083061218,
          "p99": 0.00016880445182323463
        },
        "remote_get_action_seconds": {
          "count": 991,
          "mean": 0.10675454180307994,
          "min": 0.07158137112855911,
          "max": 1.2658700309693813,
          "p50": 0.08144799992442131,
          "p90": 0.14838677272200584,
          "p99": 0.16475582234561453
        }
      }
    }
  ]
}