{
  "label": "n17_fp16",
  "writes": 53,
  "get_action_seconds": {
    "count": 51,
    "mean": 0.2427914567730006,
    "min": 0.05724092572927475,
    "max": 6.599736370146275,
    "p50": 0.09627849608659744,
    "p90": 0.14755897969007492,
    "p99": 3.8203368950635195
  },
  "extra": {
    "server_memory": {
      "allocated_mib": 6023,
      "reserved_mib": 6212,
      "max_allocated_mib": 6088,
      "max_reserved_mib": 6212
    },
    "compile_step_window_fallback": {
      "enabled": true,
      "step_start": 0,
      "step_end": 15,
      "request_index": 51,
      "compiled_requests": 36,
      "eager_requests": 15,
      "eager_fraction": 0.29411764705882354,
      "last_mode": "compiled"
    }
  }
}