{
  "task_suite_name": "libero_10",
  "port": 5583,
  "total_episodes": 1,
  "total_successes": 1,
  "success_rate": 1.0,
  "policy_latency_seconds": {
    "count": 584,
    "mean": 0.1561855111105291,
    "min": 0.09531887248158455,
    "max": 0.42515746876597404,
    "p50": 0.15998129732906818,
    "p90": 0.17192116864025594,
    "p99": 0.2757758591324085
  },
  "policy_breakdown_seconds": {
    "policy_total_seconds": {
      "count": 584,
      "mean": 0.1561855111105291,
      "min": 0.09531887248158455,
      "max": 0.42515746876597404,
      "p50": 0.15998129732906818,
      "p90": 0.17192116864025594,
      "p99": 0.2757758591324085
    },
    "postprocess_seconds": {
      "count": 584,
      "mean": 0.0001240651990759046,
      "min": 4.747137427330017e-05,
      "max": 0.0007363855838775635,
      "p50": 0.00012580864131450653,
      "p90": 0.00014338940382003785,
      "p99": 0.00017985597252845756
    },
    "preprocess_seconds": {
      "count": 584,
      "mean": 0.00012165149163505803,
      "min": 4.6391040086746216e-05,
      "max": 0.0006063580513000488,
      "p50": 0.00012440606951713562,
      "p90": 0.0001412905752658844,
      "p99": 0.00019166562706232062
    },
    "remote_get_action_seconds": {
      "count": 584,
      "mean": 0.15593663550122347,
      "min": 0.09518956393003464,
      "max": 0.42488470673561096,
      "p50": 0.15966727957129478,
      "p90": 0.17166963070631028,
      "p99": 0.27553918976336655
    }
  },
  "episodes": [
    {
      "episode_index": 1,
      "task_id": 8,
      "init_index": 10,
      "success": true,
      "policy_latency_seconds": {
        "count": 584,
        "mean": 0.1561855111105291,
        "min": 0.09531887248158455,
        "max": 0.42515746876597404,
        "p50": 0.15998129732906818,
        "p90": 0.17192116864025594,
        "p99": 0.2757758591324085
      },
      "policy_breakdown_seconds": {
        "policy_total_seconds": {
          "count": 584,
          "mean": 0.1561855111105291,
          "min": 0.09531887248158455,
          "max": 0.42515746876597404,
          "p50": 0.15998129732906818,
          "p90": 0.17192116864025594,
          "p99": 0.2757758591324085
        },
        "postprocess_seconds": {
          "count": 584,
          "mean": 0.0001240651990759046,
          "min": 4.747137427330017e-05,
          "max": 0.0007363855838775635,
          "p50": 0.00012580864131450653,
          "p90": 0.00014338940382003785,
          "p99": 0.00017985597252845756
        },
        "preprocess_seconds": {
          "count": 584,
          "mean": 0.00012165149163505803,
          "min": 4.6391040086746216e-05,
          "max": 0.0006063580513000488,
          "p50": 0.00012440606951713562,
          "p90": 0.0001412905752658844,
          "p99": 0.00019166562706232062
        },
        "remote_get_action_seconds": {
          "count": 584,
          "mean": 0.15593663550122347,
          "min": 0.09518956393003464,
          "max": 0.42488470673561096,
          "p50": 0.15966727957129478,
          "p90": 0.17166963070631028,
          "p99": 0.27553918976336655
        }
      }
    }
  ]
}