{
  "label": "n17_fp16",
  "writes": 27,
  "get_action_seconds": {
    "count": 25,
    "mean": 0.38791257932782175,
    "min": 0.05772080644965172,
    "max": 7.132475014775991,
    "p50": 0.09803036972880363,
    "p90": 0.1762614130973816,
    "p99": 5.467409493774162
  },
  "extra": {
    "server_memory": {
      "allocated_mib": 6023,
      "reserved_mib": 6218,
      "max_allocated_mib": 6092,
      "max_reserved_mib": 6218
    },
    "compile_step_window_fallback": {
      "enabled": true,
      "step_start": 10,
      "step_end": 20,
      "request_index": 25,
      "compiled_requests": 15,
      "eager_requests": 10,
      "eager_fraction": 0.4,
      "last_mode": "compiled"
    }
  }
}