{
  "task_suite_name": "libero_10",
  "port": 5560,
  "total_episodes": 1,
  "total_successes": 1,
  "success_rate": 1.0,
  "policy_latency_seconds": {
    "count": 231,
    "mean": 0.15959698805238778,
    "min": 0.09874127060174942,
    "max": 0.2913590371608734,
    "p50": 0.16245457157492638,
    "p90": 0.17554860562086105,
    "p99": 0.22329010926187026
  },
  "episodes": [
    {
      "episode_index": 1,
      "task_id": 6,
      "init_index": 1,
      "success": true,
      "policy_latency_seconds": {
        "count": 231,
        "mean": 0.15959698805238778,
        "min": 0.09874127060174942,
        "max": 0.2913590371608734,
        "p50": 0.16245457157492638,
        "p90": 0.17554860562086105,
        "p99": 0.22329010926187026
      }
    }
  ]
}