{
  "task_suite_name": "libero_10",
  "port": 5582,
  "total_episodes": 1,
  "total_successes": 0,
  "success_rate": 0.0,
  "policy_latency_seconds": {
    "count": 991,
    "mean": 0.15096429472283565,
    "min": 0.09032830595970154,
    "max": 0.7077315077185631,
    "p50": 0.15683111175894737,
    "p90": 0.16972215473651886,
    "p99": 0.28090894520282744
  },
  "policy_breakdown_seconds": {
    "policy_total_seconds": {
      "count": 991,
      "mean": 0.15096429472283565,
      "min": 0.09032830595970154,
      "max": 0.7077315077185631,
      "p50": 0.15683111175894737,
      "p90": 0.16972215473651886,
      "p99": 0.28090894520282744
    },
    "postprocess_seconds": {
      "count": 991,
      "mean": 0.00011658521536380564,
      "min": 4.4543296098709106e-05,
      "max": 0.0006112903356552124,
      "p50": 0.00011610612273216248,
      "p90": 0.00014483928680419922,
      "p99": 0.00016471110284328464
    },
    "preprocess_seconds": {
      "count": 991,
      "mean": 0.00010680015209223981,
      "min": 4.379451274871826e-05,
      "max": 0.00041073933243751526,
      "p50": 0.00010843947529792786,
      "p90": 0.000128868967294693,
      "p99": 0.0001621738076210024
    },
    "remote_get_action_seconds": {
      "count": 991,
      "mean": 0.15073792712328773,
      "min": 0.09016283228993416,
      "max": 0.7075850963592529,
      "p50": 0.1565982960164547,
      "p90": 0.16948484256863594,
      "p99": 0.28069930896162987
    }
  },
  "episodes": [
    {
      "episode_index": 1,
      "task_id": 6,
      "init_index": 4,
      "success": false,
      "policy_latency_seconds": {
        "count": 991,
        "mean": 0.15096429472283565,
        "min": 0.09032830595970154,
        "max": 0.7077315077185631,
        "p50": 0.15683111175894737,
        "p90": 0.16972215473651886,
        "p99": 0.28090894520282744
      },
      "policy_breakdown_seconds": {
        "policy_total_seconds": {
          "count": 991,
          "mean": 0.15096429472283565,
          "min": 0.09032830595970154,
          "max": 0.7077315077185631,
          "p50": 0.15683111175894737,
          "p90": 0.16972215473651886,
          "p99": 0.28090894520282744
        },
        "postprocess_seconds": {
          "count": 991,
          "mean": 0.00011658521536380564,
          "min": 4.4543296098709106e-05,
          "max": 0.0006112903356552124,
          "p50": 0.00011610612273216248,
          "p90": 0.00014483928680419922,
          "p99": 0.00016471110284328464
        },
        "preprocess_seconds": {
          "count": 991,
          "mean": 0.00010680015209223981,
          "min": 4.379451274871826e-05,
          "max": 0.00041073933243751526,
          "p50": 0.00010843947529792786,
          "p90": 0.000128868967294693,
          "p99": 0.0001621738076210024
        },
        "remote_get_action_seconds": {
          "count": 991,
          "mean": 0.15073792712328773,
          "min": 0.09016283228993416,
          "max": 0.7075850963592529,
          "p50": 0.1565982960164547,
          "p90": 0.16948484256863594,
          "p99": 0.28069930896162987
        }
      }
    }
  ]
}