{
  "label": "fp16_official",
  "writes": 31,
  "get_action_seconds": {
    "count": 1474,
    "mean": 0.15481893552449535,
    "min": 0.08574855327606201,
    "max": 0.8039019368588924,
    "p50": 0.15597226656973362,
    "p90": 0.16511519588530066,
    "p99": 0.1908626028895378
  }
}