{
  "task_suite_name": "libero_10",
  "port": 5563,
  "total_episodes": 1,
  "total_successes": 1,
  "success_rate": 1.0,
  "policy_latency_seconds": {
    "count": 243,
    "mean": 0.15613448523260928,
    "min": 0.09027454629540443,
    "max": 0.6422728486359119,
    "p50": 0.16119545325636864,
    "p90": 0.1687270388007164,
    "p99": 0.20158144168555736
  },
  "policy_breakdown_seconds": {
    "policy_total_seconds": {
      "count": 243,
      "mean": 0.15613448523260928,
      "min": 0.09027454629540443,
      "max": 0.6422728486359119,
      "p50": 0.16119545325636864,
      "p90": 0.1687270388007164,
      "p99": 0.20158144168555736
    },
    "postprocess_seconds": {
      "count": 243,
      "mean": 0.000114546329886825,
      "min": 4.009529948234558e-05,
      "max": 0.00028859078884124756,
      "p50": 0.00011295825242996216,
      "p90": 0.00013118013739585877,
      "p99": 0.00022119171917438465
    },
    "preprocess_seconds": {
      "count": 243,
      "mean": 0.00011775211848839811,
      "min": 4.13060188293457e-05,
      "max": 0.0003211311995983124,
      "p50": 0.0001179426908493042,
      "p90": 0.0001332983374595642,
      "p99": 0.0001894497871398918
    },
    "remote_get_action_seconds": {
      "count": 243,
      "mean": 0.15589879917693727,
      "min": 0.09003391489386559,
      "max": 0.6421097181737423,
      "p50": 0.16097769513726234,
      "p90": 0.1685059055685997,
      "p99": 0.2013338926434517
    }
  },
  "episodes": [
    {
      "episode_index": 1,
      "task_id": 6,
      "init_index": 1,
      "success": true,
      "policy_latency_seconds": {
        "count": 243,
        "mean": 0.15613448523260928,
        "min": 0.09027454629540443,
        "max": 0.6422728486359119,
        "p50": 0.16119545325636864,
        "p90": 0.1687270388007164,
        "p99": 0.20158144168555736
      },
      "policy_breakdown_seconds": {
        "policy_total_seconds": {
          "count": 243,
          "mean": 0.15613448523260928,
          "min": 0.09027454629540443,
          "max": 0.6422728486359119,
          "p50": 0.16119545325636864,
          "p90": 0.1687270388007164,
          "p99": 0.20158144168555736
        },
        "postprocess_seconds": {
          "count": 243,
          "mean": 0.000114546329886825,
          "min": 4.009529948234558e-05,
          "max": 0.00028859078884124756,
          "p50": 0.00011295825242996216,
          "p90": 0.00013118013739585877,
          "p99": 0.00022119171917438465
        },
        "preprocess_seconds": {
          "count": 243,
          "mean": 0.00011775211848839811,
          "min": 4.13060188293457e-05,
          "max": 0.0003211311995983124,
          "p50": 0.0001179426908493042,
          "p90": 0.0001332983374595642,
          "p99": 0.0001894497871398918
        },
        "remote_get_action_seconds": {
          "count": 243,
          "mean": 0.15589879917693727,
          "min": 0.09003391489386559,
          "max": 0.6421097181737423,
          "p50": 0.16097769513726234,
          "p90": 0.1685059055685997,
          "p99": 0.2013338926434517
        }
      }
    }
  ]
}