{
  "label": "fp16_official",
  "writes": 184,
  "get_action_seconds": {
    "count": 9129,
    "mean": 0.1488225443448036,
    "min": 0.08369876816868782,
    "max": 0.6780806928873062,
    "p50": 0.15634141489863396,
    "p90": 0.16253428608179094,
    "p99": 0.19200936704874033
  }
}