{
  "label": "n17_fp16",
  "writes": 32,
  "get_action_seconds": {
    "count": 30,
    "mean": 0.158624450614055,
    "min": 0.09397787600755692,
    "max": 0.8562506102025509,
    "p50": 0.11441263742744923,
    "p90": 0.1905316360294819,
    "p99": 0.712113102562726
  },
  "extra": {
    "server_memory": {
      "allocated_mib": 6023,
      "reserved_mib": 6188,
      "max_allocated_mib": 6090,
      "max_reserved_mib": 6188
    },
    "compile_step_window_fallback": {
      "enabled": true,
      "step_start": 0,
      "step_end": 30,
      "request_index": 30,
      "compiled_requests": 0,
      "eager_requests": 30,
      "eager_fraction": 1.0,
      "last_mode": "eager"
    }
  }
}