{
  "label": "n17_fp16",
  "writes": 30,
  "get_action_seconds": {
    "count": 28,
    "mean": 0.14140059971915825,
    "min": 0.09384801983833313,
    "max": 0.9856246113777161,
    "p50": 0.09752312302589417,
    "p90": 0.17076106294989585,
    "p99": 0.7695093311741952
  },
  "extra": {
    "server_memory": {
      "allocated_mib": 6023,
      "reserved_mib": 6190,
      "max_allocated_mib": 6092,
      "max_reserved_mib": 6190
    }
  }
}