{
  "task_suite_name": "libero_10",
  "port": 5582,
  "total_episodes": 1,
  "total_successes": 0,
  "success_rate": 0.0,
  "deterministic_policy_seeds": true,
  "policy_seed_base": 20260609,
  "policy_latency_seconds": {
    "count": 991,
    "mean": 0.1435278134399839,
    "min": 0.08754876255989075,
    "max": 0.8039715625345707,
    "p50": 0.152131088078022,
    "p90": 0.1685114987194538,
    "p99": 0.4020020965486767
  },
  "policy_breakdown_seconds": {
    "policy_total_seconds": {
      "count": 991,
      "mean": 0.1435278134399839,
      "min": 0.08754876255989075,
      "max": 0.8039715625345707,
      "p50": 0.152131088078022,
      "p90": 0.1685114987194538,
      "p99": 0.4020020965486767
    },
    "postprocess_seconds": {
      "count": 991,
      "mean": 0.00010972453880863402,
      "min": 3.938749432563782e-05,
      "max": 0.0003069639205932617,
      "p50": 0.00011474266648292542,
      "p90": 0.00013682246208190918,
      "p99": 0.00016871206462383277
    },
    "preprocess_seconds": {
      "count": 991,
      "mean": 0.00010816171750290964,
      "min": 4.2766332626342773e-05,
      "max": 0.00038679689168930054,
      "p50": 0.00011619925498962402,
      "p90": 0.00013545900583267212,
      "p99": 0.00017722696065902715
    },
    "remote_get_action_seconds": {
      "count": 991,
      "mean": 0.14330692807688,
      "min": 0.08745778352022171,
      "max": 0.8038057014346123,
      "p50": 0.15188538655638695,
      "p90": 0.16826456040143967,
      "p99": 0.40181552246212976
    }
  },
  "episodes": [
    {
      "episode_index": 1,
      "task_id": 6,
      "init_index": 3,
      "success": false,
      "deterministic_policy_seeds": true,
      "policy_seed_base": 20260609,
      "policy_latency_seconds": {
        "count": 991,
        "mean": 0.1435278134399839,
        "min": 0.08754876255989075,
        "max": 0.8039715625345707,
        "p50": 0.152131088078022,
        "p90": 0.1685114987194538,
        "p99": 0.4020020965486767
      },
      "policy_breakdown_seconds": {
        "policy_total_seconds": {
          "count": 991,
          "mean": 0.1435278134399839,
          "min": 0.08754876255989075,
          "max": 0.8039715625345707,
          "p50": 0.152131088078022,
          "p90": 0.1685114987194538,
          "p99": 0.4020020965486767
        },
        "postprocess_seconds": {
          "count": 991,
          "mean": 0.00010972453880863402,
          "min": 3.938749432563782e-05,
          "max": 0.0003069639205932617,
          "p50": 0.00011474266648292542,
          "p90": 0.00013682246208190918,
          "p99": 0.00016871206462383277
        },
        "preprocess_seconds": {
          "count": 991,
          "mean": 0.00010816171750290964,
          "min": 4.2766332626342773e-05,
          "max": 0.00038679689168930054,
          "p50": 0.00011619925498962402,
          "p90": 0.00013545900583267212,
          "p99": 0.00017722696065902715
        },
        "remote_get_action_seconds": {
          "count": 991,
          "mean": 0.14330692807688,
          "min": 0.08745778352022171,
          "max": 0.8038057014346123,
          "p50": 0.15188538655638695,
          "p90": 0.16826456040143967,
          "p99": 0.40181552246212976
        }
      }
    }
  ]
}