{
  "label": "n17_fp16",
  "writes": 33,
  "get_action_seconds": {
    "count": 31,
    "mean": 0.3274226153810178,
    "min": 0.05664392188191414,
    "max": 6.934979002922773,
    "p50": 0.10000394657254219,
    "p90": 0.1712084263563156,
    "p99": 4.917660392448301
  },
  "extra": {
    "server_memory": {
      "allocated_mib": 6023,
      "reserved_mib": 6216,
      "max_allocated_mib": 6090,
      "max_reserved_mib": 6216
    },
    "compile_step_window_fallback": {
      "enabled": true,
      "step_start": 10,
      "step_end": 30,
      "request_index": 31,
      "compiled_requests": 11,
      "eager_requests": 20,
      "eager_fraction": 0.6451612903225806,
      "last_mode": "compiled"
    }
  }
}