{
  "label": "n17_fp16",
  "writes": 30,
  "get_action_seconds": {
    "count": 28,
    "mean": 0.33268331097705023,
    "min": 0.05529490485787392,
    "max": 7.117591116577387,
    "p50": 0.08006713166832924,
    "p90": 0.12885572016239166,
    "p99": 5.234512147232893
  },
  "extra": {
    "server_memory": {
      "allocated_mib": 6023,
      "reserved_mib": 6218,
      "max_allocated_mib": 6092,
      "max_reserved_mib": 6218
    }
  }
}