{
  "label": "n17_fp16",
  "writes": 26,
  "get_action_seconds": {
    "count": 24,
    "mean": 0.4204211588948965,
    "min": 0.057635385543107986,
    "max": 7.701869517564774,
    "p50": 0.09953511506319046,
    "p90": 0.16564889028668403,
    "p99": 5.969954515285787
  },
  "extra": {
    "server_memory": {
      "allocated_mib": 6023,
      "reserved_mib": 6218,
      "max_allocated_mib": 6092,
      "max_reserved_mib": 6218
    },
    "compile_step_window_fallback": {
      "enabled": true,
      "step_start": 5,
      "step_end": 20,
      "request_index": 24,
      "compiled_requests": 9,
      "eager_requests": 15,
      "eager_fraction": 0.625,
      "last_mode": "compiled"
    }
  }
}