{
  "label": "n17_fp16",
  "writes": 92,
  "get_action_seconds": {
    "count": 90,
    "mean": 0.17514698497123188,
    "min": 0.05474531650543213,
    "max": 7.451761499047279,
    "p50": 0.0929486695677042,
    "p90": 0.13547356352210052,
    "p99": 0.981307497397061
  },
  "extra": {
    "server_memory": {
      "allocated_mib": 6023,
      "reserved_mib": 6212,
      "max_allocated_mib": 6088,
      "max_reserved_mib": 6212
    },
    "compile_step_window_fallback": {
      "enabled": true,
      "step_start": 20,
      "step_end": 50,
      "request_index": 90,
      "compiled_requests": 60,
      "eager_requests": 30,
      "eager_fraction": 0.3333333333333333,
      "last_mode": "compiled"
    }
  }
}