{
  "task_suite_name": "libero_10",
  "port": 5582,
  "total_episodes": 1,
  "total_successes": 1,
  "success_rate": 1.0,
  "policy_latency_seconds": {
    "count": 274,
    "mean": 0.12751741205634426,
    "min": 0.08609163388609886,
    "max": 0.747360099107027,
    "p50": 0.09756053984165192,
    "p90": 0.1728840008378029,
    "p99": 0.48677643671631804
  },
  "policy_breakdown_seconds": {
    "policy_total_seconds": {
      "count": 274,
      "mean": 0.12751741205634426,
      "min": 0.08609163388609886,
      "max": 0.747360099107027,
      "p50": 0.09756053984165192,
      "p90": 0.1728840008378029,
      "p99": 0.48677643671631804
    },
    "postprocess_seconds": {
      "count": 274,
      "mean": 8.235999593769548e-05,
      "min": 3.701448440551758e-05,
      "max": 0.0002009943127632141,
      "p50": 7.830187678337097e-05,
      "p90": 0.00011691413819789887,
      "p99": 0.0001762393116950986
    },
    "preprocess_seconds": {
      "count": 274,
      "mean": 8.358879789818813e-05,
      "min": 3.956258296966553e-05,
      "max": 0.00029169023036956787,
      "p50": 7.968954741954803e-05,
      "p90": 0.00012029372155666353,
      "p99": 0.0001849068328738212
    },
    "remote_get_action_seconds": {
      "count": 274,
      "mean": 0.1273493401597451,
      "min": 0.08598911389708519,
      "max": 0.7470600493252277,
      "p50": 0.09740853123366833,
      "p90": 0.17272506952285765,
      "p99": 0.48665827952325336
    }
  },
  "episodes": [
    {
      "episode_index": 1,
      "task_id": 4,
      "init_index": 6,
      "success": true,
      "policy_latency_seconds": {
        "count": 274,
        "mean": 0.12751741205634426,
        "min": 0.08609163388609886,
        "max": 0.747360099107027,
        "p50": 0.09756053984165192,
        "p90": 0.1728840008378029,
        "p99": 0.48677643671631804
      },
      "policy_breakdown_seconds": {
        "policy_total_seconds": {
          "count": 274,
          "mean": 0.12751741205634426,
          "min": 0.08609163388609886,
          "max": 0.747360099107027,
          "p50": 0.09756053984165192,
          "p90": 0.1728840008378029,
          "p99": 0.48677643671631804
        },
        "postprocess_seconds": {
          "count": 274,
          "mean": 8.235999593769548e-05,
          "min": 3.701448440551758e-05,
          "max": 0.0002009943127632141,
          "p50": 7.830187678337097e-05,
          "p90": 0.00011691413819789887,
          "p99": 0.0001762393116950986
        },
        "preprocess_seconds": {
          "count": 274,
          "mean": 8.358879789818813e-05,
          "min": 3.956258296966553e-05,
          "max": 0.00029169023036956787,
          "p50": 7.968954741954803e-05,
          "p90": 0.00012029372155666353,
          "p99": 0.0001849068328738212
        },
        "remote_get_action_seconds": {
          "count": 274,
          "mean": 0.1273493401597451,
          "min": 0.08598911389708519,
          "max": 0.7470600493252277,
          "p50": 0.09740853123366833,
          "p90": 0.17272506952285765,
          "p99": 0.48665827952325336
        }
      }
    }
  ]
}