{
  "label": "n17_fp16",
  "writes": 32,
  "get_action_seconds": {
    "count": 30,
    "mean": 0.3246833670884371,
    "min": 0.05445343255996704,
    "max": 7.223132759332657,
    "p50": 0.08256297931075096,
    "p90": 0.14845284298062325,
    "p99": 5.184702426604932
  },
  "extra": {
    "server_memory": {
      "allocated_mib": 6023,
      "reserved_mib": 6216,
      "max_allocated_mib": 6090,
      "max_reserved_mib": 6216
    },
    "compile_step_window_fallback": {
      "enabled": true,
      "step_start": 5,
      "step_end": 15,
      "request_index": 30,
      "compiled_requests": 20,
      "eager_requests": 10,
      "eager_fraction": 0.3333333333333333,
      "last_mode": "compiled"
    }
  }
}