{
  "label": "n17_fp16",
  "writes": 30,
  "get_action_seconds": {
    "count": 28,
    "mean": 0.38701550622603725,
    "min": 0.07198935002088547,
    "max": 6.824472464621067,
    "p50": 0.10855386406183243,
    "p90": 0.19525280594825747,
    "p99": 5.252693653479221
  },
  "extra": {
    "server_memory": {
      "allocated_mib": 6023,
      "reserved_mib": 6216,
      "max_allocated_mib": 6090,
      "max_reserved_mib": 6216
    },
    "compile_step_window_fallback": {
      "enabled": true,
      "step_start": 0,
      "step_end": 20,
      "request_index": 28,
      "compiled_requests": 8,
      "eager_requests": 20,
      "eager_fraction": 0.7142857142857143,
      "last_mode": "compiled"
    }
  }
}