{
  "task_suite_name": "libero_10",
  "port": 5568,
  "total_episodes": 1,
  "total_successes": 1,
  "success_rate": 1.0,
  "policy_latency_seconds": {
    "count": 420,
    "mean": 0.1655668977470625,
    "min": 0.1447988748550415,
    "max": 0.5084416307508945,
    "p50": 0.16140876337885857,
    "p90": 0.17953041195869446,
    "p99": 0.2776427455246449
  },
  "policy_breakdown_seconds": {
    "policy_total_seconds": {
      "count": 420,
      "mean": 0.1655668977470625,
      "min": 0.1447988748550415,
      "max": 0.5084416307508945,
      "p50": 0.16140876337885857,
      "p90": 0.17953041195869446,
      "p99": 0.2776427455246449
    },
    "postprocess_seconds": {
      "count": 420,
      "mean": 0.00011109372689610436,
      "min": 4.140287637710571e-05,
      "max": 0.0004190802574157715,
      "p50": 0.00011230260133743286,
      "p90": 0.00013366974890232085,
      "p99": 0.00017259228974580765
    },
    "preprocess_seconds": {
      "count": 420,
      "mean": 0.0001117480652672904,
      "min": 4.4576823711395264e-05,
      "max": 0.0003727562725543976,
      "p50": 0.00011429563164710999,
      "p90": 0.00013209134340286255,
      "p99": 0.0001560842990875244
    },
    "remote_get_action_seconds": {
      "count": 420,
      "mean": 0.16534107883593865,
      "min": 0.1445760689675808,
      "max": 0.5082933939993382,
      "p50": 0.16117556765675545,
      "p90": 0.17927165739238263,
      "p99": 0.27740970641374596
    }
  },
  "episodes": [
    {
      "episode_index": 1,
      "task_id": 6,
      "init_index": 1,
      "success": true,
      "policy_latency_seconds": {
        "count": 420,
        "mean": 0.1655668977470625,
        "min": 0.1447988748550415,
        "max": 0.5084416307508945,
        "p50": 0.16140876337885857,
        "p90": 0.17953041195869446,
        "p99": 0.2776427455246449
      },
      "policy_breakdown_seconds": {
        "policy_total_seconds": {
          "count": 420,
          "mean": 0.1655668977470625,
          "min": 0.1447988748550415,
          "max": 0.5084416307508945,
          "p50": 0.16140876337885857,
          "p90": 0.17953041195869446,
          "p99": 0.2776427455246449
        },
        "postprocess_seconds": {
          "count": 420,
          "mean": 0.00011109372689610436,
          "min": 4.140287637710571e-05,
          "max": 0.0004190802574157715,
          "p50": 0.00011230260133743286,
          "p90": 0.00013366974890232085,
          "p99": 0.00017259228974580765
        },
        "preprocess_seconds": {
          "count": 420,
          "mean": 0.0001117480652672904,
          "min": 4.4576823711395264e-05,
          "max": 0.0003727562725543976,
          "p50": 0.00011429563164710999,
          "p90": 0.00013209134340286255,
          "p99": 0.0001560842990875244
        },
        "remote_get_action_seconds": {
          "count": 420,
          "mean": 0.16534107883593865,
          "min": 0.1445760689675808,
          "max": 0.5082933939993382,
          "p50": 0.16117556765675545,
          "p90": 0.17927165739238263,
          "p99": 0.27740970641374596
        }
      }
    }
  ]
}