{
  "label": "n17_fp16",
  "writes": 33,
  "get_action_seconds": {
    "count": 31,
    "mean": 0.3238681006816126,
    "min": 0.05609368532896042,
    "max": 6.577918499708176,
    "p50": 0.0904354378581047,
    "p90": 0.13688235729932785,
    "p99": 4.865952698886391
  },
  "extra": {
    "server_memory": {
      "allocated_mib": 6023,
      "reserved_mib": 6216,
      "max_allocated_mib": 6090,
      "max_reserved_mib": 6216
    },
    "compile_step_window_fallback": {
      "enabled": true,
      "step_start": 0,
      "step_end": 10,
      "request_index": 31,
      "compiled_requests": 21,
      "eager_requests": 10,
      "eager_fraction": 0.3225806451612903,
      "last_mode": "compiled"
    }
  }
}