{
  "task_suite_name": "libero_10",
  "port": 5582,
  "total_episodes": 1,
  "total_successes": 0,
  "success_rate": 0.0,
  "policy_latency_seconds": {
    "count": 991,
    "mean": 0.13875514123772997,
    "min": 0.08591729030013084,
    "max": 0.8366568423807621,
    "p50": 0.14999987185001373,
    "p90": 0.17032335698604584,
    "p99": 0.29880037792027
  },
  "policy_breakdown_seconds": {
    "policy_total_seconds": {
      "count": 991,
      "mean": 0.13875514123772997,
      "min": 0.08591729030013084,
      "max": 0.8366568423807621,
      "p50": 0.14999987185001373,
      "p90": 0.17032335698604584,
      "p99": 0.29880037792027
    },
    "postprocess_seconds": {
      "count": 991,
      "mean": 0.00011786679416804694,
      "min": 3.563240170478821e-05,
      "max": 0.004127934575080872,
      "p50": 0.00012510642409324646,
      "p90": 0.0001520998775959015,
      "p99": 0.0001847021281719208
    },
    "preprocess_seconds": {
      "count": 991,
      "mean": 0.00011251433014749398,
      "min": 3.8232654333114624e-05,
      "max": 0.003898903727531433,
      "p50": 0.00012135878205299377,
      "p90": 0.0001396089792251587,
      "p99": 0.00019971504807472234
    },
    "remote_get_action_seconds": {
      "count": 991,
      "mean": 0.13852176082618423,
      "min": 0.0858120545744896,
      "max": 0.8364811576902866,
      "p50": 0.14972463995218277,
      "p90": 0.16996046528220177,
      "p99": 0.2985465805977583
    }
  },
  "episodes": [
    {
      "episode_index": 1,
      "task_id": 8,
      "init_index": 10,
      "success": false,
      "policy_latency_seconds": {
        "count": 991,
        "mean": 0.13875514123772997,
        "min": 0.08591729030013084,
        "max": 0.8366568423807621,
        "p50": 0.14999987185001373,
        "p90": 0.17032335698604584,
        "p99": 0.29880037792027
      },
      "policy_breakdown_seconds": {
        "policy_total_seconds": {
          "count": 991,
          "mean": 0.13875514123772997,
          "min": 0.08591729030013084,
          "max": 0.8366568423807621,
          "p50": 0.14999987185001373,
          "p90": 0.17032335698604584,
          "p99": 0.29880037792027
        },
        "postprocess_seconds": {
          "count": 991,
          "mean": 0.00011786679416804694,
          "min": 3.563240170478821e-05,
          "max": 0.004127934575080872,
          "p50": 0.00012510642409324646,
          "p90": 0.0001520998775959015,
          "p99": 0.0001847021281719208
        },
        "preprocess_seconds": {
          "count": 991,
          "mean": 0.00011251433014749398,
          "min": 3.8232654333114624e-05,
          "max": 0.003898903727531433,
          "p50": 0.00012135878205299377,
          "p90": 0.0001396089792251587,
          "p99": 0.00019971504807472234
        },
        "remote_get_action_seconds": {
          "count": 991,
          "mean": 0.13852176082618423,
          "min": 0.0858120545744896,
          "max": 0.8364811576902866,
          "p50": 0.14972463995218277,
          "p90": 0.16996046528220177,
          "p99": 0.2985465805977583
        }
      }
    }
  ]
}