{
  "label": "fp16_official",
  "writes": 21,
  "get_action_seconds": {
    "count": 991,
    "mean": 0.1338637988454278,
    "min": 0.08343477919697762,
    "max": 0.8308985680341721,
    "p50": 0.14422233775258064,
    "p90": 0.16483480110764503,
    "p99": 0.2933334484696388
  }
}