{
  "label": "cutlass_fp4:dit_mlp_only",
  "writes": 23,
  "get_action_seconds": {
    "count": 420,
    "mean": 0.157247844373896,
    "min": 0.147210743278265,
    "max": 0.2310844473540783,
    "p50": 0.15616021305322647,
    "p90": 0.16396236680448056,
    "p99": 0.20692803706973797
  }
}