{
  "label": "n17_fp16",
  "writes": 92,
  "get_action_seconds": {
    "count": 90,
    "mean": 0.17050289077063402,
    "min": 0.05514957383275032,
    "max": 6.310316566377878,
    "p50": 0.09232017397880554,
    "p90": 0.1286380410194397,
    "p99": 1.6189877446368306
  },
  "extra": {
    "server_memory": {
      "allocated_mib": 6023,
      "reserved_mib": 6212,
      "max_allocated_mib": 6088,
      "max_reserved_mib": 6212
    },
    "compile_step_window_fallback": {
      "enabled": true,
      "step_start": 0,
      "step_end": 15,
      "request_index": 90,
      "compiled_requests": 75,
      "eager_requests": 15,
      "eager_fraction": 0.16666666666666666,
      "last_mode": "compiled"
    }
  }
}