{
  "label": "n17_fp16",
  "writes": 92,
  "get_action_seconds": {
    "count": 90,
    "mean": 0.1754358537081215,
    "min": 0.05327291414141655,
    "max": 6.40722643956542,
    "p50": 0.0942761730402708,
    "p90": 0.14163356348872205,
    "p99": 1.643759068623182
  },
  "extra": {
    "server_memory": {
      "allocated_mib": 6023,
      "reserved_mib": 6212,
      "max_allocated_mib": 6088,
      "max_reserved_mib": 6212
    },
    "compile_step_window_fallback": {
      "enabled": true,
      "step_start": 0,
      "step_end": 20,
      "request_index": 90,
      "compiled_requests": 70,
      "eager_requests": 20,
      "eager_fraction": 0.2222222222222222,
      "last_mode": "compiled"
    }
  }
}