{
  "task_suite_name": "libero_10",
  "port": 5583,
  "total_episodes": 1,
  "total_successes": 0,
  "success_rate": 0.0,
  "deterministic_policy_seeds": true,
  "policy_seed_base": 20260609,
  "policy_latency_seconds": {
    "count": 991,
    "mean": 0.14564256676436071,
    "min": 0.09185005351901054,
    "max": 0.9304721802473068,
    "p50": 0.15498940274119377,
    "p90": 0.17159834876656532,
    "p99": 0.31815435104072104
  },
  "policy_breakdown_seconds": {
    "policy_total_seconds": {
      "count": 991,
      "mean": 0.14564256676436071,
      "min": 0.09185005351901054,
      "max": 0.9304721802473068,
      "p50": 0.15498940274119377,
      "p90": 0.17159834876656532,
      "p99": 0.31815435104072104
    },
    "postprocess_seconds": {
      "count": 991,
      "mean": 0.00011852179493240102,
      "min": 4.9076974391937256e-05,
      "max": 0.0003352351486682892,
      "p50": 0.00012824684381484985,
      "p90": 0.0001598857343196869,
      "p99": 0.00018774457275867466
    },
    "preprocess_seconds": {
      "count": 991,
      "mean": 0.00011280718833719325,
      "min": 4.73707914352417e-05,
      "max": 0.0004298388957977295,
      "p50": 0.00012869760394096375,
      "p90": 0.00014794990420341492,
      "p99": 0.00019967220723629016
    },
    "remote_get_action_seconds": {
      "count": 991,
      "mean": 0.14540829245230383,
      "min": 0.09174054861068726,
      "max": 0.9302527979016304,
      "p50": 0.1546783410012722,
      "p90": 0.17134254425764084,
      "p99": 0.31789454333484185
    }
  },
  "episodes": [
    {
      "episode_index": 1,
      "task_id": 8,
      "init_index": 10,
      "success": false,
      "deterministic_policy_seeds": true,
      "policy_seed_base": 20260609,
      "policy_latency_seconds": {
        "count": 991,
        "mean": 0.14564256676436071,
        "min": 0.09185005351901054,
        "max": 0.9304721802473068,
        "p50": 0.15498940274119377,
        "p90": 0.17159834876656532,
        "p99": 0.31815435104072104
      },
      "policy_breakdown_seconds": {
        "policy_total_seconds": {
          "count": 991,
          "mean": 0.14564256676436071,
          "min": 0.09185005351901054,
          "max": 0.9304721802473068,
          "p50": 0.15498940274119377,
          "p90": 0.17159834876656532,
          "p99": 0.31815435104072104
        },
        "postprocess_seconds": {
          "count": 991,
          "mean": 0.00011852179493240102,
          "min": 4.9076974391937256e-05,
          "max": 0.0003352351486682892,
          "p50": 0.00012824684381484985,
          "p90": 0.0001598857343196869,
          "p99": 0.00018774457275867466
        },
        "preprocess_seconds": {
          "count": 991,
          "mean": 0.00011280718833719325,
          "min": 4.73707914352417e-05,
          "max": 0.0004298388957977295,
          "p50": 0.00012869760394096375,
          "p90": 0.00014794990420341492,
          "p99": 0.00019967220723629016
        },
        "remote_get_action_seconds": {
          "count": 991,
          "mean": 0.14540829245230383,
          "min": 0.09174054861068726,
          "max": 0.9302527979016304,
          "p50": 0.1546783410012722,
          "p90": 0.17134254425764084,
          "p99": 0.31789454333484185
        }
      }
    }
  ]
}