{
  "label": "fp16_official",
  "writes": 21,
  "get_action_seconds": {
    "count": 991,
    "mean": 0.14134645861630843,
    "min": 0.08599760755896568,
    "max": 0.685003150254488,
    "p50": 0.1489982083439827,
    "p90": 0.16540110111236572,
    "p99": 0.3189640671014793
  }
}