{
  "task_suite_name": "libero_10",
  "port": 5592,
  "total_episodes": 5,
  "total_successes": 3,
  "success_rate": 0.6,
  "deterministic_policy_seeds": true,
  "policy_seed_base": 20260613,
  "policy_latency_seconds": {
    "count": 3370,
    "mean": 0.1521576210347941,
    "min": 0.08730937540531158,
    "max": 0.237800233066082,
    "p50": 0.16109145805239677,
    "p90": 0.16787871308624744,
    "p99": 0.18177420638501635
  },
  "policy_breakdown_seconds": {
    "policy_total_seconds": {
      "count": 3370,
      "mean": 0.1521576210347941,
      "min": 0.08730937540531158,
      "max": 0.237800233066082,
      "p50": 0.16109145805239677,
      "p90": 0.16787871308624744,
      "p99": 0.18177420638501635
    },
    "postprocess_seconds": {
      "count": 3370,
      "mean": 0.00010129036796375976,
      "min": 3.447011113166809e-05,
      "max": 0.0008668862283229828,
      "p50": 9.958259761333466e-05,
      "p90": 0.00011900477111339569,
      "p99": 0.0001554552465677261
    },
    "preprocess_seconds": {
      "count": 3370,
      "mean": 0.00011248260250077403,
      "min": 3.835931420326233e-05,
      "max": 0.0008028894662857056,
      "p50": 0.00011281110346317291,
      "p90": 0.00012831054627895355,
      "p99": 0.00015916105359792702
    },
    "remote_get_action_seconds": {
      "count": 3370,
      "mean": 0.1519412297313309,
      "min": 0.08723217621445656,
      "max": 0.237575002014637,
      "p50": 0.16087674722075462,
      "p90": 0.16767172701656818,
      "p99": 0.18164598919451228
    }
  },
  "episodes": [
    {
      "episode_index": 1,
      "task_id": 4,
      "init_index": 9,
      "success": true,
      "deterministic_policy_seeds": true,
      "policy_seed_base": 20260613,
      "policy_latency_seconds": {
        "count": 224,
        "mean": 0.14627788099460304,
        "min": 0.08815573155879974,
        "max": 0.1789809875190258,
        "p50": 0.15583987720310688,
        "p90": 0.16784351021051408,
        "p99": 0.17693087045103312
      },
      "policy_breakdown_seconds": {
        "policy_total_seconds": {
          "count": 224,
          "mean": 0.14627788099460304,
          "min": 0.08815573155879974,
          "max": 0.1789809875190258,
          "p50": 0.15583987720310688,
          "p90": 0.16784351021051408,
          "p99": 0.17693087045103312
        },
        "postprocess_seconds": {
          "count": 224,
          "mean": 0.00010263480778251375,
          "min": 3.658607602119446e-05,
          "max": 0.0007903240621089935,
          "p50": 9.796582162380219e-05,
          "p90": 0.00012089125812053689,
          "p99": 0.00031043093651533164
        },
        "preprocess_seconds": {
          "count": 224,
          "mean": 0.00011799072048493795,
          "min": 4.552304744720459e-05,
          "max": 0.0008028894662857056,
          "p50": 0.00011411122977733612,
          "p90": 0.00013808012008666992,
          "p99": 0.0002239352092146879
        },
        "remote_get_action_seconds": {
          "count": 224,
          "mean": 0.14605415042024106,
          "min": 0.08798985183238983,
          "max": 0.17875172942876816,
          "p50": 0.15555562265217304,
          "p90": 0.16764171794056892,
          "p99": 0.17667470403015614
        }
      }
    },
    {
      "episode_index": 2,
      "task_id": 6,
      "init_index": 8,
      "success": true,
      "deterministic_policy_seeds": true,
      "policy_seed_base": 20260613,
      "policy_latency_seconds": {
        "count": 649,
        "mean": 0.15266131440920896,
        "min": 0.08730937540531158,
        "max": 0.237800233066082,
        "p50": 0.16035499796271324,
        "p90": 0.1680648669600487,
        "p99": 0.19619116634130476
      },
      "policy_breakdown_seconds": {
        "policy_total_seconds": {
          "count": 649,
          "mean": 0.15266131440920896,
          "min": 0.08730937540531158,
          "max": 0.237800233066082,
          "p50": 0.16035499796271324,
          "p90": 0.1680648669600487,
          "p99": 0.19619116634130476
        },
        "postprocess_seconds": {
          "count": 649,
          "mean": 0.00010545472564241735,
          "min": 3.503262996673584e-05,
          "max": 0.0008668862283229828,
          "p50": 0.00010103359818458557,
          "p90": 0.00011987760663032534,
          "p99": 0.00017149031162261907
        },
        "preprocess_seconds": {
          "count": 649,
          "mean": 0.00011178767322942913,
          "min": 3.889203071594238e-05,
          "max": 0.00026058778166770935,
          "p50": 0.00011001899838447571,
          "p90": 0.0001301996409893036,
          "p99": 0.00015675097703933712
        },
        "remote_get_action_seconds": {
          "count": 649,
          "mean": 0.15244105302130312,
          "min": 0.08723217621445656,
          "max": 0.237575002014637,
          "p50": 0.1601220741868019,
          "p90": 0.16783674433827403,
          "p99": 0.19598697915673255
        }
      }
    },
    {
      "episode_index": 3,
      "task_id": 8,
      "init_index": 4,
      "success": true,
      "deterministic_policy_seeds": true,
      "policy_seed_base": 20260613,
      "policy_latency_seconds": {
        "count": 515,
        "mean": 0.15574143562936088,
        "min": 0.08821286261081696,
        "max": 0.20604795590043068,
        "p50": 0.1620517261326313,
        "p90": 0.16883675903081893,
        "p99": 0.1804807570576668
      },
      "policy_breakdown_seconds": {
        "policy_total_seconds": {
          "count": 515,
          "mean": 0.15574143562936088,
          "min": 0.08821286261081696,
          "max": 0.20604795590043068,
          "p50": 0.1620517261326313,
          "p90": 0.16883675903081893,
          "p99": 0.1804807570576668
        },
        "postprocess_seconds": {
          "count": 515,
          "mean": 0.00010026198567695987,
          "min": 3.5066157579422e-05,
          "max": 0.00022706016898155212,
          "p50": 9.788200259208679e-05,
          "p90": 0.00011358559131622315,
          "p99": 0.00016647860407829302
        },
        "preprocess_seconds": {
          "count": 515,
          "mean": 0.00011361882958597349,
          "min": 3.960728645324707e-05,
          "max": 0.00025565922260284424,
          "p50": 0.0001126900315284729,
          "p90": 0.00012217387557029725,
          "p99": 0.00019603699445724503
        },
        "remote_get_action_seconds": {
          "count": 515,
          "mean": 0.15552500183287177,
          "min": 0.08807695284485817,
          "max": 0.20593757927417755,
          "p50": 0.1618373990058899,
          "p90": 0.16862442940473557,
          "p99": 0.180276515185833
        }
      }
    },
    {
      "episode_index": 4,
      "task_id": 8,
      "init_index": 7,
      "success": false,
      "deterministic_policy_seeds": true,
      "policy_seed_base": 20260613,
      "policy_latency_seconds": {
        "count": 991,
        "mean": 0.15325838404469846,
        "min": 0.08761261031031609,
        "max": 0.22556665539741516,
        "p50": 0.16058827191591263,
        "p90": 0.16767766326665878,
        "p99": 0.17917986027896407
      },
      "policy_breakdown_seconds": {
        "policy_total_seconds": {
          "count": 991,
          "mean": 0.15325838404469846,
          "min": 0.08761261031031609,
          "max": 0.22556665539741516,
          "p50": 0.16058827191591263,
          "p90": 0.16767766326665878,
          "p99": 0.17917986027896407
        },
        "postprocess_seconds": {
          "count": 991,
          "mean": 0.00010445177570120719,
          "min": 3.5822391510009766e-05,
          "max": 0.0003525875508785248,
          "p50": 0.00010199472308158875,
          "p90": 0.00012380629777908325,
          "p99": 0.00016037076711654673
        },
        "preprocess_seconds": {
          "count": 991,
          "mean": 0.00011430560835795975,
          "min": 4.0158629417419434e-05,