{
  "label": "n17_fp16",
  "writes": 54,
  "get_action_seconds": {
    "count": 52,
    "mean": 0.23821379616856575,
    "min": 0.056136634200811386,
    "max": 6.8004946149885654,
    "p50": 0.09296457096934319,
    "p90": 0.13782904110848904,
    "p99": 3.8663922219723577
  },
  "extra": {
    "server_memory": {
      "allocated_mib": 6023,
      "reserved_mib": 6218,
      "max_allocated_mib": 6092,
      "max_reserved_mib": 6218
    },
    "compile_step_window_fallback": {
      "enabled": true,
      "step_start": 0,
      "step_end": 15,
      "request_index": 52,
      "compiled_requests": 37,
      "eager_requests": 15,
      "eager_fraction": 0.28846153846153844,
      "last_mode": "compiled"
    }
  }
}