{
  "label": "n17_fp16",
  "writes": 30,
  "get_action_seconds": {
    "count": 28,
    "mean": 0.36951798173998085,
    "min": 0.057379405945539474,
    "max": 7.36933571100235,
    "p50": 0.10474756918847561,
    "p90": 0.17282846309244632,
    "p99": 5.434641979373994
  },
  "extra": {
    "server_memory": {
      "allocated_mib": 6023,
      "reserved_mib": 6216,
      "max_allocated_mib": 6090,
      "max_reserved_mib": 6216
    },
    "compile_step_window_fallback": {
      "enabled": true,
      "step_start": 10,
      "step_end": 25,
      "request_index": 28,
      "compiled_requests": 13,
      "eager_requests": 15,
      "eager_fraction": 0.5357142857142857,
      "last_mode": "compiled"
    }
  }
}