{
  "label": "fp16_official",
  "writes": 7,
  "get_action_seconds": {
    "count": 274,
    "mean": 0.12362340444794101,
    "min": 0.08333176746964455,
    "max": 0.7413353063166142,
    "p50": 0.09388968534767628,
    "p90": 0.16981604099273684,
    "p99": 0.4838568521663546
  }
}