{
  "label": "n17_fp16",
  "writes": 30,
  "get_action_seconds": {
    "count": 28,
    "mean": 0.36396345642528366,
    "min": 0.05720062553882599,
    "max": 6.597785875201225,
    "p50": 0.09386992081999779,
    "p90": 0.1676746271550656,
    "p99": 5.102584610879424
  },
  "extra": {
    "server_memory": {
      "allocated_mib": 6023,
      "reserved_mib": 6216,
      "max_allocated_mib": 6090,
      "max_reserved_mib": 6216
    },
    "compile_step_window_fallback": {
      "enabled": true,
      "step_start": 0,
      "step_end": 10,
      "request_index": 28,
      "compiled_requests": 18,
      "eager_requests": 10,
      "eager_fraction": 0.35714285714285715,
      "last_mode": "compiled"
    }
  }
}