{
  "boundary": "Offline static residual-cache action drift smoke; selected DiT blocks skip configured denoising steps",
  "model_path": "/root/autodl-tmp/models/gr00t-n1.5-libero-long-posttrain",
  "dataset_path": "/root/autodl-tmp/datasets/libero_10_subset",
  "data_config": "examples.Libero.custom_data_config:LiberoDataConfig",
  "embodiment_tag": "new_embodiment",
  "device": "cuda",
  "denoising_steps": 8,
  "observation_meta": {
    "observation_source": "real",
    "dataset_path": "/root/autodl-tmp/datasets/libero_10_subset",
    "dataset_length": 101469,
    "dataset_indices": [
      115,
      215,
      315,
      415
    ],
    "video_backend": "torchvision_av"
  },
  "observations": 4,
  "cache_blocks": [
    12,
    13,
    14,
    15
  ],
  "cache_steps": [
    1,
    2,
    3,
    4,
    5,
    6
  ],
  "warmup_repeats": 1,
  "warmup_seconds": 0.742880504578352,
  "warmup_request_seconds": [
    {
      "count": 4,
      "mean": 0.18530285824090242,
      "min": 0.08565547689795494,
      "max": 0.4802282564342022,
      "p50": 0.08766384981572628,
      "p90": 0.36258584707975394,
      "p99": 0.46846401549875727
    }
  ],
  "load_seconds": 11.197600845247507,
  "patch_seconds": 0.0012063980102539062,
  "teacher_seconds": 0.3992781974375248,
  "student_seconds": 0.4860433042049408,
  "student_over_teacher_time": 1.217304894993652,
  "teacher_request_seconds": {
    "count": 4,
    "mean": 0.09967273194342852,
    "min": 0.09496753290295601,
    "max": 0.10412975773215294,
    "p50": 0.09979681856930256,
    "p90": 0.10393715724349022,
    "p99": 0.10411049768328667
  },
  "student_request_seconds": {
    "count": 4,
    "mean": 0.12133306637406349,
    "min": 0.08834128826856613,
    "max": 0.1826314926147461,
    "p50": 0.10717974230647087,
    "p90": 0.16062320657074453,
    "p99": 0.1804306640103459
  },
  "teacher_memory": {
    "allocated_bytes": 5476781056,
    "reserved_bytes": 5779750912,
    "max_allocated_bytes": 5682665472,
    "max_reserved_bytes": 5779750912
  },
  "student_memory": {
    "allocated_bytes": 5477383168,
    "reserved_bytes": 5781848064,
    "max_allocated_bytes": 5682665472,
    "max_reserved_bytes": 5781848064
  },
  "cache_stats": {
    "patched_blocks": 4,
    "patched_block_calls": 128,
    "full_compute_calls": 32,
    "cache_hits": 96,
    "patched_block_hit_rate": 0.75,
    "all_dit_block_calls": 512,
    "all_dit_block_skip_rate": 0.1875
  },
  "wrapper_results": {
    "action_head.model.transformer_blocks.12": {
      "block_index": 12,
      "block_name": "action_head.model.transformer_blocks.12",
      "cache_steps": [
        1,
        2,
        3,
        4,
        5,
        6
      ],
      "calls": 32,
      "full_compute_calls": 8,
      "cache_hits": 24,
      "cache_misses": 0,
      "cache_hit_rate": 0.75,
      "cache_hit_steps": {
        "1": 4,
        "2": 4,
        "3": 4,
        "4": 4,
        "5": 4,
        "6": 4
      },
      "full_compute_steps": {
        "0": 4,
        "7": 4
      }
    },
    "action_head.model.transformer_blocks.13": {
      "block_index": 13,
      "block_name": "action_head.model.transformer_blocks.13",
      "cache_steps": [
        1,
        2,
        3,
        4,
        5,
        6
      ],
      "calls": 32,
      "full_compute_calls": 8,
      "cache_hits": 24,
      "cache_misses": 0,
      "cache_hit_rate": 0.75,
      "cache_hit_steps": {
        "1": 4,
        "2": 4,
        "3": 4,
        "4": 4,
        "5": 4,
        "6": 4
      },
      "full_compute_steps": {
        "0": 4,
        "7": 4
      }
    },
    "action_head.model.transformer_blocks.14": {
      "block_index": 14,
      "block_name": "action_head.model.transformer_blocks.14",
      "cache_steps": [
        1,
        2,
        3,
        4,
        5,
        6
      ],
      "calls": 32,
      "full_compute_calls": 8,
      "cache_hits": 24,
      "cache_misses": 0,
      "cache_hit_rate": 0.75,
      "cache_hit_steps": {
        "1": 4,
        "2": 4,
        "3": 4,
        "4": 4,
        "5": 4,
        "6": 4
      },
      "full_compute_steps": {
        "0": 4,
        "7": 4
      }
    },
    "action_head.model.transformer_blocks.15": {
      "block_index": 15,
      "block_name": "action_head.model.transformer_blocks.15",
      "cache_steps": [
        1,
        2,
        3,
        4,
        5,
        6
      ],
      "calls": 32,
      "full_compute_calls": 8,
      "cache_hits": 24,
      "cache_misses": 0,
      "cache_hit_rate": 0.75,
      "cache_hit_steps": {
        "1": 4,
        "2": 4,
        "3": 4,
        "4": 4,
        "5": 4,
        "6": 4
      },
      "full_compute_steps": {
        "0": 4,
        "7": 4
      }
    }
  },
  "comparisons": [
    {
      "mse": 1.0672437285328247e-06,
      "nmse": 4.831051314468182e-06,
      "rmse": 0.0010330748900892058,
      "relative_rmse": 0.0021979652668930377,
      "cosine": 0.9999976341711168,
      "max_abs_diff": 0.0040340423583984375,
      "teacher_rms": 0.4700142016118036,
      "student_rms": 0.47016187544233246,
      "per_key": {
        "action.gripper": {
          "mse": 1.9117369447485544e-06,
          "nmse": 1.932830667164221e-06,
          "max_abs_diff": 0.0029296875,
          "teacher_rms": 0.9945283386842305,
          "student_rms": 0.9951379643743051
        },
        "action.pitch": {
          "mse": 1.4390755340154548e-07,
          "nmse": 3.415354281173749e-05,
          "max_abs_diff": 0.0010235607624053955,
          "teacher_rms": 0.06491183921012386,
          "student_rms": 0.06513418720229516
        },
        "action.roll": {
          "mse": 3.285004114561563e-08,
          "nmse": 2.3078590139931343e-05,
          "max_abs_diff": 0.0005238652229309082,
          "teacher_rms": 0.03772795989043486,
          "student_rms": 0.037685322055576044
        },
        "action.x": {
          "mse": 5.152774207317634e-07,
          "nmse": 5.477503344876526e-05,
          "max_abs_diff": 0.0016021728515625,
          "teacher_rms": 0.09699050719560051,
          "student_rms": 0.09703479942859086
        },
        "action.y": {
          "mse": 3.847124219191755e-06,
          "nmse": 7.178717640283447e-06,
          "max_abs_diff": 0.0040340423583984375,
          "teacher_rms": 0.7320566142272112,
          "student_rms": 0.7318906219922104
        },
        "action.yaw": {
          "mse": 2.80203144686908e-07,
          "nmse": 4.5333822624545944e-05,
          "max_abs_diff": 0.0010876655578613281,
          "teacher_rms": 0.07861860472927287,
          "student_rms": 0.07836574265029493
        },
        "action.z": {
          "mse": 7.396067758236313e-07,
          "nmse": 0.004227391792414607,
          "max_abs_diff": 0.00194549560546875,
          "teacher_rms": 0.013227086409018884,
          "student_rms": 0.013501310112874495
        }
      },
      "seed": 20260610,
      "dataset_index": 115,
      "action_size": 112
    },
    {
      "mse": 2.5097156879035276e-06,
      "nmse": 1.5908931350177133e-05,
      "rmse": 0.001584208221132414,
      "relative_rmse": 0.0039886001742688035,
      "cosine": 0.99999446068615,
      "max_abs_diff": 0.0069522857666015625,
      "teacher_rms": 0.3971840124142885,
      "student_rms": 0.3980548464797775,
      "per_key": {
        "action.gripper": {
          "mse": 6.325260073936079e-06,
          "nmse": 6.391918830431665e-06,
          "max_abs_diff": 0.004638671875,
          "teacher_rms": 0.9947720348330633,
          "student_rms": 0.9962838630935
        },
        "action.pitch": {
          "mse": 3.904450899816503e-07,
          "nmse": 0.00012573435192005393,
          "max_abs_diff": 0.0013160109519958496,
          "teacher_rms": 0.055725376199682965,
          "student_rms": 0.05626487153245352
        },
        "action.roll": {
          "mse": 2.3687562498986292e-07,
          "nmse": 0.00023883619107742114,
          "max_abs_diff": 0.0009167492389678955,