{
  "label": "fp16_official",
  "writes": 253,
  "get_action_seconds": {
    "count": 12558,
    "mean": 0.10549746687727372,
    "min": 0.06049591302871704,
    "max": 2.375418044626713,
    "p50": 0.08847167156636715,
    "p90": 0.15918717309832572,
    "p99": 0.17868887696415198
  },
  "extra": {
    "server_memory": {
      "allocated_bytes": 5476782080,
      "reserved_bytes": 5807013888,
      "max_allocated_bytes": 5682666496,
      "max_reserved_bytes": 5976883200
    },
    "lossless_cache_stats": {},
    "compile_step_window_fallback": {
      "enabled": true,
      "step_start": 0,
      "step_end": 120,
      "compiled_requests": 8958,
      "eager_requests": 3600,
      "last_mode": "compiled"
    }
  }
}