{
  "label": "fp16_official",
  "writes": 26,
  "get_action_seconds": {
    "count": 1201,
    "mean": 0.09854370312180546,
    "min": 0.06418490782380104,
    "max": 5.984245270490646,
    "p50": 0.07039256393909454,
    "p90": 0.14169196039438248,
    "p99": 0.17017142474651337
  }
}