{
  "task_suite_name": "libero_10",
  "port": 5621,
  "total_episodes": 2,
  "total_successes": 1,
  "success_rate": 0.5,
  "deterministic_policy_seeds": true,
  "policy_seed_base": 20260613,
  "policy_latency_seconds": {
    "count": 1232,
    "mean": 0.1476372713555715,
    "min": 0.0857439897954464,
    "max": 1.2649967409670353,
    "p50": 0.158083263784647,
    "p90": 0.16762599460780622,
    "p99": 0.19673772219568492
  },
  "policy_breakdown_seconds": {
    "policy_total_seconds": {
      "count": 1232,
      "mean": 0.1476372713555715,
      "min": 0.0857439897954464,
      "max": 1.2649967409670353,
      "p50": 0.158083263784647,
      "p90": 0.16762599460780622,
      "p99": 0.19673772219568492
    },
    "postprocess_seconds": {
      "count": 1232,
      "mean": 0.00010085174233301894,
      "min": 3.299117088317871e-05,
      "max": 0.0005837306380271912,
      "p50": 9.87071543931961e-05,
      "p90": 0.00011222399771213532,
      "p99": 0.00013068400323390967
    },
    "preprocess_seconds": {
      "count": 1232,
      "mean": 0.00011450346776997888,
      "min": 3.713369369506836e-05,
      "max": 0.00048005953431129456,
      "p50": 0.00011061690747737885,
      "p90": 0.00012663938105106354,
      "p99": 0.00015228707343339923
    },
    "remote_get_action_seconds": {
      "count": 1232,
      "mean": 0.14741896630518816,
      "min": 0.08559422567486763,
      "max": 1.2648573964834213,
      "p50": 0.15785704366862774,
      "p90": 0.16740475185215473,
      "p99": 0.19653065070509912
    }
  },
  "episodes": [
    {
      "episode_index": 1,
      "task_id": 4,
      "init_index": 6,
      "success": true,
      "deterministic_policy_seeds": true,
      "policy_seed_base": 20260613,
      "policy_latency_seconds": {
        "count": 241,
        "mean": 0.15308139497932063,
        "min": 0.08663743361830711,
        "max": 1.2649967409670353,
        "p50": 0.1581384427845478,
        "p90": 0.16860409453511238,
        "p99": 0.18722186982631675
      },
      "policy_breakdown_seconds": {
        "policy_total_seconds": {
          "count": 241,
          "mean": 0.15308139497932063,
          "min": 0.08663743361830711,
          "max": 1.2649967409670353,
          "p50": 0.1581384427845478,
          "p90": 0.16860409453511238,
          "p99": 0.18722186982631675
        },
        "postprocess_seconds": {
          "count": 241,
          "mean": 9.556793263838994e-05,
          "min": 3.814324736595154e-05,
          "max": 0.00014026835560798645,
          "p50": 9.576603770256042e-05,
          "p90": 0.00010640174150466919,
          "p99": 0.00012812167406082154
        },
        "preprocess_seconds": {
          "count": 241,
          "mean": 0.00011806871695637209,
          "min": 4.845857620239258e-05,
          "max": 0.00048005953431129456,
          "p50": 0.00011686980724334717,
          "p90": 0.0001299940049648285,
          "p99": 0.00018378794193267816
        },
        "remote_get_action_seconds": {
          "count": 241,
          "mean": 0.1528649954936811,
          "min": 0.08642800897359848,
          "max": 1.2648573964834213,
          "p50": 0.15792575851082802,
          "p90": 0.168416615575552,
          "p99": 0.18698122650384896
        }
      }
    },
    {
      "episode_index": 2,
      "task_id": 6,
      "init_index": 0,
      "success": false,
      "deterministic_policy_seeds": true,
      "policy_seed_base": 20260613,
      "policy_latency_seconds": {
        "count": 991,
        "mean": 0.1463133220182117,
        "min": 0.0857439897954464,
        "max": 0.2344825193285942,
        "p50": 0.15807831287384033,
        "p90": 0.16727307066321373,
        "p99": 0.19825427010655405
      },
      "policy_breakdown_seconds": {
        "policy_total_seconds": {
          "count": 991,
          "mean": 0.1463133220182117,
          "min": 0.0857439897954464,
          "max": 0.2344825193285942,
          "p50": 0.15807831287384033,
          "p90": 0.16727307066321373,
          "p99": 0.19825427010655405
        },
        "postprocess_seconds": {
          "count": 991,
          "mean": 0.0001021367051346391,
          "min": 3.299117088317871e-05,
          "max": 0.0005837306380271912,
          "p50": 0.00010066106915473938,
          "p90": 0.00011243671178817749,
          "p99": 0.00013213455677032473
        },
        "preprocess_seconds": {
          "count": 991,
          "mean": 0.00011363643946127983,
          "min": 3.713369369506836e-05,
          "max": 0.00044712796807289124,
          "p50": 0.00010961666703224182,
          "p90": 0.0001246631145477295,
          "p99": 0.00015084147453308107
        },
        "remote_get_action_seconds": {
          "count": 991,
          "mean": 0.14609455355601883,
          "min": 0.08559422567486763,
          "max": 0.23425574973225594,
          "p50": 0.157848309725523,
          "p90": 0.16701896861195564,
          "p99": 0.19810559675097467
        }
      }
    }
  ]
}