{
  "label": "n17_fp16",
  "writes": 92,
  "get_action_seconds": {
    "count": 90,
    "mean": 0.169956212118268,
    "min": 0.05620801821351051,
    "max": 6.544929765164852,
    "p50": 0.07951869256794453,
    "p90": 0.13161399737000465,
    "p99": 1.6611932433396546
  },
  "extra": {
    "server_memory": {
      "allocated_mib": 6023,
      "reserved_mib": 6218,
      "max_allocated_mib": 6092,
      "max_reserved_mib": 6218
    },
    "compile_step_window_fallback": {
      "enabled": true,
      "step_start": 0,
      "step_end": 10,
      "request_index": 90,
      "compiled_requests": 80,
      "eager_requests": 10,
      "eager_fraction": 0.1111111111111111,
      "last_mode": "compiled"
    }
  }
}