{
  "label": "n17_fp16",
  "writes": 28,
  "get_action_seconds": {
    "count": 26,
    "mean": 0.3694228485513192,
    "min": 0.05548927187919617,
    "max": 7.131430242210627,
    "p50": 0.09568898566067219,
    "p90": 0.1450680047273636,
    "p99": 5.425798186101019
  },
  "extra": {
    "server_memory": {
      "allocated_mib": 6023,
      "reserved_mib": 6218,
      "max_allocated_mib": 6092,
      "max_reserved_mib": 6218
    },
    "compile_step_window_fallback": {
      "enabled": true,
      "step_start": 20,
      "step_end": 50,
      "request_index": 26,
      "compiled_requests": 20,
      "eager_requests": 6,
      "eager_fraction": 0.23076923076923078,
      "last_mode": "eager"
    }
  }
}