{
  "label": "n17_fp16",
  "writes": 92,
  "get_action_seconds": {
    "count": 90,
    "mean": 0.16905933432281017,
    "min": 0.054918114095926285,
    "max": 6.342434886842966,
    "p50": 0.0804119948297739,
    "p90": 0.13094238340854647,
    "p99": 1.6192529119551151
  },
  "extra": {
    "server_memory": {
      "allocated_mib": 6023,
      "reserved_mib": 6218,
      "max_allocated_mib": 6093,
      "max_reserved_mib": 6218
    },
    "compile_step_window_fallback": {
      "enabled": true,
      "step_start": 0,
      "step_end": 30,
      "request_index": 90,
      "compiled_requests": 60,
      "eager_requests": 30,
      "eager_fraction": 0.3333333333333333,
      "last_mode": "compiled"
    }
  }
}