{
  "label": "n17_fp16",
  "writes": 63,
  "get_action_seconds": {
    "count": 61,
    "mean": 0.12173456790261582,
    "min": 0.09148737415671349,
    "max": 1.0570392049849033,
    "p50": 0.09669872745871544,
    "p90": 0.1558934673666954,
    "p99": 0.527169971913098
  },
  "extra": {
    "server_memory": {
      "allocated_mib": 6023,
      "reserved_mib": 6184,
      "max_allocated_mib": 6088,
      "max_reserved_mib": 6184
    }
  }
}