{
  "label": "n17_fp16",
  "writes": 39,
  "get_action_seconds": {
    "count": 37,
    "mean": 0.14150368100082553,
    "min": 0.09220907837152481,
    "max": 0.9867141842842102,
    "p50": 0.0987672470510006,
    "p90": 0.16612317338585852,
    "p99": 0.6965369236469273
  },
  "extra": {
    "server_memory": {
      "allocated_mib": 6023,
      "reserved_mib": 6188,
      "max_allocated_mib": 6090,
      "max_reserved_mib": 6188
    }
  }
}