{
  "task_suite_name": "libero_10",
  "port": 5555,
  "total_episodes": 1,
  "total_successes": 1,
  "success_rate": 1.0,
  "deterministic_policy_seeds": true,
  "policy_seed_base": 20260613,
  "policy_latency_seconds": {
    "count": 219,
    "mean": 0.0832761367400215,
    "min": 0.05356016755104065,
    "max": 0.16822443529963493,
    "p50": 0.07212236523628235,
    "p90": 0.14260271266102795,
    "p99": 0.16124145045876503
  },
  "policy_breakdown_seconds": {
    "gripper_oracle_remote_get_action_seconds": {
      "count": 219,
      "mean": 0.0,
      "min": 0.0,
      "max": 0.0,
      "p50": 0.0,
      "p90": 0.0,
      "p99": 0.0
    },
    "oracle_remote_get_action_seconds": {
      "count": 219,
      "mean": 0.0,
      "min": 0.0,
      "max": 0.0,
      "p50": 0.0,
      "p90": 0.0,
      "p99": 0.0
    },
    "policy_total_seconds": {
      "count": 219,
      "mean": 0.0832761367400215,
      "min": 0.05356016755104065,
      "max": 0.16822443529963493,
      "p50": 0.07212236523628235,
      "p90": 0.14260271266102795,
      "p99": 0.16124145045876503
    },
    "postprocess_seconds": {
      "count": 219,
      "mean": 9.048966580329965e-05,
      "min": 4.269927740097046e-05,
      "max": 0.0001475401222705841,
      "p50": 8.898228406906128e-05,
      "p90": 0.00010586827993392945,
      "p99": 0.00014019936323165884
    },
    "preprocess_seconds": {
      "count": 219,
      "mean": 0.00010441393340559311,
      "min": 5.101785063743591e-05,
      "max": 0.00016485527157783508,
      "p50": 0.00010405480861663818,
      "p90": 0.00011841803789138793,
      "p99": 0.0001352587342262268
    },
    "primary_remote_get_action_seconds": {
      "count": 219,
      "mean": 0.08307702631846955,
      "min": 0.0533362552523613,
      "max": 0.16805917769670486,
      "p50": 0.07192032784223557,
      "p90": 0.14242208525538447,
      "p99": 0.16105104893445968
    },
    "remote_get_action_seconds": {
      "count": 219,
      "mean": 0.08307702631846955,
      "min": 0.0533362552523613,
      "max": 0.16805917769670486,
      "p50": 0.07192032784223557,
      "p90": 0.14242208525538447,
      "p99": 0.16105104893445968
    }
  },
  "action_perturbation": {
    "keys": [
      "y"
    ],
    "amplitude": 0.03,
    "sign": 1.0,
    "normalize_by_num_keys": true,
    "step_start": 150,
    "step_end": 225,
    "clip": true
  },
  "episodes": [
    {
      "episode_index": 1,
      "task_id": 4,
      "init_index": 9,
      "success": true,
      "deterministic_policy_seeds": true,
      "policy_seed_base": 20260613,
      "policy_latency_seconds": {
        "count": 219,
        "mean": 0.0832761367400215,
        "min": 0.05356016755104065,
        "max": 0.16822443529963493,
        "p50": 0.07212236523628235,
        "p90": 0.14260271266102795,
        "p99": 0.16124145045876503
      },
      "policy_breakdown_seconds": {
        "gripper_oracle_remote_get_action_seconds": {
          "count": 219,
          "mean": 0.0,
          "min": 0.0,
          "max": 0.0,
          "p50": 0.0,
          "p90": 0.0,
          "p99": 0.0
        },
        "oracle_remote_get_action_seconds": {
          "count": 219,
          "mean": 0.0,
          "min": 0.0,
          "max": 0.0,
          "p50": 0.0,
          "p90": 0.0,
          "p99": 0.0
        },
        "policy_total_seconds": {
          "count": 219,
          "mean": 0.0832761367400215,
          "min": 0.05356016755104065,
          "max": 0.16822443529963493,
          "p50": 0.07212236523628235,
          "p90": 0.14260271266102795,
          "p99": 0.16124145045876503
        },
        "postprocess_seconds": {
          "count": 219,
          "mean": 9.048966580329965e-05,
          "min": 4.269927740097046e-05,
          "max": 0.0001475401222705841,
          "p50": 8.898228406906128e-05,
          "p90": 0.00010586827993392945,
          "p99": 0.00014019936323165884
        },
        "preprocess_seconds": {
          "count": 219,
          "mean": 0.00010441393340559311,
          "min": 5.101785063743591e-05,
          "max": 0.00016485527157783508,
          "p50": 0.00010405480861663818,
          "p90": 0.00011841803789138793,
          "p99": 0.0001352587342262268
        },
        "primary_remote_get_action_seconds": {
          "count": 219,
          "mean": 0.08307702631846955,
          "min": 0.0533362552523613,
          "max": 0.16805917769670486,
          "p50": 0.07192032784223557,
          "p90": 0.14242208525538447,
          "p99": 0.16105104893445968
        },
        "remote_get_action_seconds": {
          "count": 219,
          "mean": 0.08307702631846955,
          "min": 0.0533362552523613,
          "max": 0.16805917769670486,
          "p50": 0.07192032784223557,
          "p90": 0.14242208525538447,
          "p99": 0.16105104893445968
        }
      },
      "action_perturbation": {
        "keys": [
          "y"
        ],
        "amplitude": 0.03,
        "sign": 1.0,
        "normalize_by_num_keys": true,
        "step_start": 150,
        "step_end": 225,
        "clip": true
      }
    }
  ]
}