{
  "boundary": "Lossless cache A/B probe; no torch.compile",
  "model_path": "/root/autodl-tmp/models/gr00t-n1.5-libero-long-posttrain",
  "dataset_path": "/root/autodl-tmp/datasets/libero_10_subset",
  "data_config": "examples.Libero.custom_data_config:LiberoDataConfig",
  "embodiment_tag": "new_embodiment",
  "device": "cuda",
  "denoising_steps": 8,
  "observation_meta": {
    "observation_source": "real",
    "dataset_path": "/root/autodl-tmp/datasets/libero_10_subset",
    "dataset_length": 101469,
    "dataset_indices": [
      115
    ],
    "video_backend": "torchvision_av"
  },
  "warmup_requests": 3,
  "compare_requests": 3,
  "profile_requests": 20,
  "load_seconds": 11.204082518815994,
  "patch_request": {
    "prepare_input_pruning": true,
    "action_head_static_cache": false
  },
  "patch_result": {
    "prepare_input_pruning": {
      "enabled": true,
      "already_installed": false,
      "description": "Move only eagle_* tensors to backbone and state/embodiment_id to action head."
    },
    "action_head_static_cache": {
      "enabled": false
    }
  },
  "baseline_warmup_seconds": {
    "count": 3,
    "mean": 0.23480137065052986,
    "min": 0.08873137459158897,
    "max": 0.5193048343062401,
    "p50": 0.09636790305376053,
    "p90": 0.4347174480557442,
    "p99": 0.5108460956811904
  },
  "baseline_compare_seconds": {
    "count": 3,
    "mean": 0.09255758548776309,
    "min": 0.08741489797830582,
    "max": 0.09544192627072334,
    "p50": 0.0948159322142601,
    "p90": 0.09531672745943069,
    "p99": 0.09542940638959407
  },
  "baseline_profile_seconds": {
    "count": 20,
    "mean": 0.11876299995929003,
    "min": 0.08719519898295403,
    "max": 0.18841848522424698,
    "p50": 0.10887064971029758,
    "p90": 0.1729043070226908,
    "p99": 0.18798732854425906
  },
  "baseline_profile_memory": {
    "allocated_bytes": 5476781056,
    "reserved_bytes": 5779750912,
    "max_allocated_bytes": 5682665472,
    "max_reserved_bytes": 5779750912
  },
  "cached_warmup_seconds": {
    "count": 3,
    "mean": 0.10244391361872356,
    "min": 0.09826749190688133,
    "max": 0.10708718374371529,
    "p50": 0.10197706520557404,
    "p90": 0.10606516003608704,
    "p99": 0.10698498137295247
  },
  "cached_compare_seconds": {
    "count": 3,
    "mean": 0.12767068793376288,
    "min": 0.0980173610150814,
    "max": 0.1839093491435051,
    "p50": 0.1010853536427021,
    "p90": 0.1673445500433445,
    "p99": 0.18225286923348905
  },
  "cached_profile_seconds": {
    "count": 20,
    "mean": 0.11081526577472686,
    "min": 0.08555194362998009,
    "max": 0.19084886088967323,
    "p50": 0.10223753564059734,
    "p90": 0.12018713280558596,
    "p99": 0.18859830167144537
  },
  "cached_profile_memory": {
    "allocated_bytes": 5476781056,
    "reserved_bytes": 5779750912,
    "max_allocated_bytes": 5682051584,
    "max_reserved_bytes": 5779750912
  },
  "cached_warmup_memory": {
    "allocated_bytes": 5476781056,
    "reserved_bytes": 5779750912,
    "max_allocated_bytes": 5682051584,
    "max_reserved_bytes": 5779750912
  },
  "action_comparisons": [
    {
      "shape_equal": true,
      "numel": 112,
      "max_abs_diff": 0.0,
      "mean_abs_diff": 0.0,
      "rmse": 0.0,
      "reference_norm": 4.976693009307075,
      "candidate_norm": 4.976693009307075,
      "cosine": 1.0000000000000002,
      "allclose_rtol0_atol0": true,
      "allclose_rtol1e_6_atol1e_6": true,
      "allclose_rtol1e_5_atol1e_5": true
    },
    {
      "shape_equal": true,
      "numel": 112,
      "max_abs_diff": 0.0,
      "mean_abs_diff": 0.0,
      "rmse": 0.0,
      "reference_norm": 4.990609430785703,
      "candidate_norm": 4.990609430785703,
      "cosine": 0.9999999999999999,
      "allclose_rtol0_atol0": true,
      "allclose_rtol1e_6_atol1e_6": true,
      "allclose_rtol1e_5_atol1e_5": true
    },
    {
      "shape_equal": true,
      "numel": 112,
      "max_abs_diff": 0.0,
      "mean_abs_diff": 0.0,
      "rmse": 0.0,
      "reference_norm": 4.972746054680102,
      "candidate_norm": 4.972746054680102,
      "cosine": 0.9999999999999999,
      "allclose_rtol0_atol0": true,
      "allclose_rtol1e_6_atol1e_6": true,
      "allclose_rtol1e_5_atol1e_5": true
    }
  ],
  "action_summary": {
    "all_bitwise_equal_after_unapply": true,
    "allclose_1e_6": true,
    "max_abs_diff": 0.0
  },
  "speedup": {
    "p50": 1.0648794401013155,
    "baseline_p50_seconds": 0.10887064971029758,
    "cached_p50_seconds": 0.10223753564059734
  },
  "cache_stats": {
    "prepare_input_pruning": {
      "calls": 26,
      "backbone_keys": [
        "eagle_attention_mask",
        "eagle_image_sizes",
        "eagle_input_ids",
        "eagle_pixel_values"
      ],
      "action_keys": [
        "embodiment_id",
        "state"
      ],
      "moved_backbone_values": 104,
      "moved_action_values": 52
    }
  }
}