{
  "task_suite_name": "libero_10",
  "port": 5565,
  "total_episodes": 1,
  "total_successes": 1,
  "success_rate": 1.0,
  "policy_latency_seconds": {
    "count": 420,
    "mean": 0.18184366814259972,
    "min": 0.1600259132683277,
    "max": 0.30883387848734856,
    "p50": 0.16624696366488934,
    "p90": 0.23960843309760094,
    "p99": 0.25401597511023283
  },
  "policy_breakdown_seconds": {
    "policy_total_seconds": {
      "count": 420,
      "mean": 0.18184366814259972,
      "min": 0.1600259132683277,
      "max": 0.30883387848734856,
      "p50": 0.16624696366488934,
      "p90": 0.23960843309760094,
      "p99": 0.25401597511023283
    },
    "postprocess_seconds": {
      "count": 420,
      "mean": 0.00010983741709164211,
      "min": 4.383176565170288e-05,
      "max": 0.0005913376808166504,
      "p50": 0.00010852329432964325,
      "p90": 0.00011850520968437196,
      "p99": 0.00015947271138429643
    },
    "preprocess_seconds": {
      "count": 420,
      "mean": 0.00011752456249225707,
      "min": 4.5493245124816895e-05,
      "max": 0.00019748881459236145,
      "p50": 0.00011709891259670258,
      "p90": 0.00012970268726348878,
      "p99": 0.00015245459973812104
    },
    "remote_get_action_seconds": {
      "count": 420,
      "mean": 0.18161312777194238,
      "min": 0.15979274734854698,
      "max": 0.3086102120578289,
      "p50": 0.1660254057496786,
      "p90": 0.23935658633708953,
      "p99": 0.2537689566612244
    }
  },
  "episodes": [
    {
      "episode_index": 1,
      "task_id": 6,
      "init_index": 1,
      "success": true,
      "policy_latency_seconds": {
        "count": 420,
        "mean": 0.18184366814259972,
        "min": 0.1600259132683277,
        "max": 0.30883387848734856,
        "p50": 0.16624696366488934,
        "p90": 0.23960843309760094,
        "p99": 0.25401597511023283
      },
      "policy_breakdown_seconds": {
        "policy_total_seconds": {
          "count": 420,
          "mean": 0.18184366814259972,
          "min": 0.1600259132683277,
          "max": 0.30883387848734856,
          "p50": 0.16624696366488934,
          "p90": 0.23960843309760094,
          "p99": 0.25401597511023283
        },
        "postprocess_seconds": {
          "count": 420,
          "mean": 0.00010983741709164211,
          "min": 4.383176565170288e-05,
          "max": 0.0005913376808166504,
          "p50": 0.00010852329432964325,
          "p90": 0.00011850520968437196,
          "p99": 0.00015947271138429643
        },
        "preprocess_seconds": {
          "count": 420,
          "mean": 0.00011752456249225707,
          "min": 4.5493245124816895e-05,
          "max": 0.00019748881459236145,
          "p50": 0.00011709891259670258,
          "p90": 0.00012970268726348878,
          "p99": 0.00015245459973812104
        },
        "remote_get_action_seconds": {
          "count": 420,
          "mean": 0.18161312777194238,
          "min": 0.15979274734854698,
          "max": 0.3086102120578289,
          "p50": 0.1660254057496786,
          "p90": 0.23935658633708953,
          "p99": 0.2537689566612244
        }
      }
    }
  ]
}