{
  "label": "n17_fp16",
  "writes": 54,
  "get_action_seconds": {
    "count": 52,
    "mean": 0.24707838169370705,
    "min": 0.05773283913731575,
    "max": 6.765391070395708,
    "p50": 0.09533678740262985,
    "p90": 0.16453805901110172,
    "p99": 3.8212291047722218
  },
  "extra": {
    "server_memory": {
      "allocated_mib": 6023,
      "reserved_mib": 6212,
      "max_allocated_mib": 6088,
      "max_reserved_mib": 6212
    },
    "compile_step_window_fallback": {
      "enabled": true,
      "step_start": 0,
      "step_end": 20,
      "request_index": 52,
      "compiled_requests": 32,
      "eager_requests": 20,
      "eager_fraction": 0.38461538461538464,
      "last_mode": "compiled"
    }
  }
}