{
  "task_suite_name": "libero_10",
  "port": 5583,
  "total_episodes": 1,
  "total_successes": 0,
  "success_rate": 0.0,
  "policy_latency_seconds": {
    "count": 991,
    "mean": 0.1603668912170092,
    "min": 0.09638793021440506,
    "max": 0.4302050769329071,
    "p50": 0.16092656552791595,
    "p90": 0.17215785011649132,
    "p99": 0.2921066734939814
  },
  "policy_breakdown_seconds": {
    "policy_total_seconds": {
      "count": 991,
      "mean": 0.1603668912170092,
      "min": 0.09638793021440506,
      "max": 0.4302050769329071,
      "p50": 0.16092656552791595,
      "p90": 0.17215785011649132,
      "p99": 0.2921066734939814
    },
    "postprocess_seconds": {
      "count": 991,
      "mean": 0.0001279438923815064,
      "min": 5.262717604637146e-05,
      "max": 0.0007018111646175385,
      "p50": 0.0001253671944141388,
      "p90": 0.00014998763799667358,
      "p99": 0.0001764003187417984
    },
    "preprocess_seconds": {
      "count": 991,
      "mean": 0.00011871861130390109,
      "min": 4.544109106063843e-05,
      "max": 0.0004224516451358795,
      "p50": 0.00011783093214035034,
      "p90": 0.00013296306133270264,
      "p99": 0.00017899088561534906
    },
    "remote_get_action_seconds": {
      "count": 991,
      "mean": 0.1601167960067991,
      "min": 0.0962880440056324,
      "max": 0.42996953800320625,
      "p50": 0.1606721505522728,
      "p90": 0.17187555879354477,
      "p99": 0.29192194901406765
    }
  },
  "episodes": [
    {
      "episode_index": 1,
      "task_id": 6,
      "init_index": 4,
      "success": false,
      "policy_latency_seconds": {
        "count": 991,
        "mean": 0.1603668912170092,
        "min": 0.09638793021440506,
        "max": 0.4302050769329071,
        "p50": 0.16092656552791595,
        "p90": 0.17215785011649132,
        "p99": 0.2921066734939814
      },
      "policy_breakdown_seconds": {
        "policy_total_seconds": {
          "count": 991,
          "mean": 0.1603668912170092,
          "min": 0.09638793021440506,
          "max": 0.4302050769329071,
          "p50": 0.16092656552791595,
          "p90": 0.17215785011649132,
          "p99": 0.2921066734939814
        },
        "postprocess_seconds": {
          "count": 991,
          "mean": 0.0001279438923815064,
          "min": 5.262717604637146e-05,
          "max": 0.0007018111646175385,
          "p50": 0.0001253671944141388,
          "p90": 0.00014998763799667358,
          "p99": 0.0001764003187417984
        },
        "preprocess_seconds": {
          "count": 991,
          "mean": 0.00011871861130390109,
          "min": 4.544109106063843e-05,
          "max": 0.0004224516451358795,
          "p50": 0.00011783093214035034,
          "p90": 0.00013296306133270264,
          "p99": 0.00017899088561534906
        },
        "remote_get_action_seconds": {
          "count": 991,
          "mean": 0.1601167960067991,
          "min": 0.0962880440056324,
          "max": 0.42996953800320625,
          "p50": 0.1606721505522728,
          "p90": 0.17187555879354477,
          "p99": 0.29192194901406765
        }
      }
    }
  ]
}