{
  "label": "n17_fp16",
  "writes": 92,
  "get_action_seconds": {
    "count": 90,
    "mean": 0.16708803777065542,
    "min": 0.055556751787662506,
    "max": 6.8698005229234695,
    "p50": 0.08652821741998196,
    "p90": 0.13449811153113841,
    "p99": 0.9895072590187154
  },
  "extra": {
    "server_memory": {
      "allocated_mib": 6023,
      "reserved_mib": 6212,
      "max_allocated_mib": 6088,
      "max_reserved_mib": 6212
    },
    "compile_step_window_fallback": {
      "enabled": true,
      "step_start": 10,
      "step_end": 20,
      "request_index": 90,
      "compiled_requests": 80,
      "eager_requests": 10,
      "eager_fraction": 0.1111111111111111,
      "last_mode": "compiled"
    }
  }
}