{
  "label": "fp16_official",
  "writes": 26,
  "get_action_seconds": {
    "count": 1209,
    "mean": 0.15062313983825437,
    "min": 0.08515546843409538,
    "max": 0.6380742117762566,
    "p50": 0.15506289899349213,
    "p90": 0.16302996277809143,
    "p99": 0.18895034492015844
  }
}