{
  "label": "n17_fp16",
  "writes": 1,
  "get_action_seconds": {
    "count": 20,
    "mean": 0.15089308898895978,
    "min": 0.09159401431679726,
    "max": 0.8906186111271381,
    "p50": 0.10577215440571308,
    "p90": 0.14279982298612595,
    "p99": 0.7488388616219154
  },
  "extra": {
    "server_memory": {
      "allocated_mib": 6023,
      "reserved_mib": 6188,
      "max_allocated_mib": 6090,
      "max_reserved_mib": 6188
    }
  }
}