{
  "boundary": "Lossless cache A/B probe; no torch.compile",
  "model_path": "/root/autodl-tmp/models/gr00t-n1.5-libero-long-posttrain",
  "dataset_path": "/root/autodl-tmp/datasets/libero_10_subset",
  "data_config": "examples.Libero.custom_data_config:LiberoDataConfig",
  "embodiment_tag": "new_embodiment",
  "device": "cuda",
  "denoising_steps": 8,
  "observation_meta": {
    "observation_source": "real",
    "dataset_path": "/root/autodl-tmp/datasets/libero_10_subset",
    "dataset_length": 101469,
    "dataset_indices": [
      115
    ],
    "video_backend": "torchvision_av"
  },
  "warmup_requests": 5,
  "compare_requests": 3,
  "profile_requests": 100,
  "load_seconds": 10.857488606125116,
  "patch_request": {
    "prepare_input_pruning": true,
    "action_head_static_cache": true
  },
  "patch_result": {
    "prepare_input_pruning": {
      "enabled": true,
      "already_installed": false,
      "description": "Move only eagle_* tensors to backbone and state/embodiment_id to action head."
    },
    "action_head_static_cache": {
      "enabled": true,
      "already_installed": false,
      "description": "Cache denoising timestep tensors, action position embeddings, and expanded future tokens."
    }
  },
  "baseline_warmup_seconds": {
    "count": 5,
    "mean": 0.1949426606297493,
    "min": 0.08837461844086647,
    "max": 0.5988034829497337,
    "p50": 0.09505641832947731,
    "p90": 0.39916422814130786,
    "p99": 0.5788395574688912
  },
  "baseline_compare_seconds": {
    "count": 3,
    "mean": 0.10274416208267212,
    "min": 0.08782795816659927,
    "max": 0.11455627903342247,
    "p50": 0.10584824904799461,
    "p90": 0.1128146730363369,
    "p99": 0.11438211843371392
  },
  "baseline_profile_seconds": {
    "count": 100,
    "mean": 0.11894465990364551,
    "min": 0.08724633976817131,
    "max": 0.1976313181221485,
    "p50": 0.10673885233700275,
    "p90": 0.18219337761402132,
    "p99": 0.19612834330648185
  },
  "baseline_profile_memory": {
    "allocated_bytes": 5476781056,
    "reserved_bytes": 5779750912,
    "max_allocated_bytes": 5682665472,
    "max_reserved_bytes": 5779750912
  },
  "cached_warmup_seconds": {
    "count": 5,
    "mean": 0.11810686737298966,
    "min": 0.08896942809224129,
    "max": 0.18338284641504288,
    "p50": 0.10424896329641342,
    "p90": 0.15630294382572174,
    "p99": 0.18067485615611076
  },
  "cached_compare_seconds": {
    "count": 3,
    "mean": 0.11854147786895435,
    "min": 0.10201764106750488,
    "max": 0.14823340997099876,
    "p50": 0.10537338256835938,
    "p90": 0.13966140449047088,
    "p99": 0.14737620942294596
  },
  "cached_profile_seconds": {
    "count": 100,
    "mean": 0.11422107607126236,
    "min": 0.08701486140489578,
    "max": 0.19237911701202393,
    "p50": 0.10520576685667038,
    "p90": 0.17680444121360783,
    "p99": 0.19126463267952204
  },
  "cached_profile_memory": {
    "allocated_bytes": 5476834304,
    "reserved_bytes": 5779750912,
    "max_allocated_bytes": 5682104832,
    "max_reserved_bytes": 5779750912
  },
  "cached_warmup_memory": {
    "allocated_bytes": 5476834304,
    "reserved_bytes": 5779750912,
    "max_allocated_bytes": 5682104832,
    "max_reserved_bytes": 5779750912
  },
  "action_comparisons": [
    {
      "shape_equal": true,
      "numel": 112,
      "max_abs_diff": 0.0,
      "mean_abs_diff": 0.0,
      "rmse": 0.0,
      "reference_norm": 4.976693009307075,
      "candidate_norm": 4.976693009307075,
      "cosine": 1.0000000000000002,
      "allclose_rtol0_atol0": true,
      "allclose_rtol1e_6_atol1e_6": true,
      "allclose_rtol1e_5_atol1e_5": true
    },
    {
      "shape_equal": true,
      "numel": 112,
      "max_abs_diff": 0.0,
      "mean_abs_diff": 0.0,
      "rmse": 0.0,
      "reference_norm": 4.990609430785703,
      "candidate_norm": 4.990609430785703,
      "cosine": 0.9999999999999999,
      "allclose_rtol0_atol0": true,
      "allclose_rtol1e_6_atol1e_6": true,
      "allclose_rtol1e_5_atol1e_5": true
    },
    {
      "shape_equal": true,
      "numel": 112,
      "max_abs_diff": 0.0,
      "mean_abs_diff": 0.0,
      "rmse": 0.0,
      "reference_norm": 4.972746054680102,
      "candidate_norm": 4.972746054680102,
      "cosine": 0.9999999999999999,
      "allclose_rtol0_atol0": true,
      "allclose_rtol1e_6_atol1e_6": true,
      "allclose_rtol1e_5_atol1e_5": true
    }
  ],
  "action_summary": {
    "all_bitwise_equal_after_unapply": true,
    "allclose_1e_6": true,
    "max_abs_diff": 0.0
  },
  "speedup": {
    "p50": 1.014572257074282,
    "baseline_p50_seconds": 0.10673885233700275,
    "cached_p50_seconds": 0.10520576685667038
  },
  "cache_stats": {
    "prepare_input_pruning": {
      "calls": 108,
      "backbone_keys": [
        "eagle_attention_mask",
        "eagle_image_sizes",
        "eagle_input_ids",
        "eagle_pixel_values"
      ],
      "action_keys": [
        "embodiment_id",
        "state"
      ],
      "moved_backbone_values": 432,
      "moved_action_values": 216
    },
    "action_head_static_cache": {
      "calls": 108,
      "timestep_hits": 856,
      "timestep_misses": 8,
      "position_embedding_hits": 863,
      "position_embedding_misses": 1,
      "future_token_hits": 107,
      "future_token_misses": 1
    },
    "action_head_static_cache_sizes": {
      "timesteps": 8,
      "position_embeddings": 1,
      "future_tokens": 1
    }
  }
}