{
  "label": "fp16_official",
  "writes": 21,
  "get_action_seconds": {
    "count": 991,
    "mean": 0.15008034769118614,
    "min": 0.08816000074148178,
    "max": 0.6510605737566948,
    "p50": 0.15381775423884392,
    "p90": 0.1653876006603241,
    "p99": 0.2934728268533946
  }
}