{
  "task_suite_name": "libero_10",
  "port": 5635,
  "total_episodes": 2,
  "total_successes": 0,
  "success_rate": 0.0,
  "deterministic_policy_seeds": true,
  "policy_seed_base": 20260613,
  "policy_latency_seconds": {
    "count": 1982,
    "mean": 0.09537578413430245,
    "min": 0.05643680691719055,
    "max": 2.751866016536951,
    "p50": 0.07310117781162262,
    "p90": 0.15519277267158033,
    "p99": 0.2032614191994073
  },
  "policy_breakdown_seconds": {
    "gripper_oracle_remote_get_action_seconds": {
      "count": 1982,
      "mean": 0.0,
      "min": 0.0,
      "max": 0.0,
      "p50": 0.0,
      "p90": 0.0,
      "p99": 0.0
    },
    "oracle_remote_get_action_seconds": {
      "count": 1982,
      "mean": 0.0,
      "min": 0.0,
      "max": 0.0,
      "p50": 0.0,
      "p90": 0.0,
      "p99": 0.0
    },
    "policy_total_seconds": {
      "count": 1982,
      "mean": 0.09537578413430245,
      "min": 0.05643680691719055,
      "max": 2.751866016536951,
      "p50": 0.07310117781162262,
      "p90": 0.15519277267158033,
      "p99": 0.2032614191994073
    },
    "postprocess_seconds": {
      "count": 1982,
      "mean": 9.370138859291731e-05,
      "min": 3.596767783164978e-05,
      "max": 0.0006268508732318878,
      "p50": 9.151361882686615e-05,
      "p90": 0.00011011362075805665,
      "p99": 0.00014154460281133659
    },
    "preprocess_seconds": {
      "count": 1982,
      "mean": 9.837822366494584e-05,
      "min": 3.86163592338562e-05,
      "max": 0.0002185031771659851,
      "p50": 9.944848716259003e-05,
      "p90": 0.00011217705905437469,
      "p99": 0.00013516083359718325
    },
    "primary_remote_get_action_seconds": {
      "count": 1982,
      "mean": 0.09517943210463772,
      "min": 0.05631524324417114,
      "max": 2.7516706697642803,
      "p50": 0.07292515598237514,
      "p90": 0.1549995329231024,
      "p99": 0.2031339594349267
    },
    "remote_get_action_seconds": {
      "count": 1982,
      "mean": 0.09517943210463772,
      "min": 0.05631524324417114,
      "max": 2.7516706697642803,
      "p50": 0.07292515598237514,
      "p90": 0.1549995329231024,
      "p99": 0.2031339594349267
    }
  },
  "action_perturbation": {
    "keys": [],
    "amplitude": 0.0,
    "sign": 1.0,
    "normalize_by_num_keys": true,
    "step_start": null,
    "step_end": null,
    "clip": true
  },
  "episodes": [
    {
      "episode_index": 1,
      "task_id": 4,
      "init_index": 9,
      "success": false,
      "deterministic_policy_seeds": true,
      "policy_seed_base": 20260613,
      "policy_latency_seconds": {
        "count": 991,
        "mean": 0.09673007218285598,
        "min": 0.05643680691719055,
        "max": 2.751866016536951,
        "p50": 0.07201335579156876,
        "p90": 0.15649157762527466,
        "p99": 0.2662033770233394
      },
      "policy_breakdown_seconds": {
        "gripper_oracle_remote_get_action_seconds": {
          "count": 991,
          "mean": 0.0,
          "min": 0.0,
          "max": 0.0,
          "p50": 0.0,
          "p90": 0.0,
          "p99": 0.0
        },
        "oracle_remote_get_action_seconds": {
          "count": 991,
          "mean": 0.0,
          "min": 0.0,
          "max": 0.0,
          "p50": 0.0,
          "p90": 0.0,
          "p99": 0.0
        },
        "policy_total_seconds": {
          "count": 991,
          "mean": 0.09673007218285598,
          "min": 0.05643680691719055,
          "max": 2.751866016536951,
          "p50": 0.07201335579156876,
          "p90": 0.15649157762527466,
          "p99": 0.2662033770233394
        },
        "postprocess_seconds": {
          "count": 991,
          "mean": 9.306487143340433e-05,
          "min": 3.86163592338562e-05,
          "max": 0.0006268508732318878,
          "p50": 8.931383490562439e-05,
          "p90": 0.00011145323514938354,
          "p99": 0.00017833858728408825
        },
        "preprocess_seconds": {
          "count": 991,
          "mean": 9.740979667268055e-05,
          "min": 4.011392593383789e-05,
          "max": 0.0002185031771659851,
          "p50": 9.690970182418823e-05,
          "p90": 0.0001145191490650177,
          "p99": 0.00014292187988758088
        },
        "primary_remote_get_action_seconds": {
          "count": 991,
          "mean": 0.09653489035295791,
          "min": 0.05631524324417114,
          "max": 2.7516706697642803,
          "p50": 0.0718168318271637,
          "p90": 0.15626970678567886,
          "p99": 0.2659949455410243
        },
        "remote_get_action_seconds": {
          "count": 991,
          "mean": 0.09653489035295791,
          "min": 0.05631524324417114,
          "max": 2.7516706697642803,
          "p50": 0.0718168318271637,
          "p90": 0.15626970678567886,
          "p99": 0.2659949455410243
        }
      },
      "action_perturbation": {
        "keys": [],
        "amplitude": 0.0,
        "sign": 1.0,
        "normalize_by_num_keys": true,
        "step_start": null,
        "step_end": null,
        "clip": true
      }
    },
    {
      "episode_index": 2,
      "task_id": 6,
      "init_index": 8,
      "success": false,
      "deterministic_policy_seeds": true,
      "policy_seed_base": 20260613,
      "policy_latency_seconds": {
        "count": 991,
        "mean": 0.0940214960857489,
        "min": 0.05725717917084694,
        "max": 0.39551205560564995,
        "p50": 0.07383079454302788,
        "p90": 0.15483801439404488,
        "p99": 0.1950232580304146
      },
      "policy_breakdown_seconds": {
        "gripper_oracle_remote_get_action_seconds": {
          "count": 991,
          "mean": 0.0,
          "min": 0.0,
          "max": 0.0,
          "p50": 0.0,
          "p90": 0.0,
          "p99": 0.0
        },
        "oracle_remote_get_action_seconds": {
          "count": 991,
          "mean": 0.0,
          "min": 0.0,
          "max": 0.0,
          "p50": 0.0,
          "p90": 0.0,
          "p99": 0.0
        },
        "policy_total_seconds": {
          "count": 991,
          "mean": 0.0940214960857489,
          "min": 0.05725717917084694,
          "max": 0.39551205560564995,
          "p50": 0.07383079454302788,
          "p90": 0.15483801439404488,
          "p99": 0.1950232580304146
        },
        "postprocess_seconds": {
          "count": 991,
          "mean": 9.43379057524303e-05,
          "min": 3.596767783164978e-05,
          "max": 0.00015242397785186768,
          "p50": 9.266287088394165e-05,
          "p90": 0.00010919570922851562,
          "p99": 0.00013207346200942995
        },
        "preprocess_seconds": {
          "count": 991,
          "mean": 9.934665065721113e-05,
          "min": 3.86163592338562e-05,
          "max": 0.00015381723642349243,
          "p50": 0.00010076910257339478,
          "p90": 0.00011153519153594971,
          "p99": 0.00012846551835536958
        },
        "primary_remote_get_action_seconds": {
          "count": 991,
          "mean": 0.09382397385631752,
          "min": 0.0570981428027153,
          "max": 0.3952689468860626,
          "p50": 0.0736398696899414,
          "p90": 0.15462494269013405,
          "p99": 0.1948282353579998
        },
        "remote_get_action_seconds": {
          "count": 991,
          "mean": 0.09382397385631752,
          "min": 0.0570981428027153,
          "max": 0.3952689468860626,
          "p50": 0.0736398696899414,
          "p90": 0.15462494269013405,
          "p99": 0.1948282353579998
        }
      },
      "action_perturbation": {
        "keys": [],
        "amplitude": 0.0,
        "sign": 1.0,
        "normalize_by_num_keys": true,
        "step_start": null,
        "step_end": null,
        "clip": true
      }
    }
  ]
}