{
  "task_suite_name": "libero_10",
  "port": 5604,
  "total_episodes": 2,
  "total_successes": 0,
  "success_rate": 0.0,
  "deterministic_policy_seeds": true,
  "policy_seed_base": 20260613,
  "policy_latency_seconds": {
    "count": 1982,
    "mean": 0.25543317983282204,
    "min": 0.19394291192293167,
    "max": 1.8425284028053284,
    "p50": 0.2523785401135683,
    "p90": 0.2648300722241402,
    "p99": 0.35749926399439574
  },
  "policy_breakdown_seconds": {
    "gripper_oracle_remote_get_action_seconds": {
      "count": 1982,
      "mean": 0.12454455160920243,
      "min": 0.09469739720225334,
      "max": 0.3735990487039089,
      "p50": 0.1222636066377163,
      "p90": 0.13365120813250542,
      "p99": 0.22800137832760858
    },
    "oracle_remote_get_action_seconds": {
      "count": 1982,
      "mean": 0.12454455160920243,
      "min": 0.09469739720225334,
      "max": 0.3735990487039089,
      "p50": 0.1222636066377163,
      "p90": 0.13365120813250542,
      "p99": 0.22800137832760858
    },
    "policy_total_seconds": {
      "count": 1982,
      "mean": 0.25543317983282204,
      "min": 0.19394291192293167,
      "max": 1.8425284028053284,
      "p50": 0.2523785401135683,
      "p90": 0.2648300722241402,
      "p99": 0.35749926399439574
    },
    "postprocess_seconds": {
      "count": 1982,
      "mean": 0.00015967759735107902,
      "min": 4.710257053375244e-05,
      "max": 0.0036052390933036804,
      "p50": 0.00015647895634174347,
      "p90": 0.0001741476356983185,
      "p99": 0.00022912558168172842
    },
    "preprocess_seconds": {
      "count": 1982,
      "mean": 0.00013208779667087808,
      "min": 4.4655054807662964e-05,
      "max": 0.0006152503192424774,
      "p50": 0.00012927688658237457,
      "p90": 0.00015165917575359343,
      "p99": 0.00020998355001211198
    },
    "primary_remote_get_action_seconds": {
      "count": 1982,
      "mean": 0.13049389368560313,
      "min": 0.07314484938979149,
      "max": 1.6286964938044548,
      "p50": 0.12885279394686222,
      "p90": 0.1479171797633171,
      "p99": 0.17300182666629554
    },
    "remote_get_action_seconds": {
      "count": 1982,
      "mean": 0.2550384452948055,
      "min": 0.19371095299720764,
      "max": 1.8422247767448425,
      "p50": 0.2520169410854578,
      "p90": 0.2643737945705652,
      "p99": 0.35711707789450886
    }
  },
  "episodes": [
    {
      "episode_index": 1,
      "task_id": 4,
      "init_index": 9,
      "success": false,
      "deterministic_policy_seeds": true,
      "policy_seed_base": 20260613,
      "policy_latency_seconds": {
        "count": 991,
        "mean": 0.25402560019649484,
        "min": 0.19394291192293167,
        "max": 1.8425284028053284,
        "p50": 0.2500518932938576,
        "p90": 0.26488498970866203,
        "p99": 0.3462894823402167
      },
      "policy_breakdown_seconds": {
        "gripper_oracle_remote_get_action_seconds": {
          "count": 991,
          "mean": 0.12537675831320308,
          "min": 0.09469739720225334,
          "max": 0.26703649014234543,
          "p50": 0.12247414514422417,
          "p90": 0.1340094357728958,
          "p99": 0.234867462515831
        },
        "oracle_remote_get_action_seconds": {
          "count": 991,
          "mean": 0.12537675831320308,
          "min": 0.09469739720225334,
          "max": 0.26703649014234543,
          "p50": 0.12247414514422417,
          "p90": 0.1340094357728958,
          "p99": 0.234867462515831
        },
        "policy_total_seconds": {
          "count": 991,
          "mean": 0.25402560019649484,
          "min": 0.19394291192293167,
          "max": 1.8425284028053284,
          "p50": 0.2500518932938576,
          "p90": 0.26488498970866203,
          "p99": 0.3462894823402167
        },
        "postprocess_seconds": {
          "count": 991,
          "mean": 0.0001605975203870163,
          "min": 5.2444636821746826e-05,
          "max": 0.0006590522825717926,
          "p50": 0.0001616738736629486,
          "p90": 0.0001789294183254242,
          "p99": 0.0002386614680290223
        },
        "preprocess_seconds": {
          "count": 991,
          "mean": 0.00013221827392982305,
          "min": 4.576146602630615e-05,
          "max": 0.0003212392330169678,
          "p50": 0.00013092905282974243,
          "p90": 0.00015519186854362488,
          "p99": 0.0002148829400539399
        },
        "primary_remote_get_action_seconds": {
          "count": 991,
          "mean": 0.12824994174521098,
          "min": 0.07355460524559021,
          "max": 1.6286964938044548,
          "p50": 0.12598968297243118,
          "p90": 0.14800001680850983,
          "p99": 0.17152426168322565
        },
        "remote_get_action_seconds": {
          "count": 991,
          "mean": 0.25362670005841403,
          "min": 0.19371095299720764,
          "max": 1.8422247767448425,
          "p50": 0.2496509850025177,
          "p90": 0.264608021825552,
          "p99": 0.34521698988974103
        }
      }
    },
    {
      "episode_index": 2,
      "task_id": 6,
      "init_index": 8,
      "success": false,
      "deterministic_policy_seeds": true,
      "policy_seed_base": 20260613,
      "policy_latency_seconds": {
        "count": 991,
        "mean": 0.2568407594691492,
        "min": 0.1961955390870571,
        "max": 0.5424452014267445,
        "p50": 0.2548532038927078,
        "p90": 0.26446615904569626,
        "p99": 0.37575680799782285
      },
      "policy_breakdown_seconds": {
        "gripper_oracle_remote_get_action_seconds": {
          "count": 991,
          "mean": 0.12371234490520178,
          "min": 0.09607471898198128,
          "max": 0.3735990487039089,
          "p50": 0.12192142009735107,
          "p90": 0.1332312673330307,
          "p99": 0.21296265907585638
        },
        "oracle_remote_get_action_seconds": {
          "count": 991,
          "mean": 0.12371234490520178,
          "min": 0.09607471898198128,
          "max": 0.3735990487039089,
          "p50": 0.12192142009735107,
          "p90": 0.1332312673330307,
          "p99": 0.21296265907585638
        },
        "policy_total_seconds": {
          "count": 991,
          "mean": 0.2568407594691492,
          "min": 0.1961955390870571,
          "max": 0.5424452014267445,
          "p50": 0.2548532038927078,
          "p90": 0.26446615904569626,
          "p99": 0.37575680799782285
        },
        "postprocess_seconds": {
          "count": 991,
          "mean": 0.00015875767431514174,
          "min": 4.710257053375244e-05,
          "max": 0.0036052390933036804,
          "p50": 0.00015115365386009216,
          "p90": 0.0001681596040725708,
          "p99": 0.00020470544695854194
        },
        "preprocess_seconds": {
          "count": 991,
          "mean": 0.0001319573194119331,
          "min": 4.4655054807662964e-05,
          "max": 0.0006152503192424774,
          "p50": 0.0001264326274394989,
          "p90": 0.0001455657184123993,
          "p99": 0.000199970602989197
        },
        "primary_remote_get_action_seconds": {
          "count": 991,
          "mean": 0.13273784562599528,
          "min": 0.07314484938979149,
          "max": 0.3756061941385269,
          "p50": 0.13192976266145706,
          "p90": 0.14786804094910622,
          "p99": 0.17361568585038192
        },
        "remote_get_action_seconds": {
          "count": 991,
          "mean": 0.25645019053119705,
          "min": 0.1958022341132164,
          "max": 0.5420581102371216,
          "p50": 0.25445058569312096,
          "p90": 0.2640609033405781,
          "p99": 0.3753622461110354
        }
      }
    }
  ]
}