{
  "label": "n17_fp16",
  "writes": 36,
  "get_action_seconds": {
    "count": 34,
    "mean": 0.3178661965272006,
    "min": 0.05574515089392662,
    "max": 6.536970414221287,
    "p50": 0.09567050822079182,
    "p90": 0.17133053243160246,
    "p99": 4.676646793745467
  },
  "extra": {
    "server_memory": {
      "allocated_mib": 6023,
      "reserved_mib": 6218,
      "max_allocated_mib": 6093,
      "max_reserved_mib": 6218
    },
    "compile_step_window_fallback": {
      "enabled": true,
      "step_start": 0,
      "step_end": 20,
      "request_index": 34,
      "compiled_requests": 14,
      "eager_requests": 20,
      "eager_fraction": 0.5882352941176471,
      "last_mode": "compiled"
    }
  }
}