{
  "task_suite_name": "libero_10",
  "port": 5573,
  "total_episodes": 3,
  "total_successes": 2,
  "success_rate": 0.6666666666666666,
  "policy_latency_seconds": {
    "count": 1474,
    "mean": 0.1598997600755706,
    "min": 0.08811799809336662,
    "max": 0.8095154315233231,
    "p50": 0.16123685613274574,
    "p90": 0.1700938642024994,
    "p99": 0.19577983923256395
  },
  "policy_breakdown_seconds": {
    "policy_total_seconds": {
      "count": 1474,
      "mean": 0.1598997600755706,
      "min": 0.08811799809336662,
      "max": 0.8095154315233231,
      "p50": 0.16123685613274574,
      "p90": 0.1700938642024994,
      "p99": 0.19577983923256395
    },
    "postprocess_seconds": {
      "count": 1474,
      "mean": 0.00011602819997064132,
      "min": 4.018843173980713e-05,
      "max": 0.0005665160715579987,
      "p50": 0.0001131650060415268,
      "p90": 0.00013490281999111174,
      "p99": 0.0001675746962428093
    },
    "preprocess_seconds": {
      "count": 1474,
      "mean": 0.00011587277651237503,
      "min": 3.8545578718185425e-05,
      "max": 0.0011108070611953735,
      "p50": 0.0001131352037191391,
      "p90": 0.00012955814599990845,
      "p99": 0.00017456274479627604
    },
    "remote_get_action_seconds": {
      "count": 1474,
      "mean": 0.15966466320438494,
      "min": 0.08801748231053352,
      "max": 0.8093772083520889,
      "p50": 0.16100403107702732,
      "p90": 0.16983870305120946,
      "p99": 0.19556134413927792
    }
  },
  "episodes": [
    {
      "episode_index": 1,
      "task_id": 6,
      "init_index": 0,
      "success": false,
      "policy_latency_seconds": {
        "count": 991,
        "mean": 0.16019130856415217,
        "min": 0.08811799809336662,
        "max": 0.8095154315233231,
        "p50": 0.16157622635364532,
        "p90": 0.17072268202900887,
        "p99": 0.1971172817051411
      },
      "policy_breakdown_seconds": {
        "policy_total_seconds": {
          "count": 991,
          "mean": 0.16019130856415217,
          "min": 0.08811799809336662,
          "max": 0.8095154315233231,
          "p50": 0.16157622635364532,
          "p90": 0.17072268202900887,
          "p99": 0.1971172817051411
        },
        "postprocess_seconds": {
          "count": 991,
          "mean": 0.00011486626642743947,
          "min": 4.018843173980713e-05,
          "max": 0.0005665160715579987,
          "p50": 0.0001118592917919159,
          "p90": 0.00013371184468269348,
          "p99": 0.00015996359288692478
        },
        "preprocess_seconds": {
          "count": 991,
          "mean": 0.00011454827474537339,
          "min": 3.8545578718185425e-05,
          "max": 0.0011108070611953735,
          "p50": 0.00011180713772773743,
          "p90": 0.00012759119272232056,
          "p99": 0.00017405375838279728
        },
        "remote_get_action_seconds": {
          "count": 991,
          "mean": 0.15995865111078553,
          "min": 0.08801748231053352,
          "max": 0.8093772083520889,
          "p50": 0.16131414845585823,
          "p90": 0.17048177123069763,
          "p99": 0.19686122797429564
        }
      }
    },
    {
      "episode_index": 2,
      "task_id": 6,
      "init_index": 1,
      "success": true,
      "policy_latency_seconds": {
        "count": 236,
        "mean": 0.15956448416336108,
        "min": 0.09517977014183998,
        "max": 0.5874388441443443,
        "p50": 0.16178628616034985,
        "p90": 0.1697363182902336,
        "p99": 0.2551681462675339
      },
      "policy_breakdown_seconds": {
        "policy_total_seconds": {
          "count": 236,
          "mean": 0.15956448416336108,
          "min": 0.09517977014183998,
          "max": 0.5874388441443443,
          "p50": 0.16178628616034985,
          "p90": 0.1697363182902336,
          "p99": 0.2551681462675339
        },
        "postprocess_seconds": {
          "count": 236,
          "mean": 0.00012139380925287635,
          "min": 4.578009247779846e-05,
          "max": 0.0004902966320514679,
          "p50": 0.00012153014540672302,
          "p90": 0.00013782642781734467,
          "p99": 0.000212838500738144
        },
        "preprocess_seconds": {
          "count": 236,
          "mean": 0.00011928594213421062,
          "min": 4.233792424201965e-05,
          "max": 0.0007162541151046753,
          "p50": 0.00011441297829151154,
          "p90": 0.0001289956271648407,
          "p99": 0.0003282584249973307
        },
        "remote_get_action_seconds": {
          "count": 236,
          "mean": 0.15932065166406711,
          "min": 0.0950143113732338,
          "max": 0.5872383415699005,
          "p50": 0.1615360528230667,
          "p90": 0.16948005743324757,
          "p99": 0.25492148380726637
        }
      }
    },
    {
      "episode_index": 3,
      "task_id": 6,
      "init_index": 2,
      "success": true,
      "policy_latency_seconds": {
        "count": 247,
        "mean": 0.15905036964276542,
        "min": 0.0959230288863182,
        "max": 0.19621235877275467,
        "p50": 0.16034843772649765,
        "p90": 0.16727866977453232,
        "p99": 0.18785289473831646
      },
      "policy_breakdown_seconds": {
        "policy_total_seconds": {
          "count": 247,
          "mean": 0.15905036964276542,
          "min": 0.0959230288863182,
          "max": 0.19621235877275467,
          "p50": 0.16034843772649765,
          "p90": 0.16727866977453232,
          "p99": 0.18785289473831646
        },
        "postprocess_seconds": {
          "count": 247,
          "mean": 0.00011556339167390275,
          "min": 4.3608248233795166e-05,
          "max": 0.00018576905131340027,
          "p50": 0.00011318176984786987,
          "p90": 0.00013414919376373292,
          "p99": 0.00016178525984287257
        },
        "preprocess_seconds": {
          "count": 247,
          "mean": 0.00011792570835183024,
          "min": 4.18834388256073e-05,
          "max": 0.00019252300262451172,
          "p50": 0.0001191459596157074,
          "p90": 0.00013772323727607728,
          "p99": 0.00015713885426521298
        },
        "remote_get_action_seconds": {
          "count": 247,
          "mean": 0.15881383206378594,
          "min": 0.09576040133833885,
          "max": 0.1960049346089363,
          "p50": 0.1600794829428196,
          "p90": 0.1670210801064968,
          "p99": 0.1876213724911212
        }
      }
    }
  ]
}