{
  "label": "n17_fp16",
  "writes": 27,
  "get_action_seconds": {
    "count": 25,
    "mean": 0.37820694521069526,
    "min": 0.05436021834611893,
    "max": 6.996300157159567,
    "p50": 0.0963546447455883,
    "p90": 0.1603299230337143,
    "p99": 5.356543538421379
  },
  "extra": {
    "server_memory": {
      "allocated_mib": 6023,
      "reserved_mib": 6218,
      "max_allocated_mib": 6092,
      "max_reserved_mib": 6218
    },
    "compile_step_window_fallback": {
      "enabled": true,
      "step_start": 10,
      "step_end": 25,
      "request_index": 25,
      "compiled_requests": 10,
      "eager_requests": 15,
      "eager_fraction": 0.6,
      "last_mode": "eager"
    }
  }
}