{
  "label": "n17_fp16",
  "writes": 34,
  "get_action_seconds": {
    "count": 32,
    "mean": 0.2994711232604459,
    "min": 0.054749321192502975,
    "max": 6.176116719841957,
    "p50": 0.06827913783490658,
    "p90": 0.14857500828802586,
    "p99": 4.5627647858485645
  },
  "extra": {
    "server_memory": {
      "allocated_mib": 6023,
      "reserved_mib": 6216,
      "max_allocated_mib": 6090,
      "max_reserved_mib": 6216
    },
    "compile_step_window_fallback": {
      "enabled": true,
      "step_start": 0,
      "step_end": 10,
      "request_index": 32,
      "compiled_requests": 22,
      "eager_requests": 10,
      "eager_fraction": 0.3125,
      "last_mode": "compiled"
    }
  }
}