{
  "label": "n17_fp16",
  "writes": 42,
  "get_action_seconds": {
    "count": 40,
    "mean": 0.13638420645147561,
    "min": 0.09252241253852844,
    "max": 0.7493417300283909,
    "p50": 0.10554163716733456,
    "p90": 0.16959394924342633,
    "p99": 0.5385881133377549
  },
  "extra": {
    "server_memory": {
      "allocated_mib": 6023,
      "reserved_mib": 6190,
      "max_allocated_mib": 6092,
      "max_reserved_mib": 6190
    }
  }
}