{
  "torch_version": "2.8.0+cu128",
  "cuda_available": true,
  "device": "cuda",
  "scope": "llm_attn_only",
  "scope_description": "LLM self-attention Linear modules only",
  "prefer_triton": true,
  "denoising_steps": 1,
  "num_observations": 3,
  "load_seconds": 12.46556282043457,
  "teacher_seconds": 0.5727899074554443,
  "patch_seconds": 0.03796863555908203,
  "student_seconds": 0.4725315570831299,
  "patched_modules": 48,
  "patch_summary": {
    "all": {
      "modules": 48,
      "fp16_weight_bytes": 301989888,
      "packed_weight_bytes": 75497472,
      "scale_bytes": 294912,
      "bias_bytes": 0,
      "packed_plus_scale_ratio_vs_fp16": 0.2509765625
    },
    "by_group": {
      "llm_attn": {
        "modules": 48,
        "fp16_weight_bytes": 301989888,
        "packed_weight_bytes": 75497472,
        "scale_bytes": 294912,
        "bias_bytes": 0,
        "packed_plus_scale_ratio_vs_fp16": 0.2509765625
      }
    }
  },
  "comparisons": [
    {
      "mse": 0.0016189067121904072,
      "nmse": 0.033575521697826134,
      "rmse": 0.04023563982578638,
      "relative_rmse": 0.18323624558974716,
      "cosine": 0.9835558514519935,
      "max_abs_diff": 0.130859375,
      "teacher_rms": 0.2195834110019428,
      "student_rms": 0.20917735711467544,
      "per_key": {
        "action.gripper": {
          "mse": 0.0048809051513671875,
          "nmse": 0.19179492258799344,
          "max_abs_diff": 0.130859375,
          "teacher_rms": 0.15952605711897677,
          "student_rms": 0.10245501286986314
        },
        "action.pitch": {
          "mse": 2.0087558680048634e-05,
          "nmse": 0.07964394250356355,
          "max_abs_diff": 0.009358257055282593,
          "teacher_rms": 0.015881342215201443,
          "student_rms": 0.018373741746042557
        },
        "action.roll": {
          "mse": 2.8527255686444652e-06,
          "nmse": 0.022675373960544434,
          "max_abs_diff": 0.004190847277641296,
          "teacher_rms": 0.01121638139249181,
          "student_rms": 0.01031688495798573
        },
        "action.x": {
          "mse": 8.051865734159946e-05,
          "nmse": 0.001797546512830276,
          "max_abs_diff": 0.0146484375,
          "teacher_rms": 0.21164508810055252,
          "student_rms": 0.20840681513467427
        },
        "action.y": {
          "mse": 0.004049003564432496,
          "nmse": 0.0173805616582083,
          "max_abs_diff": 0.1190185546875,
          "teacher_rms": 0.4826609642628371,
          "student_rms": 0.4656548793862543
        },
        "action.yaw": {
          "mse": 1.4288619322400109e-05,
          "nmse": 0.3030064056571479,
          "max_abs_diff": 0.008701145648956299,
          "teacher_rms": 0.006867034480886509,
          "student_rms": 0.008419314457681194
        },
        "action.z": {
          "mse": 0.0022846907086204737,
          "nmse": 0.06741662786786665,
          "max_abs_diff": 0.08056640625,
          "teacher_rms": 0.18408999882103244,
          "student_rms": 0.18709984713107114
        }
      },
      "variant": "zero",
      "seed": 20260606,
      "action_size": 112
    },
    {
      "mse": 0.03889865100803301,
      "nmse": 0.21372133866748177,
      "rmse": 0.1972274093731219,
      "relative_rmse": 0.4623000526362524,
      "cosine": 0.9140627767641981,
      "max_abs_diff": 0.8339843451976776,
      "teacher_rms": 0.42662207855793743,
      "student_rms": 0.29529914019205006,
      "per_key": {
        "action.gripper": {
          "mse": 0.2586948971838871,
          "nmse": 0.28454839941666626,
          "max_abs_diff": 0.8339843451976776,
          "teacher_rms": 0.9534893742413025,
          "student_rms": 0.475406689143177
        },
        "action.pitch": {
          "mse": 8.3006513622641e-05,
          "nmse": 0.522937577755839,
          "max_abs_diff": 0.01637694239616394,
          "teacher_rms": 0.012598857423451364,
          "student_rms": 0.01910651375413059
        },
        "action.roll": {
          "mse": 1.1274201967628739e-05,
          "nmse": 0.06989812280312346,
          "max_abs_diff": 0.008381694555282593,
          "teacher_rms": 0.012700187977879532,
          "student_rms": 0.013604828685128903
        },
        "action.x": {
          "mse": 0.005685687737582379,
          "nmse": 0.20287333910319355,
          "max_abs_diff": 0.0897216796875,
          "teacher_rms": 0.167409081428972,
          "student_rms": 0.22659314955911355
        },
        "action.y": {
          "mse": 0.005501714258571155,
          "nmse": 0.01757673065578394,
          "max_abs_diff": 0.163421630859375,
          "teacher_rms": 0.559474074510005,
          "student_rms": 0.5584228518123643
        },
        "action.yaw": {
          "mse": 2.9162033104490614e-05,
          "nmse": 2.294294644199703,
          "max_abs_diff": 0.012779831886291504,
          "teacher_rms": 0.0035652033313959977,
          "student_rms": 0.0069364068281264355
        },
        "action.z": {
          "mse": 0.0022848151274956763,
          "nmse": 0.09708974863908527,
          "max_abs_diff": 0.1318359375,
          "teacher_rms": 0.1534047631236765,
          "student_rms": 0.14359928440150588
        }
      },
      "variant": "midgray",
      "seed": 20260607,
      "action_size": 112
    },
    {
      "mse": 0.0026647346913052927,
      "nmse": 0.031127336569109352,
      "rmse": 0.0516210682890745,
      "relative_rmse": 0.17642940959236178,
      "cosine": 0.9859104170122736,
      "max_abs_diff": 0.1728515625,
      "teacher_rms": 0.29258766102740136,
      "student_rms": 0.30487804006780694,
      "per_key": {
        "action.gripper": {
          "mse": 0.012287202675906939,
          "nmse": 0.03198137730862474,
          "max_abs_diff": 0.1728515625,
          "teacher_rms": 0.6198376170718465,
          "student_rms": 0.6986394237458344
        },
        "action.pitch": {
          "mse": 1.583546832051308e-06,
          "nmse": 0.24341972725578725,
          "max_abs_diff": 0.002339571714401245,
          "teacher_rms": 0.0025505718968358917,
          "student_rms": 0.0030651719303496925
        },
        "action.roll": {
          "mse": 2.8653771193543065e-06,
          "nmse": 0.058896048936506865,
          "max_abs_diff": 0.004190847277641296,
          "teacher_rms": 0.006975057848554476,
          "student_rms": 0.006393420321278747
        },
        "action.x": {
          "mse": 0.0005018435331294313,
          "nmse": 0.0160780208726603,
          "max_abs_diff": 0.03662109375,
          "teacher_rms": 0.17667205960698193,
          "student_rms": 0.18407413786007287
        },
        "action.y": {
          "mse": 0.004062135485582985,
          "nmse": 0.03457529140360843,
          "max_abs_diff": 0.128173828125,
          "teacher_rms": 0.3427632702360215,
          "student_rms": 0.2858499943041072
        },
        "action.yaw": {
          "mse": 1.3725355149374341e-05,
          "nmse": 0.2502792016041972,
          "max_abs_diff": 0.005800783634185791,
          "teacher_rms": 0.0074054152306573355,
          "student_rms": 0.005090157397023265
        },
        "action.z": {
          "mse": 0.0017837868654169142,
          "nmse": 0.02692734825614305,
          "max_abs_diff": 0.05859375,
          "teacher_rms": 0.2573799352488433,
          "student_rms": 0.21653545326324466
        }
      },
      "variant": "noise",
      "seed": 20260608,
      "action_size": 112
    }
  ],
  "summary": {
    "observations": 3,
    "mse": {
      "mean": 0.01439409747050957,
      "max": 0.03889865100803301,
      "min": 0.0016189067121904072
    },
    "nmse": {
      "mean": 0.09280806564480576,
      "max": 0.21372133866748177,
      "min": 0.031127336569109352
    },
    "rmse": {
      "mean": 0.09636137249599425,
      "max": 0.1972274093731219,
      "min": 0.04023563982578638
    },
    "relative_rmse": {
      "mean": 0.2739885692727871,
      "max": 0.4623000526362524,