{
  "task_suite_name": "libero_10",
  "port": 5608,
  "total_episodes": 2,
  "total_successes": 2,
  "success_rate": 1.0,
  "deterministic_policy_seeds": true,
  "policy_seed_base": 20260613,
  "policy_latency_seconds": {
    "count": 873,
    "mean": 0.2563134859415264,
    "min": 0.19742201268672943,
    "max": 1.540124874562025,
    "p50": 0.252734512090683,
    "p90": 0.26393082141876223,
    "p99": 0.3484732553362846
  },
  "policy_breakdown_seconds": {
    "gripper_oracle_remote_get_action_seconds": {
      "count": 873,
      "mean": 0.11830696677373037,
      "min": 0.08990755677223206,
      "max": 0.2631672993302345,
      "p50": 0.11800879240036011,
      "p90": 0.12626587674021722,
      "p99": 0.2009395846724509
    },
    "oracle_remote_get_action_seconds": {
      "count": 873,
      "mean": 0.11830696677373037,
      "min": 0.08990755677223206,
      "max": 0.2631672993302345,
      "p50": 0.11800879240036011,
      "p90": 0.12626587674021722,
      "p99": 0.2009395846724509
    },
    "policy_total_seconds": {
      "count": 873,
      "mean": 0.2563134859415264,
      "min": 0.19742201268672943,
      "max": 1.540124874562025,
      "p50": 0.252734512090683,
      "p90": 0.26393082141876223,
      "p99": 0.3484732553362846
    },
    "postprocess_seconds": {
      "count": 873,
      "mean": 0.00016487927046974636,
      "min": 8.180737495422363e-05,
      "max": 0.00041442736983299255,
      "p50": 0.00016278773546218872,
      "p90": 0.00017817243933677674,
      "p99": 0.00020812794566154474
    },
    "preprocess_seconds": {
      "count": 873,
      "mean": 0.0001296619890003816,
      "min": 6.103515625e-05,
      "max": 0.00035753846168518066,
      "p50": 0.00012528151273727417,
      "p90": 0.00014849677681922914,
      "p99": 0.00017117992043495176
    },
    "primary_remote_get_action_seconds": {
      "count": 873,
      "mean": 0.13757914841550595,
      "min": 0.07615723460912704,
      "max": 1.4138368181884289,
      "p50": 0.1339024342596531,
      "p90": 0.1594124838709831,
      "p99": 0.17399522259831426
    },
    "remote_get_action_seconds": {
      "count": 873,
      "mean": 0.2558861151892363,
      "min": 0.19703246280550957,
      "max": 1.5398231782019138,
      "p50": 0.25229043141007423,
      "p90": 0.26348697394132614,
      "p99": 0.348047711700201
    }
  },
  "episodes": [
    {
      "episode_index": 1,
      "task_id": 4,
      "init_index": 9,
      "success": true,
      "deterministic_policy_seeds": true,
      "policy_seed_base": 20260613,
      "policy_latency_seconds": {
        "count": 224,
        "mean": 0.2582423998475341,
        "min": 0.21887322142720222,
        "max": 1.540124874562025,
        "p50": 0.25002267211675644,
        "p90": 0.2616829976439476,
        "p99": 0.35061153117567306
      },
      "policy_breakdown_seconds": {
        "gripper_oracle_remote_get_action_seconds": {
          "count": 224,
          "mean": 0.1184261171313535,
          "min": 0.09003786742687225,
          "max": 0.2532853074371815,
          "p50": 0.11802804470062256,
          "p90": 0.12642999328672888,
          "p99": 0.18529100719839353
        },
        "oracle_remote_get_action_seconds": {
          "count": 224,
          "mean": 0.1184261171313535,
          "min": 0.09003786742687225,
          "max": 0.2532853074371815,
          "p50": 0.11802804470062256,
          "p90": 0.12642999328672888,
          "p99": 0.18529100719839353
        },
        "policy_total_seconds": {
          "count": 224,
          "mean": 0.2582423998475341,
          "min": 0.21887322142720222,
          "max": 1.540124874562025,
          "p50": 0.25002267211675644,
          "p90": 0.2616829976439476,
          "p99": 0.35061153117567306
        },
        "postprocess_seconds": {
          "count": 224,
          "mean": 0.00017048588155635765,
          "min": 0.0001262277364730835,
          "max": 0.00041442736983299255,
          "p50": 0.00016903318464756012,
          "p90": 0.00018739998340606693,
          "p99": 0.0002313093468546868
        },
        "preprocess_seconds": {
          "count": 224,
          "mean": 0.0001395111737240638,
          "min": 7.949024438858032e-05,
          "max": 0.00035753846168518066,
          "p50": 0.0001374557614326477,
          "p90": 0.00015395954251289367,
          "p99": 0.0001926475390791893
        },
        "primary_remote_get_action_seconds": {
          "count": 224,
          "mean": 0.1393709746023108,
          "min": 0.10007026419043541,
          "max": 1.4138368181884289,
          "p50": 0.1309898979961872,
          "p90": 0.15880939960479737,
          "p99": 0.1754940224438906
        },
        "remote_get_action_seconds": {
          "count": 224,
          "mean": 0.2577970917336643,
          "min": 0.21842070296406746,
          "max": 1.5398231782019138,
          "p50": 0.24956899881362915,
          "p90": 0.26123113855719565,
          "p99": 0.3501488526165486
        }
      }
    },
    {
      "episode_index": 2,
      "task_id": 6,
      "init_index": 8,
      "success": true,
      "deterministic_policy_seeds": true,
      "policy_seed_base": 20260613,
      "policy_latency_seconds": {
        "count": 649,
        "mean": 0.25564772829137894,
        "min": 0.19742201268672943,
        "max": 0.4040270298719406,
        "p50": 0.25366347283124924,
        "p90": 0.26427845656871796,
        "p99": 0.3476113255321979
      },
      "policy_breakdown_seconds": {
        "gripper_oracle_remote_get_action_seconds": {
          "count": 649,
          "mean": 0.11826584245923488,
          "min": 0.08990755677223206,
          "max": 0.2631672993302345,
          "p50": 0.11798569932579994,
          "p90": 0.12604332491755488,
          "p99": 0.20885626018047315
        },
        "oracle_remote_get_action_seconds": {
          "count": 649,
          "mean": 0.11826584245923488,
          "min": 0.08990755677223206,
          "max": 0.2631672993302345,
          "p50": 0.11798569932579994,
          "p90": 0.12604332491755488,
          "p99": 0.20885626018047315
        },
        "policy_total_seconds": {
          "count": 649,
          "mean": 0.25564772829137894,
          "min": 0.19742201268672943,
          "max": 0.4040270298719406,
          "p50": 0.25366347283124924,
          "p90": 0.26427845656871796,
          "p99": 0.3476113255321979
        },
        "postprocess_seconds": {
          "count": 649,
          "mean": 0.0001629441689544907,
          "min": 8.180737495422363e-05,
          "max": 0.00023651123046875,
          "p50": 0.00016169250011444092,
          "p90": 0.00017431974411010742,
          "p99": 0.00018951416015624994
        },
        "preprocess_seconds": {
          "count": 649,
          "mean": 0.00012626257855646048,
          "min": 6.103515625e-05,
          "max": 0.00018930062651634216,
          "p50": 0.00012372806668281555,
          "p90": 0.00013897493481636048,
          "p99": 0.00016021341085433957
        },
        "primary_remote_get_action_seconds": {
          "count": 649,
          "mean": 0.13696070609525282,
          "min": 0.07615723460912704,
          "max": 0.18595979735255241,
          "p50": 0.13489292189478874,
          "p90": 0.15942611843347548,
          "p99": 0.17322183176875114
        },
        "remote_get_action_seconds": {
          "count": 649,
          "mean": 0.2552265485544877,
          "min": 0.19703246280550957,
          "max": 0.40357304364442825,
          "p50": 0.25320394337177277,
          "p90": 0.26378759518265726,
          "p99": 0.3472881285846233
        }
      }
    }
  ]
}