{
  "label": "n17_fp16",
  "writes": 33,
  "get_action_seconds": {
    "count": 31,
    "mean": 0.33773222481531484,
    "min": 0.05591251328587532,
    "max": 7.328842394053936,
    "p50": 0.1005224883556366,
    "p90": 0.16064855456352234,
    "p99": 5.1801963213831135
  },
  "extra": {
    "server_memory": {
      "allocated_mib": 6023,
      "reserved_mib": 6216,
      "max_allocated_mib": 6090,
      "max_reserved_mib": 6216
    },
    "compile_step_window_fallback": {
      "enabled": true,
      "step_start": 10,
      "step_end": 25,
      "request_index": 31,
      "compiled_requests": 16,
      "eager_requests": 15,
      "eager_fraction": 0.4838709677419355,
      "last_mode": "compiled"
    }
  }
}