{
  "label": "n17_fp16",
  "writes": 90,
  "get_action_seconds": {
    "count": 88,
    "mean": 0.1685983935709704,
    "min": 0.05453574284911156,
    "max": 6.975342977792025,
    "p50": 0.08794060721993446,
    "p90": 0.1292113121598959,
    "p99": 1.0937346100434353
  },
  "extra": {
    "server_memory": {
      "allocated_mib": 6023,
      "reserved_mib": 6212,
      "max_allocated_mib": 6088,
      "max_reserved_mib": 6212
    },
    "compile_step_window_fallback": {
      "enabled": true,
      "step_start": 10,
      "step_end": 30,
      "request_index": 88,
      "compiled_requests": 68,
      "eager_requests": 20,
      "eager_fraction": 0.22727272727272727,
      "last_mode": "compiled"
    }
  }
}