{
  "label": "n17_fp16",
  "writes": 35,
  "get_action_seconds": {
    "count": 33,
    "mean": 0.3343178734860637,
    "min": 0.058387406170368195,
    "max": 6.591970335692167,
    "p50": 0.10294689983129501,
    "p90": 0.1998197875916958,
    "p99": 4.7832211796939355
  },
  "extra": {
    "server_memory": {
      "allocated_mib": 6023,
      "reserved_mib": 6216,
      "max_allocated_mib": 6090,
      "max_reserved_mib": 6216
    },
    "compile_step_window_fallback": {
      "enabled": true,
      "step_start": 0,
      "step_end": 20,
      "request_index": 33,
      "compiled_requests": 13,
      "eager_requests": 20,
      "eager_fraction": 0.6060606060606061,
      "last_mode": "compiled"
    }
  }
}