{
  "label": "fp16_official",
  "writes": 21,
  "get_action_seconds": {
    "count": 991,
    "mean": 0.13404045684411595,
    "min": 0.08400271832942963,
    "max": 0.6895040310919285,
    "p50": 0.1463620848953724,
    "p90": 0.16365044564008713,
    "p99": 0.22470147237181745
  }
}