{
  "label": "n17_fp16",
  "writes": 31,
  "get_action_seconds": {
    "count": 29,
    "mean": 0.34981702871877574,
    "min": 0.058628860861063004,
    "max": 6.326380502432585,
    "p50": 0.0968162976205349,
    "p90": 0.19724047556519506,
    "p99": 4.798308731466525
  },
  "extra": {
    "server_memory": {
      "allocated_mib": 6023,
      "reserved_mib": 6216,
      "max_allocated_mib": 6090,
      "max_reserved_mib": 6216
    },
    "compile_step_window_fallback": {
      "enabled": true,
      "step_start": 0,
      "step_end": 20,
      "request_index": 29,
      "compiled_requests": 9,
      "eager_requests": 20,
      "eager_fraction": 0.6896551724137931,
      "last_mode": "compiled"
    }
  }
}