{
  "label": "fp16_official",
  "writes": 69,
  "get_action_seconds": {
    "count": 3370,
    "mean": 0.1472217602229702,
    "min": 0.08407958969473839,
    "max": 0.23230883851647377,
    "p50": 0.15607828833162785,
    "p90": 0.16279077976942063,
    "p99": 0.17644458677619684
  }
}