{
  "label": "n17_fp16",
  "writes": 27,
  "get_action_seconds": {
    "count": 25,
    "mean": 0.4091117031872272,
    "min": 0.05675434321165085,
    "max": 7.522019397467375,
    "p50": 0.09865178167819977,
    "p90": 0.1787884518504143,
    "p99": 5.785124297589049
  },
  "extra": {
    "server_memory": {
      "allocated_mib": 6023,
      "reserved_mib": 6218,
      "max_allocated_mib": 6093,
      "max_reserved_mib": 6218
    },
    "compile_step_window_fallback": {
      "enabled": true,
      "step_start": 10,
      "step_end": 25,
      "request_index": 25,
      "compiled_requests": 10,
      "eager_requests": 15,
      "eager_fraction": 0.6,
      "last_mode": "eager"
    }
  }
}