{
  "label": "n17_fp16",
  "writes": 30,
  "get_action_seconds": {
    "count": 28,
    "mean": 0.3569575497614486,
    "min": 0.055545054376125336,
    "max": 6.485047202557325,
    "p50": 0.0982842855155468,
    "p90": 0.1649347074329853,
    "p99": 4.94821441691369
  },
  "extra": {
    "server_memory": {
      "allocated_mib": 6023,
      "reserved_mib": 6216,
      "max_allocated_mib": 6090,
      "max_reserved_mib": 6216
    },
    "compile_step_window_fallback": {
      "enabled": true,
      "step_start": 0,
      "step_end": 15,
      "request_index": 28,
      "compiled_requests": 13,
      "eager_requests": 15,
      "eager_fraction": 0.5357142857142857,
      "last_mode": "compiled"
    }
  }
}