{
  "label": "fp16_official",
  "writes": 21,
  "get_action_seconds": {
    "count": 991,
    "mean": 0.1419783382517719,
    "min": 0.08533900603652,
    "max": 1.418380532413721,
    "p50": 0.13950403779745102,
    "p90": 0.16717560216784477,
    "p99": 0.6238670084625495
  }
}