{
  "task_suite_name": "libero_10",
  "port": 5625,
  "total_episodes": 2,
  "total_successes": 2,
  "success_rate": 1.0,
  "deterministic_policy_seeds": true,
  "policy_seed_base": 20260613,
  "policy_latency_seconds": {
    "count": 447,
    "mean": 0.1044632802806978,
    "min": 0.0715087428689003,
    "max": 1.274025421589613,
    "p50": 0.0776665173470974,
    "p90": 0.14806338101625444,
    "p99": 0.15860547117888932
  },
  "policy_breakdown_seconds": {
    "policy_total_seconds": {
      "count": 447,
      "mean": 0.1044632802806978,
      "min": 0.0715087428689003,
      "max": 1.274025421589613,
      "p50": 0.0776665173470974,
      "p90": 0.14806338101625444,
      "p99": 0.15860547117888932
    },
    "postprocess_seconds": {
      "count": 447,
      "mean": 9.680898564240543e-05,
      "min": 3.794580698013306e-05,
      "max": 0.00025644898414611816,
      "p50": 9.655579924583435e-05,
      "p90": 0.00010916218161582947,
      "p99": 0.00013880558311939244
    },
    "preprocess_seconds": {
      "count": 447,
      "mean": 0.00011398084878388134,
      "min": 4.234910011291504e-05,
      "max": 0.0005762875080108643,
      "p50": 0.00011330470442771912,
      "p90": 0.00013052672147750854,
      "p99": 0.00014730945229530335
    },
    "remote_get_action_seconds": {
      "count": 447,
      "mean": 0.10424934680129858,
      "min": 0.07130978628993034,
      "max": 1.2738895304501057,
      "p50": 0.07746240869164467,
      "p90": 0.1478523053228855,
      "p99": 0.15842146173119548
    }
  },
  "episodes": [
    {
      "episode_index": 1,
      "task_id": 4,
      "init_index": 6,
      "success": true,
      "deterministic_policy_seeds": true,
      "policy_seed_base": 20260613,
      "policy_latency_seconds": {
        "count": 241,
        "mean": 0.10650119162261239,
        "min": 0.0715087428689003,
        "max": 1.274025421589613,
        "p50": 0.07535318285226822,
        "p90": 0.14760120958089828,
        "p99": 0.15871293544769285
      },
      "policy_breakdown_seconds": {
        "policy_total_seconds": {
          "count": 241,
          "mean": 0.10650119162261239,
          "min": 0.0715087428689003,
          "max": 1.274025421589613,
          "p50": 0.07535318285226822,
          "p90": 0.14760120958089828,
          "p99": 0.15871293544769285
        },
        "postprocess_seconds": {
          "count": 241,
          "mean": 9.540231952528737e-05,
          "min": 3.794580698013306e-05,
          "max": 0.00025644898414611816,
          "p50": 9.357556700706482e-05,
          "p90": 0.00010483711957931519,
          "p99": 0.00013888850808143615
        },
        "preprocess_seconds": {
          "count": 241,
          "mean": 0.0001150692708759387,
          "min": 4.234910011291504e-05,
          "max": 0.0002657584846019745,
          "p50": 0.0001149103045463562,
          "p90": 0.00013146176934242249,
          "p99": 0.0001473434269428253
        },
        "remote_get_action_seconds": {
          "count": 241,
          "mean": 0.10628761790105416,
          "min": 0.07130978628993034,
          "max": 1.2738895304501057,
          "p50": 0.07514147832989693,
          "p90": 0.14739299565553665,
          "p99": 0.15852575674653052
        }
      }
    },
    {
      "episode_index": 2,
      "task_id": 6,
      "init_index": 0,
      "success": true,
      "deterministic_policy_seeds": true,
      "policy_seed_base": 20260613,
      "policy_latency_seconds": {
        "count": 206,
        "mean": 0.10207912186612782,
        "min": 0.07228485867381096,
        "max": 0.16537033021450043,
        "p50": 0.0795237235724926,
        "p90": 0.14829673245549202,
        "p99": 0.154493498429656
      },
      "policy_breakdown_seconds": {
        "policy_total_seconds": {
          "count": 206,
          "mean": 0.10207912186612782,
          "min": 0.07228485867381096,
          "max": 0.16537033021450043,
          "p50": 0.0795237235724926,
          "p90": 0.14829673245549202,
          "p99": 0.154493498429656
        },
        "postprocess_seconds": {
          "count": 206,
          "mean": 9.845464842990764e-05,
          "min": 4.708021879196167e-05,
          "max": 0.00021049752831459045,
          "p50": 9.768642485141754e-05,
          "p90": 0.00011009909212589264,
          "p99": 0.00013723578304052346
        },
        "preprocess_seconds": {
          "count": 206,
          "mean": 0.000112707500608222,
          "min": 4.331022500991821e-05,
          "max": 0.0005762875080108643,
          "p50": 0.00010979548096656799,
          "p90": 0.0001292116940021515,
          "p99": 0.00014647468924522392
        },
        "remote_get_action_seconds": {
          "count": 206,
          "mean": 0.10186476750498258,
          "min": 0.07208884879946709,
          "max": 0.16526005044579506,
          "p50": 0.07933617196977139,
          "p90": 0.1480878982692957,
          "p99": 0.1543310489505529
        }
      }
    }
  ]
}