{
  "label": "n17_fp16",
  "writes": 31,
  "get_action_seconds": {
    "count": 29,
    "mean": 0.13806026775775285,
    "min": 0.09158161655068398,
    "max": 1.0443483926355839,
    "p50": 0.09716769307851791,
    "p90": 0.13241293132305143,
    "p99": 0.8077983690798273
  },
  "extra": {
    "server_memory": {
      "allocated_mib": 6023,
      "reserved_mib": 6190,
      "max_allocated_mib": 6092,
      "max_reserved_mib": 6190
    },
    "compile_step_window_fallback": {
      "enabled": true,
      "step_start": 0,
      "step_end": 30,
      "request_index": 29,
      "compiled_requests": 0,
      "eager_requests": 29,
      "eager_fraction": 1.0,
      "last_mode": "eager"
    }
  }
}