{
  "label": "n17_fp16",
  "writes": 92,
  "get_action_seconds": {
    "count": 90,
    "mean": 0.12129782049192323,
    "min": 0.09065496921539307,
    "max": 0.9689437299966812,
    "p50": 0.09838199615478516,
    "p90": 0.16348887085914612,
    "p99": 0.3082969686761494
  },
  "extra": {
    "server_memory": {
      "allocated_mib": 6023,
      "reserved_mib": 6190,
      "max_allocated_mib": 6092,
      "max_reserved_mib": 6190
    }
  }
}