{
  "boundary": "real torch tensor -> blockscaled FP4 CUTLASS GEMM smoke; conversion uses CUTLASS helper pack path",
  "m": 128,
  "k": 512,
  "n": 512,
  "sf_vec_size": 16,
  "sf_dtype": "Float8E4M3FN",
  "tile_shape_mnk": [
    128,
    128,
    128
  ],
  "epi_tile": [
    64,
    32
  ],
  "compile_seconds": 8.481139604002237,
  "cutlass_fp4_ms": 0.009454786777496338,
  "torch_fp16_einsum_ms": 0.03712959587574005,
  "torch_decoded_fp4_ref_ms": 0.03688335418701172,
  "speedup_vs_torch_fp16_einsum": 3.927068557919622,
  "max_abs_diff_vs_decoded_fp4_decoded_scale_ref": 6.103515625e-05,
  "mean_abs_diff_vs_decoded_fp4_decoded_scale_ref": 6.1745085986331105e-06,
  "relative_rmse_vs_decoded_fp4_decoded_scale_ref": 0.00020751544798258692,
  "relative_rmse_vs_decoded_fp4_raw_scale_ref": 0.05296193063259125,
  "relative_rmse_vs_original_fp32": 0.13506129384040833,
  "a_scale_min": 0.006433464121073484,
  "a_scale_max": 0.029892927035689354,
  "b_scale_min": 0.005768952425569296,
  "b_scale_max": 0.03651641309261322
}