{
  "task_suite_name": "libero_10",
  "port": 5566,
  "total_episodes": 1,
  "total_successes": 1,
  "success_rate": 1.0,
  "policy_latency_seconds": {
    "count": 420,
    "mean": 0.1634903590061835,
    "min": 0.13147997111082077,
    "max": 0.3012923076748848,
    "p50": 0.1614119354635477,
    "p90": 0.17243540808558466,
    "p99": 0.28209719102829695
  },
  "policy_breakdown_seconds": {
    "policy_total_seconds": {
      "count": 420,
      "mean": 0.1634903590061835,
      "min": 0.13147997111082077,
      "max": 0.3012923076748848,
      "p50": 0.1614119354635477,
      "p90": 0.17243540808558466,
      "p99": 0.28209719102829695
    },
    "postprocess_seconds": {
      "count": 420,
      "mean": 0.00011643676885536739,
      "min": 5.567818880081177e-05,
      "max": 0.00037567317485809326,
      "p50": 0.00011269189417362213,
      "p90": 0.0001369122415781021,
      "p99": 0.00017291307449340823
    },
    "preprocess_seconds": {
      "count": 420,
      "mean": 0.00011920958225216184,
      "min": 4.978477954864502e-05,
      "max": 0.0003063082695007324,
      "p50": 0.00011511705815792084,
      "p90": 0.00013559758663177492,
      "p99": 0.00017804067581892014
    },
    "remote_get_action_seconds": {
      "count": 420,
      "mean": 0.16325131228991918,
      "min": 0.1313733533024788,
      "max": 0.3010747618973255,
      "p50": 0.1612016037106514,
      "p90": 0.17224171943962577,
      "p99": 0.28184967044740916
    }
  },
  "episodes": [
    {
      "episode_index": 1,
      "task_id": 6,
      "init_index": 1,
      "success": true,
      "policy_latency_seconds": {
        "count": 420,
        "mean": 0.1634903590061835,
        "min": 0.13147997111082077,
        "max": 0.3012923076748848,
        "p50": 0.1614119354635477,
        "p90": 0.17243540808558466,
        "p99": 0.28209719102829695
      },
      "policy_breakdown_seconds": {
        "policy_total_seconds": {
          "count": 420,
          "mean": 0.1634903590061835,
          "min": 0.13147997111082077,
          "max": 0.3012923076748848,
          "p50": 0.1614119354635477,
          "p90": 0.17243540808558466,
          "p99": 0.28209719102829695
        },
        "postprocess_seconds": {
          "count": 420,
          "mean": 0.00011643676885536739,
          "min": 5.567818880081177e-05,
          "max": 0.00037567317485809326,
          "p50": 0.00011269189417362213,
          "p90": 0.0001369122415781021,
          "p99": 0.00017291307449340823
        },
        "preprocess_seconds": {
          "count": 420,
          "mean": 0.00011920958225216184,
          "min": 4.978477954864502e-05,
          "max": 0.0003063082695007324,
          "p50": 0.00011511705815792084,
          "p90": 0.00013559758663177492,
          "p99": 0.00017804067581892014
        },
        "remote_get_action_seconds": {
          "count": 420,
          "mean": 0.16325131228991918,
          "min": 0.1313733533024788,
          "max": 0.3010747618973255,
          "p50": 0.1612016037106514,
          "p90": 0.17224171943962577,
          "p99": 0.28184967044740916
        }
      }
    }
  ]
}