{
  "label": "n17_fp16",
  "writes": 35,
  "get_action_seconds": {
    "count": 33,
    "mean": 0.31813962001240614,
    "min": 0.053869735449552536,
    "max": 7.272264290601015,
    "p50": 0.09163932874798775,
    "p90": 0.20920909047126776,
    "p99": 5.041584186106919
  },
  "extra": {
    "server_memory": {
      "allocated_mib": 6023,
      "reserved_mib": 6218,
      "max_allocated_mib": 6092,
      "max_reserved_mib": 6218
    },
    "compile_step_window_fallback": {
      "enabled": true,
      "step_start": 10,
      "step_end": 20,
      "request_index": 33,
      "compiled_requests": 23,
      "eager_requests": 10,
      "eager_fraction": 0.30303030303030304,
      "last_mode": "compiled"
    }
  }
}