{
  "label": "n17_fp16",
  "writes": 49,
  "get_action_seconds": {
    "count": 47,
    "mean": 0.24059719671594335,
    "min": 0.055638570338487625,
    "max": 6.940197464078665,
    "p50": 0.091971255838871,
    "p90": 0.15210590735077853,
    "p99": 3.834591014310712
  },
  "extra": {
    "server_memory": {
      "allocated_mib": 6023,
      "reserved_mib": 6212,
      "max_allocated_mib": 6088,
      "max_reserved_mib": 6212
    },
    "compile_step_window_fallback": {
      "enabled": true,
      "step_start": 10,
      "step_end": 25,
      "request_index": 47,
      "compiled_requests": 32,
      "eager_requests": 15,
      "eager_fraction": 0.3191489361702128,
      "last_mode": "compiled"
    }
  }
}