{
  "task_suite_name": "libero_10",
  "port": 5602,
  "total_episodes": 2,
  "total_successes": 2,
  "success_rate": 1.0,
  "deterministic_policy_seeds": true,
  "policy_seed_base": 20260613,
  "policy_latency_seconds": {
    "count": 873,
    "mean": 0.2547554329105942,
    "min": 0.18627317249774933,
    "max": 1.7402078434824944,
    "p50": 0.2524430565536022,
    "p90": 0.27780404314398766,
    "p99": 0.3599640288949012
  },
  "policy_breakdown_seconds": {
    "gripper_oracle_remote_get_action_seconds": {
      "count": 873,
      "mean": 0.1275802936921278,
      "min": 0.08978501334786415,
      "max": 0.47434281557798386,
      "p50": 0.11879528686404228,
      "p90": 0.18607940524816516,
      "p99": 0.2392273488640785
    },
    "oracle_remote_get_action_seconds": {
      "count": 873,
      "mean": 0.1275802936921278,
      "min": 0.08978501334786415,
      "max": 0.47434281557798386,
      "p50": 0.11879528686404228,
      "p90": 0.18607940524816516,
      "p99": 0.2392273488640785
    },
    "policy_total_seconds": {
      "count": 873,
      "mean": 0.2547554329105942,
      "min": 0.18627317249774933,
      "max": 1.7402078434824944,
      "p50": 0.2524430565536022,
      "p90": 0.27780404314398766,
      "p99": 0.3599640288949012
    },
    "postprocess_seconds": {
      "count": 873,
      "mean": 0.00015006426034787538,
      "min": 4.769861698150635e-05,
      "max": 0.0010623149573802948,
      "p50": 0.00017086416482925415,
      "p90": 0.00019442513585090637,
      "p99": 0.00023395776748657218
    },
    "preprocess_seconds": {
      "count": 873,
      "mean": 0.00011422478285578654,
      "min": 3.7278980016708374e-05,
      "max": 0.0008107870817184448,
      "p50": 0.00012340769171714783,
      "p90": 0.00015243068337440492,
      "p99": 0.00021086275577545153
    },
    "primary_remote_get_action_seconds": {
      "count": 873,
      "mean": 0.1267845969079628,
      "min": 0.07293494045734406,
      "max": 1.5323840901255608,
      "p50": 0.13074634969234467,
      "p90": 0.1530962496995926,
      "p99": 0.17872220888733856
    },
    "remote_get_action_seconds": {
      "count": 873,
      "mean": 0.2543648906000906,
      "min": 0.1861158423125744,
      "max": 1.7399206422269344,
      "p50": 0.25200772285461426,
      "p90": 0.2776680767536164,
      "p99": 0.3595095932483673
    }
  },
  "episodes": [
    {
      "episode_index": 1,
      "task_id": 4,
      "init_index": 9,
      "success": true,
      "deterministic_policy_seeds": true,
      "policy_seed_base": 20260613,
      "policy_latency_seconds": {
        "count": 224,
        "mean": 0.2578578302470435,
        "min": 0.1908678412437439,
        "max": 1.7402078434824944,
        "p50": 0.24968157336115837,
        "p90": 0.2614222511649132,
        "p99": 0.34536947716027505
      },
      "policy_breakdown_seconds": {
        "gripper_oracle_remote_get_action_seconds": {
          "count": 224,
          "mean": 0.11960359050759248,
          "min": 0.08978501334786415,
          "max": 0.25311722978949547,
          "p50": 0.11756224930286407,
          "p90": 0.12926902733743192,
          "p99": 0.21119747012853626
        },
        "oracle_remote_get_action_seconds": {
          "count": 224,
          "mean": 0.11960359050759248,
          "min": 0.08978501334786415,
          "max": 0.25311722978949547,
          "p50": 0.11756224930286407,
          "p90": 0.12926902733743192,
          "p99": 0.21119747012853626
        },
        "policy_total_seconds": {
          "count": 224,
          "mean": 0.2578578302470435,
          "min": 0.1908678412437439,
          "max": 1.7402078434824944,
          "p50": 0.24968157336115837,
          "p90": 0.2614222511649132,
          "p99": 0.34536947716027505
        },
        "postprocess_seconds": {
          "count": 224,
          "mean": 0.00018289936373808553,
          "min": 7.919594645500183e-05,
          "max": 0.00031366944313049316,
          "p50": 0.00018646195530891418,
          "p90": 0.00020480379462242129,
          "p99": 0.00023930616676807407
        },
        "preprocess_seconds": {
          "count": 224,
          "mean": 0.00014325976371765137,
          "min": 7.259845733642578e-05,
          "max": 0.00031858310103416443,
          "p50": 0.00014410167932510376,
          "p90": 0.00016183704137802125,
          "p99": 0.0002363206818699839
        },
        "primary_remote_get_action_seconds": {
          "count": 224,
          "mean": 0.13777561385982803,
          "min": 0.07568912580609322,
          "max": 1.5323840901255608,
          "p50": 0.13109427131712437,
          "p90": 0.1517750956118107,
          "p99": 0.1744141433015466
        },
        "remote_get_action_seconds": {
          "count": 224,
          "mean": 0.2573792043674205,
          "min": 0.1906176246702671,
          "max": 1.7399206422269344,
          "p50": 0.24918989650905132,
          "p90": 0.2609762094914913,
          "p99": 0.34487483680248265
        }
      }
    },
    {
      "episode_index": 2,
      "task_id": 6,
      "init_index": 8,
      "success": true,
      "deterministic_policy_seeds": true,
      "policy_seed_base": 20260613,
      "policy_latency_seconds": {
        "count": 649,
        "mean": 0.25368465170356086,
        "min": 0.18627317249774933,
        "max": 0.5686315149068832,
        "p50": 0.25366446375846863,
        "p90": 0.27986855804920197,
        "p99": 0.3603870204091072
      },
      "policy_breakdown_seconds": {
        "gripper_oracle_remote_get_action_seconds": {
          "count": 649,
          "mean": 0.1303334239129844,
          "min": 0.09073426201939583,
          "max": 0.47434281557798386,
          "p50": 0.11945316940546036,
          "p90": 0.1939046852290631,
          "p99": 0.24077252537012095
        },
        "oracle_remote_get_action_seconds": {
          "count": 649,
          "mean": 0.1303334239129844,
          "min": 0.09073426201939583,
          "max": 0.47434281557798386,
          "p50": 0.11945316940546036,
          "p90": 0.1939046852290631,
          "p99": 0.24077252537012095
        },
        "policy_total_seconds": {
          "count": 649,
          "mean": 0.25368465170356086,
          "min": 0.18627317249774933,
          "max": 0.5686315149068832,
          "p50": 0.25366446375846863,
          "p90": 0.27986855804920197,
          "p99": 0.3603870204091072
        },
        "postprocess_seconds": {
          "count": 649,
          "mean": 0.00013873134330718654,
          "min": 4.769861698150635e-05,
          "max": 0.0010623149573802948,
          "p50": 0.00016810372471809387,
          "p90": 0.0001857750117778778,
          "p99": 0.00021803095936775204
        },
        "preprocess_seconds": {
          "count": 649,
          "mean": 0.0001042034643456822,
          "min": 3.7278980016708374e-05,
          "max": 0.0008107870817184448,
          "p50": 0.00012112408876419067,
          "p90": 0.00013967677950859071,
          "p99": 0.00018278703093528733
        },
        "primary_remote_get_action_seconds": {
          "count": 649,
          "mean": 0.12299108720500775,
          "min": 0.07293494045734406,
          "max": 0.2025754414498806,
          "p50": 0.13015666231513023,
          "p90": 0.153452954441309,
          "p99": 0.18200070455670353
        },
        "remote_get_action_seconds": {
          "count": 649,
          "mean": 0.25332451111799215,
          "min": 0.1861158423125744,
          "max": 0.5681273639202118,
          "p50": 0.25320589914917946,
          "p90": 0.2797286197543144,
          "p99": 0.35992032438516613
        }
      }
    }
  ]
}