{
  "label": "fp16_official",
  "writes": 26,
  "get_action_seconds": {
    "count": 1232,
    "mean": 0.14264341862872243,
    "min": 0.08129266276955605,
    "max": 1.2599336877465248,
    "p50": 0.15320045687258244,
    "p90": 0.16243188381195067,
    "p99": 0.19181923869997264
  }
}