{
  "task_suite_name": "libero_10",
  "port": 5555,
  "total_episodes": 2,
  "total_successes": 2,
  "success_rate": 1.0,
  "deterministic_policy_seeds": true,
  "policy_seed_base": 20260613,
  "policy_latency_seconds": {
    "count": 873,
    "mean": 0.14833574447213307,
    "min": 0.08593806996941566,
    "max": 0.2087295837700367,
    "p50": 0.15769010409712791,
    "p90": 0.16578442603349686,
    "p99": 0.1846588876843452
  },
  "policy_breakdown_seconds": {
    "gripper_oracle_remote_get_action_seconds": {
      "count": 873,
      "mean": 0.0,
      "min": 0.0,
      "max": 0.0,
      "p50": 0.0,
      "p90": 0.0,
      "p99": 0.0
    },
    "oracle_remote_get_action_seconds": {
      "count": 873,
      "mean": 0.0,
      "min": 0.0,
      "max": 0.0,
      "p50": 0.0,
      "p90": 0.0,
      "p99": 0.0
    },
    "policy_total_seconds": {
      "count": 873,
      "mean": 0.14833574447213307,
      "min": 0.08593806996941566,
      "max": 0.2087295837700367,
      "p50": 0.15769010409712791,
      "p90": 0.16578442603349686,
      "p99": 0.1846588876843452
    },
    "postprocess_seconds": {
      "count": 873,
      "mean": 0.00010483609971175353,
      "min": 3.768503665924072e-05,
      "max": 0.00044816359877586365,
      "p50": 0.0001037009060382843,
      "p90": 0.00012319311499595643,
      "p99": 0.00014583721756935116
    },
    "preprocess_seconds": {
      "count": 873,
      "mean": 0.00011380823736611374,
      "min": 3.9204955101013184e-05,
      "max": 0.0002685263752937317,
      "p50": 0.00011300668120384216,
      "p90": 0.00013219788670539855,
      "p99": 0.00018404886126518243
    },
    "primary_remote_get_action_seconds": {
      "count": 873,
      "mean": 0.14811225816658682,
      "min": 0.08582677692174911,
      "max": 0.20861703902482986,
      "p50": 0.15744248405098915,
      "p90": 0.16558102145791054,
      "p99": 0.18444113597273823
    },
    "remote_get_action_seconds": {
      "count": 873,
      "mean": 0.14811225816658682,
      "min": 0.08582677692174911,
      "max": 0.20861703902482986,
      "p50": 0.15744248405098915,
      "p90": 0.16558102145791054,
      "p99": 0.18444113597273823
    }
  },
  "episodes": [
    {
      "episode_index": 1,
      "task_id": 4,
      "init_index": 9,
      "success": true,
      "deterministic_policy_seeds": true,
      "policy_seed_base": 20260613,
      "policy_latency_seconds": {
        "count": 224,
        "mean": 0.1505705189525283,
        "min": 0.08593806996941566,
        "max": 0.19473666325211525,
        "p50": 0.1571993250399828,
        "p90": 0.1655954599380493,
        "p99": 0.18591934133321056
      },
      "policy_breakdown_seconds": {
        "gripper_oracle_remote_get_action_seconds": {
          "count": 224,
          "mean": 0.0,
          "min": 0.0,
          "max": 0.0,
          "p50": 0.0,
          "p90": 0.0,
          "p99": 0.0
        },
        "oracle_remote_get_action_seconds": {
          "count": 224,
          "mean": 0.0,
          "min": 0.0,
          "max": 0.0,
          "p50": 0.0,
          "p90": 0.0,
          "p99": 0.0
        },
        "policy_total_seconds": {
          "count": 224,
          "mean": 0.1505705189525283,
          "min": 0.08593806996941566,
          "max": 0.19473666325211525,
          "p50": 0.1571993250399828,
          "p90": 0.1655954599380493,
          "p99": 0.18591934133321056
        },
        "postprocess_seconds": {
          "count": 224,
          "mean": 0.00010309243641261543,
          "min": 3.768503665924072e-05,
          "max": 0.0002445317804813385,
          "p50": 0.00010254420340061188,
          "p90": 0.00012379437685012818,
          "p99": 0.00016487583518028274
        },
        "preprocess_seconds": {
          "count": 224,
          "mean": 0.00011830073448696307,
          "min": 4.696100950241089e-05,
          "max": 0.00026742368936538696,
          "p50": 0.00011951103806495667,
          "p90": 0.00013507790863513945,
          "p99": 0.00021238904446363484
        },
        "primary_remote_get_action_seconds": {
          "count": 224,
          "mean": 0.1503442831204406,
          "min": 0.08582677692174911,
          "max": 0.1943546198308468,
          "p50": 0.1569624673575163,
          "p90": 0.16536438874900342,
          "p99": 0.1856728198379279
        },
        "remote_get_action_seconds": {
          "count": 224,
          "mean": 0.1503442831204406,
          "min": 0.08582677692174911,
          "max": 0.1943546198308468,
          "p50": 0.1569624673575163,
          "p90": 0.16536438874900342,
          "p99": 0.1856728198379279
        }
      }
    },
    {
      "episode_index": 2,
      "task_id": 6,
      "init_index": 8,
      "success": true,
      "deterministic_policy_seeds": true,
      "policy_seed_base": 20260613,
      "policy_latency_seconds": {
        "count": 649,
        "mean": 0.1475644201522432,
        "min": 0.08720266819000244,
        "max": 0.2087295837700367,
        "p50": 0.1582052782177925,
        "p90": 0.1658000536262989,
        "p99": 0.18395225927233694
      },
      "policy_breakdown_seconds": {
        "gripper_oracle_remote_get_action_seconds": {
          "count": 649,
          "mean": 0.0,
          "min": 0.0,
          "max": 0.0,
          "p50": 0.0,
          "p90": 0.0,
          "p99": 0.0
        },
        "oracle_remote_get_action_seconds": {
          "count": 649,
          "mean": 0.0,
          "min": 0.0,
          "max": 0.0,
          "p50": 0.0,
          "p90": 0.0,
          "p99": 0.0
        },
        "policy_total_seconds": {
          "count": 649,
          "mean": 0.1475644201522432,
          "min": 0.08720266819000244,
          "max": 0.2087295837700367,
          "p50": 0.1582052782177925,
          "p90": 0.1658000536262989,
          "p99": 0.18395225927233694
        },
        "postprocess_seconds": {
          "count": 649,
          "mean": 0.00010543791878572414,
          "min": 3.857165575027466e-05,
          "max": 0.00044816359877586365,
          "p50": 0.00010399892926216125,
          "p90": 0.0001230575144290924,
          "p99": 0.00014189884066581726
        },
        "preprocess_seconds": {
          "count": 649,
          "mean": 0.00011225766825198392,
          "min": 3.9204955101013184e-05,
          "max": 0.0002685263752937317,
          "p50": 0.00011174380779266357,
          "p90": 0.0001308970153331757,
          "p99": 0.00017795607447624196
        },
        "primary_remote_get_action_seconds": {
          "count": 649,
          "mean": 0.1473418828358268,
          "min": 0.08700408786535263,
          "max": 0.20861703902482986,
          "p50": 0.15795527026057243,
          "p90": 0.16559985727071763,
          "p99": 0.18373420313000677
        },
        "remote_get_action_seconds": {
          "count": 649,
          "mean": 0.1473418828358268,
          "min": 0.08700408786535263,
          "max": 0.20861703902482986,
          "p50": 0.15795527026057243,
          "p90": 0.16559985727071763,
          "p99": 0.18373420313000677
        }
      }
    }
  ]
}