{
  "label": "n17_fp16",
  "writes": 49,
  "get_action_seconds": {
    "count": 47,
    "mean": 0.24658336323943544,
    "min": 0.05633373185992241,
    "max": 7.289292372763157,
    "p50": 0.09600330144166946,
    "p90": 0.12378357425332068,
    "p99": 4.010767981484526
  },
  "extra": {
    "server_memory": {
      "allocated_mib": 6023,
      "reserved_mib": 6212,
      "max_allocated_mib": 6088,
      "max_reserved_mib": 6212
    },
    "compile_step_window_fallback": {
      "enabled": true,
      "step_start": 20,
      "step_end": 50,
      "request_index": 47,
      "compiled_requests": 20,
      "eager_requests": 27,
      "eager_fraction": 0.574468085106383,
      "last_mode": "eager"
    }
  }
}