{
  "label": "n17_fp16",
  "writes": 30,
  "get_action_seconds": {
    "count": 28,
    "mean": 0.3667073511917676,
    "min": 0.054064080119132996,
    "max": 7.330282744020224,
    "p50": 0.10244233161211014,
    "p90": 0.1600417006760836,
    "p99": 5.415834876224402
  },
  "extra": {
    "server_memory": {
      "allocated_mib": 6023,
      "reserved_mib": 6218,
      "max_allocated_mib": 6092,
      "max_reserved_mib": 6218
    },
    "compile_step_window_fallback": {
      "enabled": true,
      "step_start": 10,
      "step_end": 30,
      "request_index": 28,
      "compiled_requests": 10,
      "eager_requests": 18,
      "eager_fraction": 0.6428571428571429,
      "last_mode": "eager"
    }
  }
}