{
  "task_suite_name": "libero_10",
  "port": 5583,
  "total_episodes": 1,
  "total_successes": 0,
  "success_rate": 0.0,
  "policy_latency_seconds": {
    "count": 991,
    "mean": 0.15434412803692607,
    "min": 0.09196167811751366,
    "max": 0.7070010341703892,
    "p50": 0.1585414819419384,
    "p90": 0.17330757156014442,
    "p99": 0.30247365459799774
  },
  "policy_breakdown_seconds": {
    "policy_total_seconds": {
      "count": 991,
      "mean": 0.15434412803692607,
      "min": 0.09196167811751366,
      "max": 0.7070010341703892,
      "p50": 0.1585414819419384,
      "p90": 0.17330757156014442,
      "p99": 0.30247365459799774
    },
    "postprocess_seconds": {
      "count": 991,
      "mean": 0.00011379487143395286,
      "min": 3.93204391002655e-05,
      "max": 0.00041167065501213074,
      "p50": 0.00011732056736946106,
      "p90": 0.00015040487051010132,
      "p99": 0.00017378740012645728
    },
    "preprocess_seconds": {
      "count": 991,
      "mean": 0.00010614629786021774,
      "min": 3.9499253034591675e-05,
      "max": 0.0013640150427818298,
      "p50": 0.0001110956072807312,
      "p90": 0.0001301206648349762,
      "p99": 0.0001897681504487992
    },
    "remote_get_action_seconds": {
      "count": 991,
      "mean": 0.15412134173073394,
      "min": 0.09187725931406021,
      "max": 0.706855408847332,
      "p50": 0.15831827744841576,
      "p90": 0.17311430722475052,
      "p99": 0.3022407218813897
    }
  },
  "episodes": [
    {
      "episode_index": 1,
      "task_id": 8,
      "init_index": 8,
      "success": false,
      "policy_latency_seconds": {
        "count": 991,
        "mean": 0.15434412803692607,
        "min": 0.09196167811751366,
        "max": 0.7070010341703892,
        "p50": 0.1585414819419384,
        "p90": 0.17330757156014442,
        "p99": 0.30247365459799774
      },
      "policy_breakdown_seconds": {
        "policy_total_seconds": {
          "count": 991,
          "mean": 0.15434412803692607,
          "min": 0.09196167811751366,
          "max": 0.7070010341703892,
          "p50": 0.1585414819419384,
          "p90": 0.17330757156014442,
          "p99": 0.30247365459799774
        },
        "postprocess_seconds": {
          "count": 991,
          "mean": 0.00011379487143395286,
          "min": 3.93204391002655e-05,
          "max": 0.00041167065501213074,
          "p50": 0.00011732056736946106,
          "p90": 0.00015040487051010132,
          "p99": 0.00017378740012645728
        },
        "preprocess_seconds": {
          "count": 991,
          "mean": 0.00010614629786021774,
          "min": 3.9499253034591675e-05,
          "max": 0.0013640150427818298,
          "p50": 0.0001110956072807312,
          "p90": 0.0001301206648349762,
          "p99": 0.0001897681504487992
        },
        "remote_get_action_seconds": {
          "count": 991,
          "mean": 0.15412134173073394,
          "min": 0.09187725931406021,
          "max": 0.706855408847332,
          "p50": 0.15831827744841576,
          "p90": 0.17311430722475052,
          "p99": 0.3022407218813897
        }
      }
    }
  ]
}