{
  "label": "n17_fp16",
  "writes": 31,
  "get_action_seconds": {
    "count": 29,
    "mean": 0.3253924800404187,
    "min": 0.05387738719582558,
    "max": 7.270846828818321,
    "p50": 0.07072941586375237,
    "p90": 0.11922347545623779,
    "p99": 5.270244012624017
  },
  "extra": {
    "server_memory": {
      "allocated_mib": 6023,
      "reserved_mib": 6218,
      "max_allocated_mib": 6092,
      "max_reserved_mib": 6218
    }
  }
}