{
  "task_suite_name": "libero_10",
  "port": 5644,
  "total_episodes": 1,
  "total_successes": 0,
  "success_rate": 0.0,
  "deterministic_policy_seeds": true,
  "policy_seed_base": 20260613,
  "policy_latency_seconds": {
    "count": 991,
    "mean": 0.11366237904481763,
    "min": 0.07397041469812393,
    "max": 1.3103836104273796,
    "p50": 0.12571385875344276,
    "p90": 0.1505628488957882,
    "p99": 0.16452657952904706
  },
  "policy_breakdown_seconds": {
    "policy_total_seconds": {
      "count": 991,
      "mean": 0.11366237904481763,
      "min": 0.07397041469812393,
      "max": 1.3103836104273796,
      "p50": 0.12571385875344276,
      "p90": 0.1505628488957882,
      "p99": 0.16452657952904706
    },
    "postprocess_seconds": {
      "count": 991,
      "mean": 9.622023366654797e-05,
      "min": 3.49879264831543e-05,
      "max": 0.0004695318639278412,
      "p50": 9.384006261825562e-05,
      "p90": 0.00010372325778007507,
      "p99": 0.00015444830060005189
    },
    "preprocess_seconds": {
      "count": 991,
      "mean": 0.0001079243439598353,
      "min": 4.3764710426330566e-05,
      "max": 0.0006885342299938202,
      "p50": 0.00010372325778007507,
      "p90": 0.00011920556426048279,
      "p99": 0.00014771781861782092
    },
    "remote_get_action_seconds": {
      "count": 991,
      "mean": 0.11345539696883,
      "min": 0.07382329925894737,
      "max": 1.3102360405027866,
      "p50": 0.12552083283662796,
      "p90": 0.15035037323832512,
      "p99": 0.16432632543146614
    }
  },
  "episodes": [
    {
      "episode_index": 1,
      "task_id": 4,
      "init_index": 9,
      "success": false,
      "deterministic_policy_seeds": true,
      "policy_seed_base": 20260613,
      "policy_latency_seconds": {
        "count": 991,
        "mean": 0.11366237904481763,
        "min": 0.07397041469812393,
        "max": 1.3103836104273796,
        "p50": 0.12571385875344276,
        "p90": 0.1505628488957882,
        "p99": 0.16452657952904706
      },
      "policy_breakdown_seconds": {
        "policy_total_seconds": {
          "count": 991,
          "mean": 0.11366237904481763,
          "min": 0.07397041469812393,
          "max": 1.3103836104273796,
          "p50": 0.12571385875344276,
          "p90": 0.1505628488957882,
          "p99": 0.16452657952904706
        },
        "postprocess_seconds": {
          "count": 991,
          "mean": 9.622023366654797e-05,
          "min": 3.49879264831543e-05,
          "max": 0.0004695318639278412,
          "p50": 9.384006261825562e-05,
          "p90": 0.00010372325778007507,
          "p99": 0.00015444830060005189
        },
        "preprocess_seconds": {
          "count": 991,
          "mean": 0.0001079243439598353,
          "min": 4.3764710426330566e-05,
          "max": 0.0006885342299938202,
          "p50": 0.00010372325778007507,
          "p90": 0.00011920556426048279,
          "p99": 0.00014771781861782092
        },
        "remote_get_action_seconds": {
          "count": 991,
          "mean": 0.11345539696883,
          "min": 0.07382329925894737,
          "max": 1.3102360405027866,
          "p50": 0.12552083283662796,
          "p90": 0.15035037323832512,
          "p99": 0.16432632543146614
        }
      }
    }
  ]
}