{
  "label": "n17_fp16",
  "writes": 36,
  "get_action_seconds": {
    "count": 34,
    "mean": 0.28912782230797934,
    "min": 0.05406946316361427,
    "max": 6.956308215856552,
    "p50": 0.08238006196916103,
    "p90": 0.12802783995866776,
    "p99": 4.712518072314571
  },
  "extra": {
    "server_memory": {
      "allocated_mib": 6023,
      "reserved_mib": 6216,
      "max_allocated_mib": 6090,
      "max_reserved_mib": 6216
    },
    "compile_step_window_fallback": {
      "enabled": true,
      "step_start": 5,
      "step_end": 15,
      "request_index": 34,
      "compiled_requests": 24,
      "eager_requests": 10,
      "eager_fraction": 0.29411764705882354,
      "last_mode": "compiled"
    }
  }
}