{
  "label": "n17_fp16",
  "writes": 51,
  "get_action_seconds": {
    "count": 49,
    "mean": 0.2385288668530328,
    "min": 0.05751824751496315,
    "max": 7.385633300989866,
    "p50": 0.09111262857913971,
    "p90": 0.12963846996426584,
    "p99": 3.9192686931788634
  },
  "extra": {
    "server_memory": {
      "allocated_mib": 6023,
      "reserved_mib": 6212,
      "max_allocated_mib": 6088,
      "max_reserved_mib": 6212
    },
    "compile_step_window_fallback": {
      "enabled": true,
      "step_start": 5,
      "step_end": 15,
      "request_index": 49,
      "compiled_requests": 39,
      "eager_requests": 10,
      "eager_fraction": 0.20408163265306123,
      "last_mode": "compiled"
    }
  }
}