{
  "label": "fp16_official",
  "writes": 21,
  "get_action_seconds": {
    "count": 991,
    "mean": 0.1430167373717132,
    "min": 0.08513587713241577,
    "max": 0.7566928714513779,
    "p50": 0.14923614263534546,
    "p90": 0.1656460352241993,
    "p99": 0.35034397393465116
  }
}