{
  "label": "n17_fp16",
  "writes": 32,
  "get_action_seconds": {
    "count": 30,
    "mean": 0.3514405603210131,
    "min": 0.08528010174632072,
    "max": 6.35777971893549,
    "p50": 0.09960288368165493,
    "p90": 0.217143714427948,
    "p99": 4.79170889589936
  },
  "extra": {
    "server_memory": {
      "allocated_mib": 6023,
      "reserved_mib": 6218,
      "max_allocated_mib": 6092,
      "max_reserved_mib": 6218
    },
    "compile_step_window_fallback": {
      "enabled": true,
      "step_start": 0,
      "step_end": 20,
      "request_index": 30,
      "compiled_requests": 10,
      "eager_requests": 20,
      "eager_fraction": 0.6666666666666666,
      "last_mode": "compiled"
    }
  }
}