{
  "task_suite_name": "libero_10",
  "port": 5630,
  "total_episodes": 2,
  "total_successes": 2,
  "success_rate": 1.0,
  "deterministic_policy_seeds": true,
  "policy_seed_base": 20260613,
  "policy_latency_seconds": {
    "count": 873,
    "mean": 0.1543088266401971,
    "min": 0.08909616246819496,
    "max": 0.5953848734498024,
    "p50": 0.1605261191725731,
    "p90": 0.16914408877491952,
    "p99": 0.20398993521928782
  },
  "policy_breakdown_seconds": {
    "gripper_oracle_remote_get_action_seconds": {
      "count": 873,
      "mean": 0.0,
      "min": 0.0,
      "max": 0.0,
      "p50": 0.0,
      "p90": 0.0,
      "p99": 0.0
    },
    "oracle_remote_get_action_seconds": {
      "count": 873,
      "mean": 0.0,
      "min": 0.0,
      "max": 0.0,
      "p50": 0.0,
      "p90": 0.0,
      "p99": 0.0
    },
    "policy_total_seconds": {
      "count": 873,
      "mean": 0.1543088266401971,
      "min": 0.08909616246819496,
      "max": 0.5953848734498024,
      "p50": 0.1605261191725731,
      "p90": 0.16914408877491952,
      "p99": 0.20398993521928782
    },
    "postprocess_seconds": {
      "count": 873,
      "mean": 0.00010595111366263233,
      "min": 3.73348593711853e-05,
      "max": 0.00043121352791786194,
      "p50": 0.00010423362255096436,
      "p90": 0.00012675747275352477,
      "p99": 0.00015591934323310833
    },
    "preprocess_seconds": {
      "count": 873,
      "mean": 0.00011131353889680536,
      "min": 3.978610038757324e-05,
      "max": 0.0005602613091468811,
      "p50": 0.00011131539940834045,
      "p90": 0.00013147443532943726,
      "p99": 0.00015848517417907712
    },
    "primary_remote_get_action_seconds": {
      "count": 873,
      "mean": 0.1540870127552973,
      "min": 0.08901237323880196,
      "max": 0.5951691307127476,
      "p50": 0.16028648242354393,
      "p90": 0.16887943744659423,
      "p99": 0.2037696407735347
    },
    "remote_get_action_seconds": {
      "count": 873,
      "mean": 0.1540870127552973,
      "min": 0.08901237323880196,
      "max": 0.5951691307127476,
      "p50": 0.16028648242354393,
      "p90": 0.16887943744659423,
      "p99": 0.2037696407735347
    }
  },
  "action_perturbation": {
    "keys": [],
    "amplitude": 0.0,
    "sign": 1.0,
    "normalize_by_num_keys": true,
    "step_start": null,
    "step_end": null,
    "clip": true
  },
  "episodes": [
    {
      "episode_index": 1,
      "task_id": 4,
      "init_index": 9,
      "success": true,
      "deterministic_policy_seeds": true,
      "policy_seed_base": 20260613,
      "policy_latency_seconds": {
        "count": 224,
        "mean": 0.15734009752382658,
        "min": 0.09139936789870262,
        "max": 0.20344547182321548,
        "p50": 0.16026097908616066,
        "p90": 0.1677993830293417,
        "p99": 0.179233193397522
      },
      "policy_breakdown_seconds": {
        "gripper_oracle_remote_get_action_seconds": {
          "count": 224,
          "mean": 0.0,
          "min": 0.0,
          "max": 0.0,
          "p50": 0.0,
          "p90": 0.0,
          "p99": 0.0
        },
        "oracle_remote_get_action_seconds": {
          "count": 224,
          "mean": 0.0,
          "min": 0.0,
          "max": 0.0,
          "p50": 0.0,
          "p90": 0.0,
          "p99": 0.0
        },
        "policy_total_seconds": {
          "count": 224,
          "mean": 0.15734009752382658,
          "min": 0.09139936789870262,
          "max": 0.20344547182321548,
          "p50": 0.16026097908616066,
          "p90": 0.1677993830293417,
          "p99": 0.179233193397522
        },
        "postprocess_seconds": {
          "count": 224,
          "mean": 0.00010446182984326567,
          "min": 3.986433148384094e-05,
          "max": 0.00043121352791786194,
          "p50": 0.00010190904140472412,
          "p90": 0.00011838003993034366,
          "p99": 0.00020255252718925557
        },
        "preprocess_seconds": {
          "count": 224,
          "mean": 0.00011644635482558183,
          "min": 4.773959517478943e-05,
          "max": 0.00018147751688957214,
          "p50": 0.00011625885963439941,
          "p90": 0.00013393424451351167,
          "p99": 0.0001518051698803902
        },
        "primary_remote_get_action_seconds": {
          "count": 224,
          "mean": 0.1571148346909987,
          "min": 0.09130441397428513,
          "max": 0.2031838484108448,
          "p50": 0.16003268584609032,
          "p90": 0.16756007224321365,
          "p99": 0.17888053324073555
        },
        "remote_get_action_seconds": {
          "count": 224,
          "mean": 0.1571148346909987,
          "min": 0.09130441397428513,
          "max": 0.2031838484108448,
          "p50": 0.16003268584609032,
          "p90": 0.16756007224321365,
          "p99": 0.17888053324073555
        }
      },
      "action_perturbation": {
        "keys": [],
        "amplitude": 0.0,
        "sign": 1.0,
        "normalize_by_num_keys": true,
        "step_start": null,
        "step_end": null,
        "clip": true
      }
    },
    {
      "episode_index": 2,
      "task_id": 6,
      "init_index": 8,
      "success": true,
      "deterministic_policy_seeds": true,
      "policy_seed_base": 20260613,
      "policy_latency_seconds": {
        "count": 649,
        "mean": 0.15326259447080878,
        "min": 0.08909616246819496,
        "max": 0.5953848734498024,
        "p50": 0.16054794937372208,
        "p90": 0.16934495866298677,
        "p99": 0.29657926782965655
      },
      "policy_breakdown_seconds": {
        "gripper_oracle_remote_get_action_seconds": {
          "count": 649,
          "mean": 0.0,
          "min": 0.0,
          "max": 0.0,
          "p50": 0.0,
          "p90": 0.0,
          "p99": 0.0
        },
        "oracle_remote_get_action_seconds": {
          "count": 649,
          "mean": 0.0,
          "min": 0.0,
          "max": 0.0,
          "p50": 0.0,
          "p90": 0.0,
          "p99": 0.0
        },
        "policy_total_seconds": {
          "count": 649,
          "mean": 0.15326259447080878,
          "min": 0.08909616246819496,
          "max": 0.5953848734498024,
          "p50": 0.16054794937372208,
          "p90": 0.16934495866298677,
          "p99": 0.29657926782965655
        },
        "postprocess_seconds": {
          "count": 649,
          "mean": 0.00010646513458025657,
          "min": 3.73348593711853e-05,
          "max": 0.0003832615911960602,
          "p50": 0.00010506436228752136,
          "p90": 0.000128290057182312,
          "p99": 0.00015270829200744623
        },
        "preprocess_seconds": {
          "count": 649,
          "mean": 0.0001095419660646853,
          "min": 3.978610038757324e-05,
          "max": 0.0005602613091468811,
          "p50": 0.00011051073670387268,
          "p90": 0.0001282215118408203,
          "p99": 0.00016007944941520685
        },
        "primary_remote_get_action_seconds": {
          "count": 649,
          "mean": 0.1530419709777979,
          "min": 0.08901237323880196,
          "max": 0.5951691307127476,
          "p50": 0.16033904999494553,
          "p90": 0.16912966668605806,
          "p99": 0.2963480830192565
        },
        "remote_get_action_seconds": {
          "count": 649,
          "mean": 0.1530419709777979,
          "min": 0.08901237323880196,
          "max": 0.5951691307127476,
          "p50": 0.16033904999494553,
          "p90": 0.16912966668605806,
          "p99": 0.2963480830192565
        }
      },
      "action_perturbation": {
        "keys": [],
        "amplitude": 0.0,
        "sign": 1.0,
        "normalize_by_num_keys": true,
        "step_start": null,
        "step_end": null,
        "clip": true
      }
    }
  ]
}