{
  "task_suite_name": "libero_10",
  "port": 5562,
  "total_episodes": 1,
  "total_successes": 1,
  "success_rate": 1.0,
  "policy_latency_seconds": {
    "count": 420,
    "mean": 0.1627698583883189,
    "min": 0.15389331430196762,
    "max": 0.23425474390387535,
    "p50": 0.16039822064340115,
    "p90": 0.16881886981427668,
    "p99": 0.19619209673255683
  },
  "episodes": [
    {
      "episode_index": 1,
      "task_id": 6,
      "init_index": 1,
      "success": true,
      "policy_latency_seconds": {
        "count": 420,
        "mean": 0.1627698583883189,
        "min": 0.15389331430196762,
        "max": 0.23425474390387535,
        "p50": 0.16039822064340115,
        "p90": 0.16881886981427668,
        "p99": 0.19619209673255683
      }
    }
  ]
}