{
  "task_suite_name": "libero_10",
  "port": 5582,
  "total_episodes": 1,
  "total_successes": 1,
  "success_rate": 1.0,
  "deterministic_policy_seeds": true,
  "policy_seed_base": 20260609,
  "policy_latency_seconds": {
    "count": 245,
    "mean": 0.13951600717038523,
    "min": 0.08806698396801949,
    "max": 0.6175761893391609,
    "p50": 0.14689554274082184,
    "p90": 0.16950577944517137,
    "p99": 0.2764381888508797
  },
  "policy_breakdown_seconds": {
    "policy_total_seconds": {
      "count": 245,
      "mean": 0.13951600717038523,
      "min": 0.08806698396801949,
      "max": 0.6175761893391609,
      "p50": 0.14689554274082184,
      "p90": 0.16950577944517137,
      "p99": 0.2764381888508797
    },
    "postprocess_seconds": {
      "count": 245,
      "mean": 0.00010425538128736068,
      "min": 4.1466206312179565e-05,
      "max": 0.000696081668138504,
      "p50": 0.00011055544018745422,
      "p90": 0.00013958141207695007,
      "p99": 0.00017650008201599123
    },
    "preprocess_seconds": {
      "count": 245,
      "mean": 0.00011038368149679535,
      "min": 4.4994056224823e-05,
      "max": 0.0007601790130138397,
      "p50": 0.00012320652604103088,
      "p90": 0.00013843923807144165,
      "p99": 0.0001847997307777405
    },
    "remote_get_action_seconds": {
      "count": 245,
      "mean": 0.13929862010539795,
      "min": 0.08796409890055656,
      "max": 0.617367397993803,
      "p50": 0.14666249230504036,
      "p90": 0.16925021559000014,
      "p99": 0.2762253113090992
    }
  },
  "episodes": [
    {
      "episode_index": 1,
      "task_id": 4,
      "init_index": 6,
      "success": true,
      "deterministic_policy_seeds": true,
      "policy_seed_base": 20260609,
      "policy_latency_seconds": {
        "count": 245,
        "mean": 0.13951600717038523,
        "min": 0.08806698396801949,
        "max": 0.6175761893391609,
        "p50": 0.14689554274082184,
        "p90": 0.16950577944517137,
        "p99": 0.2764381888508797
      },
      "policy_breakdown_seconds": {
        "policy_total_seconds": {
          "count": 245,
          "mean": 0.13951600717038523,
          "min": 0.08806698396801949,
          "max": 0.6175761893391609,
          "p50": 0.14689554274082184,
          "p90": 0.16950577944517137,
          "p99": 0.2764381888508797
        },
        "postprocess_seconds": {
          "count": 245,
          "mean": 0.00010425538128736068,
          "min": 4.1466206312179565e-05,
          "max": 0.000696081668138504,
          "p50": 0.00011055544018745422,
          "p90": 0.00013958141207695007,
          "p99": 0.00017650008201599123
        },
        "preprocess_seconds": {
          "count": 245,
          "mean": 0.00011038368149679535,
          "min": 4.4994056224823e-05,
          "max": 0.0007601790130138397,
          "p50": 0.00012320652604103088,
          "p90": 0.00013843923807144165,
          "p99": 0.0001847997307777405
        },
        "remote_get_action_seconds": {
          "count": 245,
          "mean": 0.13929862010539795,
          "min": 0.08796409890055656,
          "max": 0.617367397993803,
          "p50": 0.14666249230504036,
          "p90": 0.16925021559000014,
          "p99": 0.2762253113090992
        }
      }
    }
  ]
}