{
  "task_suite_name": "libero_10",
  "port": 5555,
  "total_episodes": 2,
  "total_successes": 0,
  "success_rate": 0.0,
  "deterministic_policy_seeds": true,
  "policy_seed_base": 20260613,
  "policy_latency_seconds": {
    "count": 1982,
    "mean": 0.08110687451100675,
    "min": 0.051572032272815704,
    "max": 0.37619710713624954,
    "p50": 0.06919329054653645,
    "p90": 0.13934202305972576,
    "p99": 0.16425811797380452
  },
  "policy_breakdown_seconds": {
    "gripper_oracle_remote_get_action_seconds": {
      "count": 1982,
      "mean": 0.0,
      "min": 0.0,
      "max": 0.0,
      "p50": 0.0,
      "p90": 0.0,
      "p99": 0.0
    },
    "oracle_remote_get_action_seconds": {
      "count": 1982,
      "mean": 0.0,
      "min": 0.0,
      "max": 0.0,
      "p50": 0.0,
      "p90": 0.0,
      "p99": 0.0
    },
    "policy_total_seconds": {
      "count": 1982,
      "mean": 0.08110687451100675,
      "min": 0.051572032272815704,
      "max": 0.37619710713624954,
      "p50": 0.06919329054653645,
      "p90": 0.13934202305972576,
      "p99": 0.16425811797380452
    },
    "postprocess_seconds": {
      "count": 1982,
      "mean": 8.260337476112046e-05,
      "min": 3.462284803390503e-05,
      "max": 0.00025019049644470215,
      "p50": 8.131563663482666e-05,
      "p90": 0.0001024637371301651,
      "p99": 0.00013370875269174578
    },
    "preprocess_seconds": {
      "count": 1982,
      "mean": 9.255624337706388e-05,
      "min": 3.8135796785354614e-05,
      "max": 0.0002466030418872833,
      "p50": 9.373202919960022e-05,
      "p90": 0.00011069178581237794,
      "p99": 0.00012774355709552765
    },
    "primary_remote_get_action_seconds": {
      "count": 1982,
      "mean": 0.0809282347838104,
      "min": 0.051423486322164536,
      "max": 0.37601061537861824,
      "p50": 0.06901638023555279,
      "p90": 0.13915852643549442,
      "p99": 0.16408734705299144
    },
    "remote_get_action_seconds": {
      "count": 1982,
      "mean": 0.0809282347838104,
      "min": 0.051423486322164536,
      "max": 0.37601061537861824,
      "p50": 0.06901638023555279,
      "p90": 0.13915852643549442,
      "p99": 0.16408734705299144
    }
  },
  "action_perturbation": {
    "keys": [
      "pitch"
    ],
    "amplitude": 0.03,
    "sign": 1.0,
    "normalize_by_num_keys": true,
    "step_start": null,
    "step_end": null,
    "clip": true
  },
  "episodes": [
    {
      "episode_index": 1,
      "task_id": 4,
      "init_index": 9,
      "success": false,
      "deterministic_policy_seeds": true,
      "policy_seed_base": 20260613,
      "policy_latency_seconds": {
        "count": 991,
        "mean": 0.08007377965373902,
        "min": 0.05235438048839569,
        "max": 0.17176107689738274,
        "p50": 0.06759911775588989,
        "p90": 0.13727350533008575,
        "p99": 0.15775749683380128
      },
      "policy_breakdown_seconds": {
        "gripper_oracle_remote_get_action_seconds": {
          "count": 991,
          "mean": 0.0,
          "min": 0.0,
          "max": 0.0,
          "p50": 0.0,
          "p90": 0.0,
          "p99": 0.0
        },
        "oracle_remote_get_action_seconds": {
          "count": 991,
          "mean": 0.0,
          "min": 0.0,
          "max": 0.0,
          "p50": 0.0,
          "p90": 0.0,
          "p99": 0.0
        },
        "policy_total_seconds": {
          "count": 991,
          "mean": 0.08007377965373902,
          "min": 0.05235438048839569,
          "max": 0.17176107689738274,
          "p50": 0.06759911775588989,
          "p90": 0.13727350533008575,
          "p99": 0.15775749683380128
        },
        "postprocess_seconds": {
          "count": 991,
          "mean": 7.934038697410183e-05,
          "min": 3.662705421447754e-05,
          "max": 0.00022172927856445312,
          "p50": 7.592141628265381e-05,
          "p90": 9.407848119735718e-05,
          "p99": 0.00013635046780109412
        },
        "preprocess_seconds": {
          "count": 991,
          "mean": 9.103671588402102e-05,
          "min": 4.5511871576309204e-05,
          "max": 0.00018964707851409912,
          "p50": 9.028986096382141e-05,
          "p90": 0.00010854750871658325,
          "p99": 0.00012732073664665223
        },
        "primary_remote_get_action_seconds": {
          "count": 991,
          "mean": 0.07989990534909318,
          "min": 0.05221409723162651,
          "max": 0.17156436666846275,
          "p50": 0.0674428679049015,
          "p90": 0.13712956756353378,
          "p99": 0.1575880378484726
        },
        "remote_get_action_seconds": {
          "count": 991,
          "mean": 0.07989990534909318,
          "min": 0.05221409723162651,
          "max": 0.17156436666846275,
          "p50": 0.0674428679049015,
          "p90": 0.13712956756353378,
          "p99": 0.1575880378484726
        }
      },
      "action_perturbation": {
        "keys": [
          "pitch"
        ],
        "amplitude": 0.03,
        "sign": 1.0,
        "normalize_by_num_keys": true,
        "step_start": null,
        "step_end": null,
        "clip": true
      }
    },
    {
      "episode_index": 2,
      "task_id": 6,
      "init_index": 8,
      "success": false,
      "deterministic_policy_seeds": true,
      "policy_seed_base": 20260613,
      "policy_latency_seconds": {
        "count": 991,
        "mean": 0.08213996936827447,
        "min": 0.051572032272815704,
        "max": 0.37619710713624954,
        "p50": 0.07048016041517258,
        "p90": 0.14355463907122612,
        "p99": 0.1678287219256163
      },
      "policy_breakdown_seconds": {
        "gripper_oracle_remote_get_action_seconds": {
          "count": 991,
          "mean": 0.0,
          "min": 0.0,
          "max": 0.0,
          "p50": 0.0,
          "p90": 0.0,
          "p99": 0.0
        },
        "oracle_remote_get_action_seconds": {
          "count": 991,
          "mean": 0.0,
          "min": 0.0,
          "max": 0.0,
          "p50": 0.0,
          "p90": 0.0,
          "p99": 0.0
        },
        "policy_total_seconds": {
          "count": 991,
          "mean": 0.08213996936827447,
          "min": 0.051572032272815704,
          "max": 0.37619710713624954,
          "p50": 0.07048016041517258,
          "p90": 0.14355463907122612,
          "p99": 0.1678287219256163
        },
        "postprocess_seconds": {
          "count": 991,
          "mean": 8.586636254813909e-05,
          "min": 3.462284803390503e-05,
          "max": 0.00025019049644470215,
          "p50": 8.564814925193787e-05,
          "p90": 0.00010490044951438904,
          "p99": 0.0001271955668926239
        },
        "preprocess_seconds": {
          "count": 991,
          "mean": 9.407577087010673e-05,
          "min": 3.8135796785354614e-05,
          "max": 0.0002466030418872833,
          "p50": 9.740889072418213e-05,
          "p90": 0.00011364743113517761,
          "p99": 0.00012781471014022827
        },
        "primary_remote_get_action_seconds": {
          "count": 991,
          "mean": 0.08195656421852761,
          "min": 0.051423486322164536,
          "max": 0.37601061537861824,
          "p50": 0.07028194516897202,
          "p90": 0.14337165653705597,
          "p99": 0.1676710154861212
        },
        "remote_get_action_seconds": {
          "count": 991,
          "mean": 0.08195656421852761,
          "min": 0.051423486322164536,
          "max": 0.37601061537861824,
          "p50": 0.07028194516897202,
          "p90": 0.14337165653705597,
          "p99": 0.1676710154861212
        }
      },
      "action_perturbation": {
        "keys": [
          "pitch"
        ],
        "amplitude": 0.03,
        "sign": 1.0,
        "normalize_by_num_keys": true,
        "step_start": null,
        "step_end": null,
        "clip": true
      }
    }
  ]
}