{
  "task_suite_name": "libero_10",
  "port": 5555,
  "total_episodes": 2,
  "total_successes": 2,
  "success_rate": 1.0,
  "deterministic_policy_seeds": true,
  "policy_seed_base": 20260613,
  "policy_latency_seconds": {
    "count": 873,
    "mean": 0.08222929386577792,
    "min": 0.05535069853067398,
    "max": 0.17004066333174706,
    "p50": 0.07197890430688858,
    "p90": 0.1396796979010106,
    "p99": 0.16420126274228095
  },
  "policy_breakdown_seconds": {
    "gripper_oracle_remote_get_action_seconds": {
      "count": 873,
      "mean": 0.0,
      "min": 0.0,
      "max": 0.0,
      "p50": 0.0,
      "p90": 0.0,
      "p99": 0.0
    },
    "oracle_remote_get_action_seconds": {
      "count": 873,
      "mean": 0.0,
      "min": 0.0,
      "max": 0.0,
      "p50": 0.0,
      "p90": 0.0,
      "p99": 0.0
    },
    "policy_total_seconds": {
      "count": 873,
      "mean": 0.08222929386577792,
      "min": 0.05535069853067398,
      "max": 0.17004066333174706,
      "p50": 0.07197890430688858,
      "p90": 0.1396796979010106,
      "p99": 0.16420126274228095
    },
    "postprocess_seconds": {
      "count": 873,
      "mean": 0.00010563461760748157,
      "min": 4.326179623603821e-05,
      "max": 0.0004892386496067047,
      "p50": 0.00010399147868156433,
      "p90": 0.00012406483292579651,
      "p99": 0.00015098258852958677
    },
    "preprocess_seconds": {
      "count": 873,
      "mean": 0.00010718233704157301,
      "min": 4.435703158378601e-05,
      "max": 0.00026518478989601135,
      "p50": 0.00010899081826210022,
      "p90": 0.00012906491756439208,
      "p99": 0.00014602735638618469
    },
    "primary_remote_get_action_seconds": {
      "count": 873,
      "mean": 0.08201133503332171,
      "min": 0.05511733517050743,
      "max": 0.16983817517757416,
      "p50": 0.0717630684375763,
      "p90": 0.139438233524561,
      "p99": 0.16407802835106847
    },
    "remote_get_action_seconds": {
      "count": 873,
      "mean": 0.08201133503332171,
      "min": 0.05511733517050743,
      "max": 0.16983817517757416,
      "p50": 0.0717630684375763,
      "p90": 0.139438233524561,
      "p99": 0.16407802835106847
    }
  },
  "episodes": [
    {
      "episode_index": 1,
      "task_id": 4,
      "init_index": 9,
      "success": true,
      "deterministic_policy_seeds": true,
      "policy_seed_base": 20260613,
      "policy_latency_seconds": {
        "count": 224,
        "mean": 0.0808891602292923,
        "min": 0.05535069853067398,
        "max": 0.17004066333174706,
        "p50": 0.07167736813426018,
        "p90": 0.12177349217236046,
        "p99": 0.16358741208910943
      },
      "policy_breakdown_seconds": {
        "gripper_oracle_remote_get_action_seconds": {
          "count": 224,
          "mean": 0.0,
          "min": 0.0,
          "max": 0.0,
          "p50": 0.0,
          "p90": 0.0,
          "p99": 0.0
        },
        "oracle_remote_get_action_seconds": {
          "count": 224,
          "mean": 0.0,
          "min": 0.0,
          "max": 0.0,
          "p50": 0.0,
          "p90": 0.0,
          "p99": 0.0
        },
        "policy_total_seconds": {
          "count": 224,
          "mean": 0.0808891602292923,
          "min": 0.05535069853067398,
          "max": 0.17004066333174706,
          "p50": 0.07167736813426018,
          "p90": 0.12177349217236046,
          "p99": 0.16358741208910943
        },
        "postprocess_seconds": {
          "count": 224,
          "mean": 0.00010545002961797374,
          "min": 5.893409252166748e-05,
          "max": 0.0003230869770050049,
          "p50": 0.00010355934500694275,
          "p90": 0.00012531206011772157,
          "p99": 0.0001739694178104403
        },
        "preprocess_seconds": {
          "count": 224,
          "mean": 0.0001124681272943105,
          "min": 5.708634853363037e-05,
          "max": 0.0001486167311668396,
          "p50": 0.00011646188795566559,
          "p90": 0.00013096295297145843,
          "p99": 0.0001426004618406296
        },
        "primary_remote_get_action_seconds": {
          "count": 224,
          "mean": 0.080665731020937,
          "min": 0.05511733517050743,
          "max": 0.16983817517757416,
          "p50": 0.07144400291144848,
          "p90": 0.12152336314320568,
          "p99": 0.16337650373578072
        },
        "remote_get_action_seconds": {
          "count": 224,
          "mean": 0.080665731020937,
          "min": 0.05511733517050743,
          "max": 0.16983817517757416,
          "p50": 0.07144400291144848,
          "p90": 0.12152336314320568,
          "p99": 0.16337650373578072
        }
      }
    },
    {
      "episode_index": 2,
      "task_id": 6,
      "init_index": 8,
      "success": true,
      "deterministic_policy_seeds": true,
      "policy_seed_base": 20260613,
      "policy_latency_seconds": {
        "count": 649,
        "mean": 0.08269183613784692,
        "min": 0.055984016507864,
        "max": 0.16943934932351112,
        "p50": 0.07200619205832481,
        "p90": 0.14277790859341621,
        "p99": 0.16437131747603415
      },
      "policy_breakdown_seconds": {
        "gripper_oracle_remote_get_action_seconds": {
          "count": 649,
          "mean": 0.0,
          "min": 0.0,
          "max": 0.0,
          "p50": 0.0,
          "p90": 0.0,
          "p99": 0.0
        },
        "oracle_remote_get_action_seconds": {
          "count": 649,
          "mean": 0.0,
          "min": 0.0,
          "max": 0.0,
          "p50": 0.0,
          "p90": 0.0,
          "p99": 0.0
        },
        "policy_total_seconds": {
          "count": 649,
          "mean": 0.08269183613784692,
          "min": 0.055984016507864,
          "max": 0.16943934932351112,
          "p50": 0.07200619205832481,
          "p90": 0.14277790859341621,
          "p99": 0.16437131747603415
        },
        "postprocess_seconds": {
          "count": 649,
          "mean": 0.00010569832748367533,
          "min": 4.326179623603821e-05,
          "max": 0.0004892386496067047,
          "p50": 0.00010415911674499512,
          "p90": 0.000123392790555954,
          "p99": 0.0001464302837848663
        },
        "preprocess_seconds": {
          "count": 649,
          "mean": 0.00010535796567545098,
          "min": 4.435703158378601e-05,
          "max": 0.00026518478989601135,
          "p50": 0.00010732561349868774,
          "p90": 0.0001260034739971161,
          "p99": 0.00014708191156387326
        },
        "primary_remote_get_action_seconds": {
          "count": 649,
          "mean": 0.08247576538582428,
          "min": 0.055759601294994354,
          "max": 0.16926520317792892,
          "p50": 0.07177592441439629,
          "p90": 0.14256419837474824,
          "p99": 0.1642323778569698
        },
        "remote_get_action_seconds": {
          "count": 649,
          "mean": 0.08247576538582428,
          "min": 0.055759601294994354,
          "max": 0.16926520317792892,
          "p50": 0.07177592441439629,
          "p90": 0.14256419837474824,
          "p99": 0.1642323778569698
        }
      }
    }
  ]
}