{
  "label": "n17_fp16",
  "writes": 32,
  "get_action_seconds": {
    "count": 30,
    "mean": 0.36662438201407593,
    "min": 0.056231480091810226,
    "max": 7.674873415380716,
    "p50": 0.09933089837431908,
    "p90": 0.16736964248120792,
    "p99": 5.567284697815782
  },
  "extra": {
    "server_memory": {
      "allocated_mib": 6023,
      "reserved_mib": 6218,
      "max_allocated_mib": 6092,
      "max_reserved_mib": 6218
    },
    "compile_step_window_fallback": {
      "enabled": true,
      "step_start": 5,
      "step_end": 20,
      "request_index": 30,
      "compiled_requests": 15,
      "eager_requests": 15,
      "eager_fraction": 0.5,
      "last_mode": "compiled"
    }
  }
}