{
  "task_suite_name": "libero_10",
  "port": 5567,
  "total_episodes": 1,
  "total_successes": 1,
  "success_rate": 1.0,
  "policy_latency_seconds": {
    "count": 243,
    "mean": 0.1638508281620687,
    "min": 0.09835755825042725,
    "max": 0.5832326300442219,
    "p50": 0.16231738030910492,
    "p90": 0.17265280038118364,
    "p99": 0.28938983976840965
  },
  "policy_breakdown_seconds": {
    "policy_total_seconds": {
      "count": 243,
      "mean": 0.1638508281620687,
      "min": 0.09835755825042725,
      "max": 0.5832326300442219,
      "p50": 0.16231738030910492,
      "p90": 0.17265280038118364,
      "p99": 0.28938983976840965
    },
    "postprocess_seconds": {
      "count": 243,
      "mean": 0.00011678338970667051,
      "min": 6.488710641860962e-05,
      "max": 0.00017889216542243958,
      "p50": 0.00011333450675010681,
      "p90": 0.00013724565505981445,
      "p99": 0.0001692043989896774
    },
    "preprocess_seconds": {
      "count": 243,
      "mean": 0.0001228374310236409,
      "min": 4.76837158203125e-05,
      "max": 0.00021097436547279358,
      "p50": 0.00012057274580001831,
      "p90": 0.00013781562447547912,
      "p99": 0.00018289707601070403
    },
    "remote_get_action_seconds": {
      "count": 243,
      "mean": 0.16360788160758744,
      "min": 0.0981924757361412,
      "max": 0.5829844698309898,
      "p50": 0.16207076981663704,
      "p90": 0.17242300882935524,
      "p99": 0.28915420778095713
    }
  },
  "episodes": [
    {
      "episode_index": 1,
      "task_id": 6,
      "init_index": 1,
      "success": true,
      "policy_latency_seconds": {
        "count": 243,
        "mean": 0.1638508281620687,
        "min": 0.09835755825042725,
        "max": 0.5832326300442219,
        "p50": 0.16231738030910492,
        "p90": 0.17265280038118364,
        "p99": 0.28938983976840965
      },
      "policy_breakdown_seconds": {
        "policy_total_seconds": {
          "count": 243,
          "mean": 0.1638508281620687,
          "min": 0.09835755825042725,
          "max": 0.5832326300442219,
          "p50": 0.16231738030910492,
          "p90": 0.17265280038118364,
          "p99": 0.28938983976840965
        },
        "postprocess_seconds": {
          "count": 243,
          "mean": 0.00011678338970667051,
          "min": 6.488710641860962e-05,
          "max": 0.00017889216542243958,
          "p50": 0.00011333450675010681,
          "p90": 0.00013724565505981445,
          "p99": 0.0001692043989896774
        },
        "preprocess_seconds": {
          "count": 243,
          "mean": 0.0001228374310236409,
          "min": 4.76837158203125e-05,
          "max": 0.00021097436547279358,
          "p50": 0.00012057274580001831,
          "p90": 0.00013781562447547912,
          "p99": 0.00018289707601070403
        },
        "remote_get_action_seconds": {
          "count": 243,
          "mean": 0.16360788160758744,
          "min": 0.0981924757361412,
          "max": 0.5829844698309898,
          "p50": 0.16207076981663704,
          "p90": 0.17242300882935524,
          "p99": 0.28915420778095713
        }
      }
    }
  ]
}