{
  "label": "fp16_official",
  "writes": 29,
  "get_action_seconds": {
    "count": 1395,
    "mean": 0.08997326203251398,
    "min": 0.0521325059235096,
    "max": 2.4285724945366383,
    "p50": 0.06808165460824966,
    "p90": 0.15263010039925576,
    "p99": 0.1962882263958454
  },
  "extra": {
    "server_memory": {
      "allocated_bytes": 5476782080,
      "reserved_bytes": 5804916736,
      "max_allocated_bytes": 5682666496,
      "max_reserved_bytes": 5804916736
    },
    "lossless_cache_stats": {}
  }
}