{
  "label": "fp16_official",
  "writes": 19,
  "get_action_seconds": {
    "count": 873,
    "mean": 0.1493051696146272,
    "min": 0.08609336614608765,
    "max": 0.590365830808878,
    "p50": 0.15534339100122452,
    "p90": 0.16361549347639084,
    "p99": 0.1989986124634742
  },
  "extra": {
    "server_memory": {
      "allocated_bytes": 5476781056,
      "reserved_bytes": 5779750912,
      "max_allocated_bytes": 5682665472,
      "max_reserved_bytes": 5779750912
    },
    "lossless_cache_stats": {}
  }
}