{
  "task_suite_name": "libero_10",
  "port": 5582,
  "total_episodes": 1,
  "total_successes": 0,
  "success_rate": 0.0,
  "deterministic_policy_seeds": true,
  "policy_seed_base": 20260609,
  "policy_latency_seconds": {
    "count": 991,
    "mean": 0.14820215946174292,
    "min": 0.08965384587645531,
    "max": 0.7628231756389141,
    "p50": 0.15468313544988632,
    "p90": 0.1710156947374344,
    "p99": 0.35571684949100096
  },
  "policy_breakdown_seconds": {
    "policy_total_seconds": {
      "count": 991,
      "mean": 0.14820215946174292,
      "min": 0.08965384587645531,
      "max": 0.7628231756389141,
      "p50": 0.15468313544988632,
      "p90": 0.1710156947374344,
      "p99": 0.35571684949100096
    },
    "postprocess_seconds": {
      "count": 991,
      "mean": 0.00011746431245091705,
      "min": 5.017220973968506e-05,
      "max": 0.00044348835945129395,
      "p50": 0.0001171007752418518,
      "p90": 0.00014204531908035278,
      "p99": 0.0001757878810167313
    },
    "preprocess_seconds": {
      "count": 991,
      "mean": 0.00010997688117710541,
      "min": 4.504993557929993e-05,
      "max": 0.00048652663826942444,
      "p50": 0.00011210143566131592,
      "p90": 0.00013101473450660706,
      "p99": 0.0001679103821516037
    },
    "remote_get_action_seconds": {
      "count": 991,
      "mean": 0.14797151854447832,
      "min": 0.08944191411137581,
      "max": 0.7626436799764633,
      "p50": 0.15446845442056656,
      "p90": 0.170786764472723,
      "p99": 0.3555007521063097
    }
  },
  "episodes": [
    {
      "episode_index": 1,
      "task_id": 6,
      "init_index": 3,
      "success": false,
      "deterministic_policy_seeds": true,
      "policy_seed_base": 20260609,
      "policy_latency_seconds": {
        "count": 991,
        "mean": 0.14820215946174292,
        "min": 0.08965384587645531,
        "max": 0.7628231756389141,
        "p50": 0.15468313544988632,
        "p90": 0.1710156947374344,
        "p99": 0.35571684949100096
      },
      "policy_breakdown_seconds": {
        "policy_total_seconds": {
          "count": 991,
          "mean": 0.14820215946174292,
          "min": 0.08965384587645531,
          "max": 0.7628231756389141,
          "p50": 0.15468313544988632,
          "p90": 0.1710156947374344,
          "p99": 0.35571684949100096
        },
        "postprocess_seconds": {
          "count": 991,
          "mean": 0.00011746431245091705,
          "min": 5.017220973968506e-05,
          "max": 0.00044348835945129395,
          "p50": 0.0001171007752418518,
          "p90": 0.00014204531908035278,
          "p99": 0.0001757878810167313
        },
        "preprocess_seconds": {
          "count": 991,
          "mean": 0.00010997688117710541,
          "min": 4.504993557929993e-05,
          "max": 0.00048652663826942444,
          "p50": 0.00011210143566131592,
          "p90": 0.00013101473450660706,
          "p99": 0.0001679103821516037
        },
        "remote_get_action_seconds": {
          "count": 991,
          "mean": 0.14797151854447832,
          "min": 0.08944191411137581,
          "max": 0.7626436799764633,
          "p50": 0.15446845442056656,
          "p90": 0.170786764472723,
          "p99": 0.3555007521063097
        }
      }
    }
  ]
}