{
  "label": "fp16_official",
  "writes": 21,
  "get_action_seconds": {
    "count": 991,
    "mean": 0.10896906822047729,
    "min": 0.06954320892691612,
    "max": 1.306198339909315,
    "p50": 0.1213960200548172,
    "p90": 0.14591602608561516,
    "p99": 0.15940555855631833
  },
  "extra": {
    "server_memory": {
      "allocated_bytes": 5476782080,
      "reserved_bytes": 5807013888,
      "max_allocated_bytes": 5682666496,
      "max_reserved_bytes": 5807013888
    }
  }
}