{
  "label": "n17_fp16",
  "writes": 50,
  "get_action_seconds": {
    "count": 48,
    "mean": 0.23961564681182304,
    "min": 0.05376636981964111,
    "max": 6.459760196506977,
    "p50": 0.08825393952429295,
    "p90": 0.12801249548792845,
    "p99": 3.8224178770929638
  },
  "extra": {
    "server_memory": {
      "allocated_mib": 6023,
      "reserved_mib": 6212,
      "max_allocated_mib": 6088,
      "max_reserved_mib": 6212
    },
    "compile_step_window_fallback": {
      "enabled": true,
      "step_start": 0,
      "step_end": 10,
      "request_index": 48,
      "compiled_requests": 38,
      "eager_requests": 10,
      "eager_fraction": 0.20833333333333334,
      "last_mode": "compiled"
    }
  }
}