{
  "label": "fp16_official",
  "writes": 10,
  "get_action_seconds": {
    "count": 447,
    "mean": 0.0998242076994722,
    "min": 0.06714902818202972,
    "max": 1.2693403661251068,
    "p50": 0.07255502045154572,
    "p90": 0.14320133849978448,
    "p99": 0.15443927034735683
  }
}