{
  "task_suite_name": "libero_10",
  "port": 5555,
  "total_episodes": 2,
  "total_successes": 0,
  "success_rate": 0.0,
  "deterministic_policy_seeds": true,
  "policy_seed_base": 20260613,
  "policy_latency_seconds": {
    "count": 1982,
    "mean": 0.08252776905285301,
    "min": 0.05170946940779686,
    "max": 0.46853628754615784,
    "p50": 0.07268538512289524,
    "p90": 0.14032781682908538,
    "p99": 0.1632577229291201
  },
  "policy_breakdown_seconds": {
    "gripper_oracle_remote_get_action_seconds": {
      "count": 1982,
      "mean": 0.0,
      "min": 0.0,
      "max": 0.0,
      "p50": 0.0,
      "p90": 0.0,
      "p99": 0.0
    },
    "oracle_remote_get_action_seconds": {
      "count": 1982,
      "mean": 0.0,
      "min": 0.0,
      "max": 0.0,
      "p50": 0.0,
      "p90": 0.0,
      "p99": 0.0
    },
    "policy_total_seconds": {
      "count": 1982,
      "mean": 0.08252776905285301,
      "min": 0.05170946940779686,
      "max": 0.46853628754615784,
      "p50": 0.07268538512289524,
      "p90": 0.14032781682908538,
      "p99": 0.1632577229291201
    },
    "postprocess_seconds": {
      "count": 1982,
      "mean": 9.011336452845488e-05,
      "min": 3.345310688018799e-05,
      "max": 0.0005282014608383179,
      "p50": 8.851848542690277e-05,
      "p90": 0.00010292567312717438,
      "p99": 0.00013671066612005233
    },
    "preprocess_seconds": {
      "count": 1982,
      "mean": 9.709657719650134e-05,
      "min": 3.72081995010376e-05,
      "max": 0.00026148557662963867,
      "p50": 9.881705045700073e-05,
      "p90": 0.00010875314474105835,
      "p99": 0.00012663748115301131
    },
    "primary_remote_get_action_seconds": {
      "count": 1982,
      "mean": 0.08233669906944849,
      "min": 0.051598817110061646,
      "max": 0.4683288484811783,
      "p50": 0.07245809026062489,
      "p90": 0.14012830406427385,
      "p99": 0.1630810454115272
    },
    "remote_get_action_seconds": {
      "count": 1982,
      "mean": 0.08233669906944849,
      "min": 0.051598817110061646,
      "max": 0.4683288484811783,
      "p50": 0.07245809026062489,
      "p90": 0.14012830406427385,
      "p99": 0.1630810454115272
    }
  },
  "action_perturbation": {
    "keys": [
      "yaw"
    ],
    "amplitude": 0.03,
    "sign": 1.0,
    "normalize_by_num_keys": true,
    "step_start": null,
    "step_end": null,
    "clip": true
  },
  "episodes": [
    {
      "episode_index": 1,
      "task_id": 4,
      "init_index": 9,
      "success": false,
      "deterministic_policy_seeds": true,
      "policy_seed_base": 20260613,
      "policy_latency_seconds": {
        "count": 991,
        "mean": 0.08282457147729626,
        "min": 0.05170946940779686,
        "max": 0.46853628754615784,
        "p50": 0.07203996181488037,
        "p90": 0.14251407608389854,
        "p99": 0.16407985948026182
      },
      "policy_breakdown_seconds": {
        "gripper_oracle_remote_get_action_seconds": {
          "count": 991,
          "mean": 0.0,
          "min": 0.0,
          "max": 0.0,
          "p50": 0.0,
          "p90": 0.0,
          "p99": 0.0
        },
        "oracle_remote_get_action_seconds": {
          "count": 991,
          "mean": 0.0,
          "min": 0.0,
          "max": 0.0,
          "p50": 0.0,
          "p90": 0.0,
          "p99": 0.0
        },
        "policy_total_seconds": {
          "count": 991,
          "mean": 0.08282457147729626,
          "min": 0.05170946940779686,
          "max": 0.46853628754615784,
          "p50": 0.07203996181488037,
          "p90": 0.14251407608389854,
          "p99": 0.16407985948026182
        },
        "postprocess_seconds": {
          "count": 991,
          "mean": 9.244013912261554e-05,
          "min": 3.672391176223755e-05,
          "max": 0.0005282014608383179,
          "p50": 8.88332724571228e-05,
          "p90": 0.00010525062680244446,
          "p99": 0.00014068670570850376
        },
        "preprocess_seconds": {
          "count": 991,
          "mean": 0.00010175337238701513,
          "min": 4.320591688156128e-05,
          "max": 0.00026148557662963867,
          "p50": 0.0001004934310913086,
          "p90": 0.00011122971773147583,
          "p99": 0.00012684985995292664
        },
        "primary_remote_get_action_seconds": {
          "count": 991,
          "mean": 0.08262622920659067,
          "min": 0.051598817110061646,
          "max": 0.4683288484811783,
          "p50": 0.07185129821300507,
          "p90": 0.1423269808292389,
          "p99": 0.16388789899647238
        },
        "remote_get_action_seconds": {
          "count": 991,
          "mean": 0.08262622920659067,
          "min": 0.051598817110061646,
          "max": 0.4683288484811783,
          "p50": 0.07185129821300507,
          "p90": 0.1423269808292389,
          "p99": 0.16388789899647238
        }
      },
      "action_perturbation": {
        "keys": [
          "yaw"
        ],
        "amplitude": 0.03,
        "sign": 1.0,
        "normalize_by_num_keys": true,
        "step_start": null,
        "step_end": null,
        "clip": true
      }
    },
    {
      "episode_index": 2,
      "task_id": 6,
      "init_index": 8,
      "success": false,
      "deterministic_policy_seeds": true,
      "policy_seed_base": 20260613,
      "policy_latency_seconds": {
        "count": 991,
        "mean": 0.08223096662840979,
        "min": 0.053494978696107864,
        "max": 0.168582946062088,
        "p50": 0.07316593080759048,
        "p90": 0.1385723352432251,
        "p99": 0.16255278550088406
      },
      "policy_breakdown_seconds": {
        "gripper_oracle_remote_get_action_seconds": {
          "count": 991,
          "mean": 0.0,
          "min": 0.0,
          "max": 0.0,
          "p50": 0.0,
          "p90": 0.0,
          "p99": 0.0
        },
        "oracle_remote_get_action_seconds": {
          "count": 991,
          "mean": 0.0,
          "min": 0.0,
          "max": 0.0,
          "p50": 0.0,
          "p90": 0.0,
          "p99": 0.0
        },
        "policy_total_seconds": {
          "count": 991,
          "mean": 0.08223096662840979,
          "min": 0.053494978696107864,
          "max": 0.168582946062088,
          "p50": 0.07316593080759048,
          "p90": 0.1385723352432251,
          "p99": 0.16255278550088406
        },
        "postprocess_seconds": {
          "count": 991,
          "mean": 8.778658993429421e-05,
          "min": 3.345310688018799e-05,
          "max": 0.00026117265224456787,
          "p50": 8.845701813697815e-05,
          "p90": 9.983032941818237e-05,
          "p99": 0.00012958273291587832
        },
        "preprocess_seconds": {
          "count": 991,
          "mean": 9.243978200598754e-05,
          "min": 3.72081995010376e-05,
          "max": 0.00013894960284233093,
          "p50": 9.262561798095703e-05,
          "p90": 0.0001041218638420105,
          "p99": 0.00011999607086181641
        },
        "primary_remote_get_action_seconds": {
          "count": 991,
          "mean": 0.08204716893230629,
          "min": 0.05330846831202507,
          "max": 0.16845806315541267,
          "p50": 0.07295900210738182,
          "p90": 0.1384255513548851,
          "p99": 0.16232927553355694
        },
        "remote_get_action_seconds": {
          "count": 991,
          "mean": 0.08204716893230629,
          "min": 0.05330846831202507,
          "max": 0.16845806315541267,
          "p50": 0.07295900210738182,
          "p90": 0.1384255513548851,
          "p99": 0.16232927553355694
        }
      },
      "action_perturbation": {
        "keys": [
          "yaw"
        ],
        "amplitude": 0.03,
        "sign": 1.0,
        "normalize_by_num_keys": true,
        "step_start": null,
        "step_end": null,
        "clip": true
      }
    }
  ]
}