{
  "label": "n17_fp16",
  "writes": 30,
  "get_action_seconds": {
    "count": 28,
    "mean": 0.35654657147824764,
    "min": 0.06738530099391937,
    "max": 6.28710413724184,
    "p50": 0.11401744186878204,
    "p90": 0.19091792181134223,
    "p99": 4.802662086337807
  },
  "extra": {
    "server_memory": {
      "allocated_mib": 6023,
      "reserved_mib": 6216,
      "max_allocated_mib": 6090,
      "max_reserved_mib": 6216
    },
    "compile_step_window_fallback": {
      "enabled": true,
      "step_start": 0,
      "step_end": 15,
      "request_index": 28,
      "compiled_requests": 13,
      "eager_requests": 15,
      "eager_fraction": 0.5357142857142857,
      "last_mode": "compiled"
    }
  }
}