{
  "task_suite_name": "libero_10",
  "port": 5582,
  "total_episodes": 1,
  "total_successes": 0,
  "success_rate": 0.0,
  "deterministic_policy_seeds": true,
  "policy_seed_base": 20260609,
  "policy_latency_seconds": {
    "count": 991,
    "mean": 0.14687523526241994,
    "min": 0.08881841227412224,
    "max": 0.6962313391268253,
    "p50": 0.15445265173912048,
    "p90": 0.17103704810142517,
    "p99": 0.32456617653369974
  },
  "policy_breakdown_seconds": {
    "policy_total_seconds": {
      "count": 991,
      "mean": 0.14687523526241994,
      "min": 0.08881841227412224,
      "max": 0.6962313391268253,
      "p50": 0.15445265173912048,
      "p90": 0.17103704810142517,
      "p99": 0.32456617653369974
    },
    "postprocess_seconds": {
      "count": 991,
      "mean": 0.0001255655708214349,
      "min": 4.654005169868469e-05,
      "max": 0.0005119293928146362,
      "p50": 0.00012575089931488037,
      "p90": 0.00015230104327201843,
      "p99": 0.00019453614950180062
    },
    "preprocess_seconds": {
      "count": 991,
      "mean": 0.00012231494114930646,
      "min": 4.6119093894958496e-05,
      "max": 0.0007021874189376831,
      "p50": 0.0001239180564880371,
      "p90": 0.0001386888325214386,
      "p99": 0.00020561516284942652
    },
    "remote_get_action_seconds": {
      "count": 991,
      "mean": 0.14662395632712077,
      "min": 0.08871638402342796,
      "max": 0.6959560513496399,
      "p50": 0.15416475012898445,
      "p90": 0.17078053578734398,
      "p99": 0.3243093963712461
    }
  },
  "episodes": [
    {
      "episode_index": 1,
      "task_id": 8,
      "init_index": 10,
      "success": false,
      "deterministic_policy_seeds": true,
      "policy_seed_base": 20260609,
      "policy_latency_seconds": {
        "count": 991,
        "mean": 0.14687523526241994,
        "min": 0.08881841227412224,
        "max": 0.6962313391268253,
        "p50": 0.15445265173912048,
        "p90": 0.17103704810142517,
        "p99": 0.32456617653369974
      },
      "policy_breakdown_seconds": {
        "policy_total_seconds": {
          "count": 991,
          "mean": 0.14687523526241994,
          "min": 0.08881841227412224,
          "max": 0.6962313391268253,
          "p50": 0.15445265173912048,
          "p90": 0.17103704810142517,
          "p99": 0.32456617653369974
        },
        "postprocess_seconds": {
          "count": 991,
          "mean": 0.0001255655708214349,
          "min": 4.654005169868469e-05,
          "max": 0.0005119293928146362,
          "p50": 0.00012575089931488037,
          "p90": 0.00015230104327201843,
          "p99": 0.00019453614950180062
        },
        "preprocess_seconds": {
          "count": 991,
          "mean": 0.00012231494114930646,
          "min": 4.6119093894958496e-05,
          "max": 0.0007021874189376831,
          "p50": 0.0001239180564880371,
          "p90": 0.0001386888325214386,
          "p99": 0.00020561516284942652
        },
        "remote_get_action_seconds": {
          "count": 991,
          "mean": 0.14662395632712077,
          "min": 0.08871638402342796,
          "max": 0.6959560513496399,
          "p50": 0.15416475012898445,
          "p90": 0.17078053578734398,
          "p99": 0.3243093963712461
        }
      }
    }
  ]
}