{
  "label": "n17_fp16",
  "writes": 33,
  "get_action_seconds": {
    "count": 31,
    "mean": 0.3113564284097764,
    "min": 0.0557175874710083,
    "max": 6.26588124781847,
    "p50": 0.09172290563583374,
    "p90": 0.155234444886446,
    "p99": 4.6048528973013125
  },
  "extra": {
    "server_memory": {
      "allocated_mib": 6023,
      "reserved_mib": 6218,
      "max_allocated_mib": 6092,
      "max_reserved_mib": 6218
    },
    "compile_step_window_fallback": {
      "enabled": true,
      "step_start": 0,
      "step_end": 10,
      "request_index": 31,
      "compiled_requests": 21,
      "eager_requests": 10,
      "eager_fraction": 0.3225806451612903,
      "last_mode": "compiled"
    }
  }
}