{
  "label": "n17_fp16",
  "writes": 35,
  "get_action_seconds": {
    "count": 33,
    "mean": 0.3009862852367488,
    "min": 0.0544782318174839,
    "max": 6.982720375061035,
    "p50": 0.07453421875834465,
    "p90": 0.1705355040729046,
    "p99": 4.810141332149504
  },
  "extra": {
    "server_memory": {
      "allocated_mib": 6023,
      "reserved_mib": 6216,
      "max_allocated_mib": 6090,
      "max_reserved_mib": 6216
    },
    "compile_step_window_fallback": {
      "enabled": true,
      "step_start": 12,
      "step_end": 22,
      "request_index": 33,
      "compiled_requests": 23,
      "eager_requests": 10,
      "eager_fraction": 0.30303030303030304,
      "last_mode": "compiled"
    }
  }
}