{
  "task_suite_name": "libero_10",
  "port": 5583,
  "total_episodes": 1,
  "total_successes": 0,
  "success_rate": 0.0,
  "deterministic_policy_seeds": true,
  "policy_seed_base": 20260609,
  "policy_latency_seconds": {
    "count": 991,
    "mean": 0.15594120053753002,
    "min": 0.09409420192241669,
    "max": 0.40599842369556427,
    "p50": 0.16138944402337074,
    "p90": 0.17269470915198326,
    "p99": 0.2973869778215885
  },
  "policy_breakdown_seconds": {
    "policy_total_seconds": {
      "count": 991,
      "mean": 0.15594120053753002,
      "min": 0.09409420192241669,
      "max": 0.40599842369556427,
      "p50": 0.16138944402337074,
      "p90": 0.17269470915198326,
      "p99": 0.2973869778215885
    },
    "postprocess_seconds": {
      "count": 991,
      "mean": 0.00013517901135982587,
      "min": 4.3895095586776733e-05,
      "max": 0.002743881195783615,
      "p50": 0.00013434141874313354,
      "p90": 0.00015397369861602783,
      "p99": 0.00019652619957923889
    },
    "preprocess_seconds": {
      "count": 991,
      "mean": 0.00012836778981894947,
      "min": 4.168599843978882e-05,
      "max": 0.0009954571723937988,
      "p50": 0.00013212114572525024,
      "p90": 0.00014468654990196228,
      "p99": 0.00019151121377944955
    },
    "remote_get_action_seconds": {
      "count": 991,
      "mean": 0.15567423090128196,
      "min": 0.09400241449475288,
      "max": 0.40575847774744034,
      "p50": 0.16110884770751,
      "p90": 0.17239995673298836,
      "p99": 0.2971046146005392
    }
  },
  "episodes": [
    {
      "episode_index": 1,
      "task_id": 8,
      "init_index": 10,
      "success": false,
      "deterministic_policy_seeds": true,
      "policy_seed_base": 20260609,
      "policy_latency_seconds": {
        "count": 991,
        "mean": 0.15594120053753002,
        "min": 0.09409420192241669,
        "max": 0.40599842369556427,
        "p50": 0.16138944402337074,
        "p90": 0.17269470915198326,
        "p99": 0.2973869778215885
      },
      "policy_breakdown_seconds": {
        "policy_total_seconds": {
          "count": 991,
          "mean": 0.15594120053753002,
          "min": 0.09409420192241669,
          "max": 0.40599842369556427,
          "p50": 0.16138944402337074,
          "p90": 0.17269470915198326,
          "p99": 0.2973869778215885
        },
        "postprocess_seconds": {
          "count": 991,
          "mean": 0.00013517901135982587,
          "min": 4.3895095586776733e-05,
          "max": 0.002743881195783615,
          "p50": 0.00013434141874313354,
          "p90": 0.00015397369861602783,
          "p99": 0.00019652619957923889
        },
        "preprocess_seconds": {
          "count": 991,
          "mean": 0.00012836778981894947,
          "min": 4.168599843978882e-05,
          "max": 0.0009954571723937988,
          "p50": 0.00013212114572525024,
          "p90": 0.00014468654990196228,
          "p99": 0.00019151121377944955
        },
        "remote_get_action_seconds": {
          "count": 991,
          "mean": 0.15567423090128196,
          "min": 0.09400241449475288,
          "max": 0.40575847774744034,
          "p50": 0.16110884770751,
          "p90": 0.17239995673298836,
          "p99": 0.2971046146005392
        }
      }
    }
  ]
}