{
  "task_suite_name": "libero_10",
  "port": 5569,
  "total_episodes": 1,
  "total_successes": 0,
  "success_rate": 0.0,
  "policy_latency_seconds": {
    "count": 991,
    "mean": 0.2095912631477044,
    "min": 0.09370498359203339,
    "max": 54.28255724161863,
    "p50": 0.1610446311533451,
    "p90": 0.17122282460331917,
    "p99": 0.18064132668077948
  },
  "policy_breakdown_seconds": {
    "policy_total_seconds": {
      "count": 991,
      "mean": 0.2095912631477044,
      "min": 0.09370498359203339,
      "max": 54.28255724161863,
      "p50": 0.1610446311533451,
      "p90": 0.17122282460331917,
      "p99": 0.18064132668077948
    },
    "postprocess_seconds": {
      "count": 991,
      "mean": 9.963620081919834e-05,
      "min": 3.8817524909973145e-05,
      "max": 0.00035598501563072205,
      "p50": 0.00010805949568748474,
      "p90": 0.00012608245015144348,
      "p99": 0.0001451566815376282
    },
    "preprocess_seconds": {
      "count": 991,
      "mean": 0.0001022747213135574,
      "min": 4.032626748085022e-05,
      "max": 0.0004327744245529175,
      "p50": 0.00011220574378967285,
      "p90": 0.0001234598457813263,
      "p99": 0.00016729794442653674
    },
    "remote_get_action_seconds": {
      "count": 991,
      "mean": 0.20938635119034954,
      "min": 0.09361753240227699,
      "max": 54.282398112118244,
      "p50": 0.16081183403730392,
      "p90": 0.17113347351551056,
      "p99": 0.18054467625916004
    }
  },
  "episodes": [
    {
      "episode_index": 1,
      "task_id": 6,
      "init_index": 1,
      "success": false,
      "policy_latency_seconds": {
        "count": 991,
        "mean": 0.2095912631477044,
        "min": 0.09370498359203339,
        "max": 54.28255724161863,
        "p50": 0.1610446311533451,
        "p90": 0.17122282460331917,
        "p99": 0.18064132668077948
      },
      "policy_breakdown_seconds": {
        "policy_total_seconds": {
          "count": 991,
          "mean": 0.2095912631477044,
          "min": 0.09370498359203339,
          "max": 54.28255724161863,
          "p50": 0.1610446311533451,
          "p90": 0.17122282460331917,
          "p99": 0.18064132668077948
        },
        "postprocess_seconds": {
          "count": 991,
          "mean": 9.963620081919834e-05,
          "min": 3.8817524909973145e-05,
          "max": 0.00035598501563072205,
          "p50": 0.00010805949568748474,
          "p90": 0.00012608245015144348,
          "p99": 0.0001451566815376282
        },
        "preprocess_seconds": {
          "count": 991,
          "mean": 0.0001022747213135574,
          "min": 4.032626748085022e-05,
          "max": 0.0004327744245529175,
          "p50": 0.00011220574378967285,
          "p90": 0.0001234598457813263,
          "p99": 0.00016729794442653674
        },
        "remote_get_action_seconds": {
          "count": 991,
          "mean": 0.20938635119034954,
          "min": 0.09361753240227699,
          "max": 54.282398112118244,
          "p50": 0.16081183403730392,
          "p90": 0.17113347351551056,
          "p99": 0.18054467625916004
        }
      }
    }
  ]
}