{
  "task_suite_name": "libero_10",
  "port": 5583,
  "total_episodes": 1,
  "total_successes": 1,
  "success_rate": 1.0,
  "policy_latency_seconds": {
    "count": 301,
    "mean": 0.15063200299426963,
    "min": 0.0956345796585083,
    "max": 0.46693114936351776,
    "p50": 0.1577754057943821,
    "p90": 0.16976578906178474,
    "p99": 0.30675047636032104
  },
  "policy_breakdown_seconds": {
    "policy_total_seconds": {
      "count": 301,
      "mean": 0.15063200299426963,
      "min": 0.0956345796585083,
      "max": 0.46693114936351776,
      "p50": 0.1577754057943821,
      "p90": 0.16976578906178474,
      "p99": 0.30675047636032104
    },
    "postprocess_seconds": {
      "count": 301,
      "mean": 0.00011997910036993185,
      "min": 4.412233829498291e-05,
      "max": 0.00034262239933013916,
      "p50": 0.0001219436526298523,
      "p90": 0.00015239417552947998,
      "p99": 0.00020322203636169434
    },
    "preprocess_seconds": {
      "count": 301,
      "mean": 0.00010918924875829703,
      "min": 4.758313298225403e-05,
      "max": 0.00019140541553497314,
      "p50": 0.00011555477976799011,
      "p90": 0.00013499706983566284,
      "p99": 0.00017335638403892517
    },
    "remote_get_action_seconds": {
      "count": 301,
      "mean": 0.1503992548144339,
      "min": 0.09544283524155617,
      "max": 0.4667312540113926,
      "p50": 0.15754162147641182,
      "p90": 0.16950204595923424,
      "p99": 0.30648571997880936
    }
  },
  "episodes": [
    {
      "episode_index": 1,
      "task_id": 6,
      "init_index": 3,
      "success": true,
      "policy_latency_seconds": {
        "count": 301,
        "mean": 0.15063200299426963,
        "min": 0.0956345796585083,
        "max": 0.46693114936351776,
        "p50": 0.1577754057943821,
        "p90": 0.16976578906178474,
        "p99": 0.30675047636032104
      },
      "policy_breakdown_seconds": {
        "policy_total_seconds": {
          "count": 301,
          "mean": 0.15063200299426963,
          "min": 0.0956345796585083,
          "max": 0.46693114936351776,
          "p50": 0.1577754057943821,
          "p90": 0.16976578906178474,
          "p99": 0.30675047636032104
        },
        "postprocess_seconds": {
          "count": 301,
          "mean": 0.00011997910036993185,
          "min": 4.412233829498291e-05,
          "max": 0.00034262239933013916,
          "p50": 0.0001219436526298523,
          "p90": 0.00015239417552947998,
          "p99": 0.00020322203636169434
        },
        "preprocess_seconds": {
          "count": 301,
          "mean": 0.00010918924875829703,
          "min": 4.758313298225403e-05,
          "max": 0.00019140541553497314,
          "p50": 0.00011555477976799011,
          "p90": 0.00013499706983566284,
          "p99": 0.00017335638403892517
        },
        "remote_get_action_seconds": {
          "count": 301,
          "mean": 0.1503992548144339,
          "min": 0.09544283524155617,
          "max": 0.4667312540113926,
          "p50": 0.15754162147641182,
          "p90": 0.16950204595923424,
          "p99": 0.30648571997880936
        }
      }
    }
  ]
}