{
  "label": "n17_fp16",
  "writes": 32,
  "get_action_seconds": {
    "count": 30,
    "mean": 0.32614960881570976,
    "min": 0.05468400940299034,
    "max": 6.934845019131899,
    "p50": 0.08332040905952454,
    "p90": 0.1711608149111271,
    "p99": 4.977332487255341
  },
  "extra": {
    "server_memory": {
      "allocated_mib": 6023,
      "reserved_mib": 6216,
      "max_allocated_mib": 6090,
      "max_reserved_mib": 6216
    },
    "compile_step_window_fallback": {
      "enabled": true,
      "step_start": 12,
      "step_end": 22,
      "request_index": 30,
      "compiled_requests": 20,
      "eager_requests": 10,
      "eager_fraction": 0.3333333333333333,
      "last_mode": "compiled"
    }
  }
}