{
  "torch_version": "2.8.0+cu128",
  "cuda_available": true,
  "device": "cuda",
  "scope": "dit_mlp_only",
  "scope_description": "DiT feed-forward Linear modules only",
  "prefer_triton": true,
  "denoising_steps": 1,
  "num_observations": 3,
  "load_seconds": 11.662587881088257,
  "teacher_seconds": 0.6431272029876709,
  "patch_seconds": 0.04040408134460449,
  "student_seconds": 0.4694175720214844,
  "patched_modules": 32,
  "patch_summary": {
    "all": {
      "modules": 32,
      "fp16_weight_bytes": 603979776,
      "packed_weight_bytes": 150994944,
      "scale_bytes": 491520,
      "bias_bytes": 245760,
      "packed_plus_scale_ratio_vs_fp16": 0.2508138020833333
    },
    "by_group": {
      "dit_mlp": {
        "modules": 32,
        "fp16_weight_bytes": 603979776,
        "packed_weight_bytes": 150994944,
        "scale_bytes": 491520,
        "bias_bytes": 245760,
        "packed_plus_scale_ratio_vs_fp16": 0.2508138020833333
      }
    }
  },
  "comparisons": [
    {
      "mse": 0.0004206230624977321,
      "nmse": 0.008723565511931519,
      "rmse": 0.02050909706685626,
      "relative_rmse": 0.09340002950712338,
      "cosine": 0.9956331369380333,
      "max_abs_diff": 0.0888671875,
      "teacher_rms": 0.2195834110019428,
      "student_rms": 0.21796891145124095,
      "per_key": {
        "action.gripper": {
          "mse": 0.0025274157524108887,
          "nmse": 0.09931467495235792,
          "max_abs_diff": 0.0888671875,
          "teacher_rms": 0.15952605711897677,
          "student_rms": 0.1911784397379651
        },
        "action.pitch": {
          "mse": 4.662407432243221e-06,
          "nmse": 0.018485696314633857,
          "max_abs_diff": 0.003509342670440674,
          "teacher_rms": 0.015881342215201443,
          "student_rms": 0.016771238370402407
        },
        "action.roll": {
          "mse": 3.05272414370672e-06,
          "nmse": 0.024265096621202454,
          "max_abs_diff": 0.00419086217880249,
          "teacher_rms": 0.01121638139249181,
          "student_rms": 0.011768198061160006
        },
        "action.x": {
          "mse": 5.013425834476948e-05,
          "nmse": 0.0011192270740263983,
          "max_abs_diff": 0.0128173828125,
          "teacher_rms": 0.21164508810055252,
          "student_rms": 0.21036562547300508
        },
        "action.y": {
          "mse": 0.0002866422619263176,
          "nmse": 0.001230427049020622,
          "max_abs_diff": 0.029296875,
          "teacher_rms": 0.4826609642628371,
          "student_rms": 0.4688065251844224
        },
        "action.yaw": {
          "mse": 2.688399955763643e-06,
          "nmse": 0.057010575282647066,
          "max_abs_diff": 0.005800783634185791,
          "teacher_rms": 0.006867034480886509,
          "student_rms": 0.006557450085941812
        },
        "action.z": {
          "mse": 6.97656332704355e-05,
          "nmse": 0.0020586435259759774,
          "max_abs_diff": 0.01567840576171875,
          "teacher_rms": 0.18408999882103244,
          "student_rms": 0.17756100130427127
        }
      },
      "variant": "zero",
      "seed": 20260606,
      "action_size": 112
    },
    {
      "mse": 0.0005484373948234604,
      "nmse": 0.0030132863520837888,
      "rmse": 0.023418740248430537,
      "relative_rmse": 0.05489340900403061,
      "cosine": 0.9988663429681877,
      "max_abs_diff": 0.15087890625,
      "teacher_rms": 0.42662207855793743,
      "student_rms": 0.41447628158351085,
      "per_key": {
        "action.gripper": {
          "mse": 0.0022721066052331373,
          "nmse": 0.00249917684833017,
          "max_abs_diff": 0.15087890625,
          "teacher_rms": 0.9534893742413025,
          "student_rms": 0.9338084165620086
        },
        "action.pitch": {
          "mse": 4.792049988044944e-06,
          "nmse": 0.030189715286989178,
          "max_abs_diff": 0.0052640438079833984,
          "teacher_rms": 0.012598857423451364,
          "student_rms": 0.012979464013599566
        },
        "action.roll": {
          "mse": 1.1684466726669118e-06,
          "nmse": 0.007244169409903752,
          "max_abs_diff": 0.002095431089401245,
          "teacher_rms": 0.012700187977879532,
          "student_rms": 0.012066937559172139
        },
        "action.x": {
          "mse": 0.00021202940843068063,
          "nmse": 0.007565507650389807,
          "max_abs_diff": 0.0439453125,
          "teacher_rms": 0.167409081428972,
          "student_rms": 0.17441179135168355
        },
        "action.y": {
          "mse": 0.0012985958164790645,
          "nmse": 0.004148719439840233,
          "max_abs_diff": 0.06591796875,
          "teacher_rms": 0.559474074510005,
          "student_rms": 0.5264306081676075
        },
        "action.yaw": {
          "mse": 7.097861837557229e-06,
          "nmse": 0.558417389515595,
          "max_abs_diff": 0.005800783634185791,
          "teacher_rms": 0.0035652033313959977,
          "student_rms": 0.002855950859841403
        },
        "action.z": {
          "mse": 4.327157512307167e-05,
          "nmse": 0.0018387598634823353,
          "max_abs_diff": 0.0146484375,
          "teacher_rms": 0.1534047631236765,
          "student_rms": 0.15054921130095428
        }
      },
      "variant": "midgray",
      "seed": 20260607,
      "action_size": 112
    },
    {
      "mse": 0.0007564496059102925,
      "nmse": 0.008836249836641677,
      "rmse": 0.027503628958926357,
      "relative_rmse": 0.09400132890891319,
      "cosine": 0.9956147072927712,
      "max_abs_diff": 0.10884857177734375,
      "teacher_rms": 0.29258766102740136,
      "student_rms": 0.2940004894070936,
      "per_key": {
        "action.gripper": {
          "mse": 0.0037433380239235703,
          "nmse": 0.009743235209391136,
          "max_abs_diff": 0.10884857177734375,
          "teacher_rms": 0.6198376170718465,
          "student_rms": 0.635596248301362
        },
        "action.pitch": {
          "mse": 3.848585010679528e-06,
          "nmse": 0.5915969737420234,
          "max_abs_diff": 0.0046791136264801025,
          "teacher_rms": 0.0025505718968358917,
          "student_rms": 0.003191094335900484
        },
        "action.roll": {
          "mse": 3.258795823149474e-06,
          "nmse": 0.0669825263061868,
          "max_abs_diff": 0.004190847277641296,
          "teacher_rms": 0.006975057848554476,
          "student_rms": 0.0065531544698671515
        },
        "action.x": {
          "mse": 0.00012857053661718965,
          "nmse": 0.004119132029957165,
          "max_abs_diff": 0.0146484375,
          "teacher_rms": 0.17667205960698193,
          "student_rms": 0.18702279577202602
        },
        "action.y": {
          "mse": 0.0010385734640294686,
          "nmse": 0.008839926755353009,
          "max_abs_diff": 0.06591796875,
          "teacher_rms": 0.3427632702360215,
          "student_rms": 0.31986332479304763
        },
        "action.yaw": {
          "mse": 1.3468698675300761e-05,
          "nmse": 0.2455991203444702,
          "max_abs_diff": 0.00797608494758606,
          "teacher_rms": 0.0074054152306573355,
          "student_rms": 0.00926953606878231
        },
        "action.z": {
          "mse": 0.0003640891372926891,
          "nmse": 0.005496147093709818,
          "max_abs_diff": 0.03021240234375,
          "teacher_rms": 0.2573799352488433,
          "student_rms": 0.25227425481995314
        }
      },
      "variant": "noise",
      "seed": 20260608,
      "action_size": 112
    }
  ],
  "summary": {
    "observations": 3,
    "mse": {
      "mean": 0.0005751700210771617,
      "max": 0.0007564496059102925,
      "min": 0.0004206230624977321
    },
    "nmse": {
      "mean": 0.006857700566885661,
      "max": 0.008836249836641677,
      "min": 0.0030132863520837888
    },
    "rmse": {
      "mean": 0.02381048875807105,
      "max": 0.027503628958926357,
      "min": 0.02050909706685626
    },