{
  "task_suite_name": "libero_10",
  "port": 5575,
  "total_episodes": 1,
  "total_successes": 1,
  "success_rate": 1.0,
  "policy_latency_seconds": {
    "count": 226,
    "mean": 0.15145984819505068,
    "min": 0.09832676872611046,
    "max": 0.519706342369318,
    "p50": 0.1605568267405033,
    "p90": 0.17285259813070297,
    "p99": 0.2688539894297719
  },
  "policy_breakdown_seconds": {
    "policy_total_seconds": {
      "count": 226,
      "mean": 0.15145984819505068,
      "min": 0.09832676872611046,
      "max": 0.519706342369318,
      "p50": 0.1605568267405033,
      "p90": 0.17285259813070297,
      "p99": 0.2688539894297719
    },
    "postprocess_seconds": {
      "count": 226,
      "mean": 0.00010711434338472586,
      "min": 3.94284725189209e-05,
      "max": 0.0004644058644771576,
      "p50": 0.00011078640818595886,
      "p90": 0.00013476796448230743,
      "p99": 0.00017328280955553055
    },
    "preprocess_seconds": {
      "count": 226,
      "mean": 0.00011178648379524198,
      "min": 4.235655069351196e-05,
      "max": 0.00031463056802749634,
      "p50": 0.00011897273361682892,
      "p90": 0.0001351870596408844,
      "p99": 0.00023901835083961487
    },
    "remote_get_action_seconds": {
      "count": 226,
      "mean": 0.15123784490984626,
      "min": 0.09823140501976013,
      "max": 0.5195803977549076,
      "p50": 0.1603141836822033,
      "p90": 0.17262408137321472,
      "p99": 0.26869081426411867
    }
  },
  "episodes": [
    {
      "episode_index": 1,
      "task_id": 6,
      "init_index": 1,
      "success": true,
      "policy_latency_seconds": {
        "count": 226,
        "mean": 0.15145984819505068,
        "min": 0.09832676872611046,
        "max": 0.519706342369318,
        "p50": 0.1605568267405033,
        "p90": 0.17285259813070297,
        "p99": 0.2688539894297719
      },
      "policy_breakdown_seconds": {
        "policy_total_seconds": {
          "count": 226,
          "mean": 0.15145984819505068,
          "min": 0.09832676872611046,
          "max": 0.519706342369318,
          "p50": 0.1605568267405033,
          "p90": 0.17285259813070297,
          "p99": 0.2688539894297719
        },
        "postprocess_seconds": {
          "count": 226,
          "mean": 0.00010711434338472586,
          "min": 3.94284725189209e-05,
          "max": 0.0004644058644771576,
          "p50": 0.00011078640818595886,
          "p90": 0.00013476796448230743,
          "p99": 0.00017328280955553055
        },
        "preprocess_seconds": {
          "count": 226,
          "mean": 0.00011178648379524198,
          "min": 4.235655069351196e-05,
          "max": 0.00031463056802749634,
          "p50": 0.00011897273361682892,
          "p90": 0.0001351870596408844,
          "p99": 0.00023901835083961487
        },
        "remote_get_action_seconds": {
          "count": 226,
          "mean": 0.15123784490984626,
          "min": 0.09823140501976013,
          "max": 0.5195803977549076,
          "p50": 0.1603141836822033,
          "p90": 0.17262408137321472,
          "p99": 0.26869081426411867
        }
      }
    }
  ]
}