{
  "label": "n17_fp16",
  "writes": 31,
  "get_action_seconds": {
    "count": 29,
    "mean": 0.36540796620578603,
    "min": 0.05339384824037552,
    "max": 7.58374435827136,
    "p50": 0.09376228973269463,
    "p90": 0.171897204965353,
    "p99": 5.539203350394956
  },
  "extra": {
    "server_memory": {
      "allocated_mib": 6023,
      "reserved_mib": 6218,
      "max_allocated_mib": 6092,
      "max_reserved_mib": 6218
    },
    "compile_step_window_fallback": {
      "enabled": true,
      "step_start": 10,
      "step_end": 30,
      "request_index": 29,
      "compiled_requests": 10,
      "eager_requests": 19,
      "eager_fraction": 0.6551724137931034,
      "last_mode": "eager"
    }
  }
}