{
  "label": "n17_fp16",
  "writes": 37,
  "get_action_seconds": {
    "count": 35,
    "mean": 0.2816534114735467,
    "min": 0.05491485819220543,
    "max": 6.837418254464865,
    "p50": 0.07922464236617088,
    "p90": 0.13214464709162713,
    "p99": 4.559248704016186
  },
  "extra": {
    "server_memory": {
      "allocated_mib": 6023,
      "reserved_mib": 6216,
      "max_allocated_mib": 6090,
      "max_reserved_mib": 6216
    }
  }
}