{
  "label": "fp16_official",
  "writes": 203,
  "get_action_seconds": {
    "count": 10084,
    "mean": 0.09988342823024036,
    "min": 0.06707742810249329,
    "max": 1.299947939813137,
    "p50": 0.0725281648337841,
    "p90": 0.1444293636828661,
    "p99": 0.1625896628201008
  }
}