{
  "task_suite_name": "libero_10",
  "port": 5606,
  "total_episodes": 2,
  "total_successes": 0,
  "success_rate": 0.0,
  "deterministic_policy_seeds": true,
  "policy_seed_base": 20260613,
  "policy_latency_seconds": {
    "count": 1982,
    "mean": 0.25466683297394566,
    "min": 0.1931675747036934,
    "max": 1.8308641277253628,
    "p50": 0.25198541954159737,
    "p90": 0.26410590559244157,
    "p99": 0.35760749965906174
  },
  "policy_breakdown_seconds": {
    "gripper_oracle_remote_get_action_seconds": {
      "count": 1982,
      "mean": 0.12275676723610982,
      "min": 0.09173745289444923,
      "max": 0.25775640457868576,
      "p50": 0.12135102413594723,
      "p90": 0.13242674022912979,
      "p99": 0.1951902890950446
    },
    "oracle_remote_get_action_seconds": {
      "count": 1982,
      "mean": 0.12275676723610982,
      "min": 0.09173745289444923,
      "max": 0.25775640457868576,
      "p50": 0.12135102413594723,
      "p90": 0.13242674022912979,
      "p99": 0.1951902890950446
    },
    "policy_total_seconds": {
      "count": 1982,
      "mean": 0.25466683297394566,
      "min": 0.1931675747036934,
      "max": 1.8308641277253628,
      "p50": 0.25198541954159737,
      "p90": 0.26410590559244157,
      "p99": 0.35760749965906174
    },
    "postprocess_seconds": {
      "count": 1982,
      "mean": 0.0001623296300109051,
      "min": 5.4288655519485474e-05,
      "max": 0.0006645210087299347,
      "p50": 0.00016055814921855927,
      "p90": 0.00017886944115161896,
      "p99": 0.00021384090185165428
    },
    "preprocess_seconds": {
      "count": 1982,
      "mean": 0.00013239244346842396,
      "min": 4.9717724323272705e-05,
      "max": 0.00033938512206077576,
      "p50": 0.0001283753663301468,
      "p90": 0.00015012025833129882,
      "p99": 0.00017247363924980167
    },
    "primary_remote_get_action_seconds": {
      "count": 1982,
      "mean": 0.1315156412992239,
      "min": 0.07443629950284958,
      "max": 1.6616632752120495,
      "p50": 0.12906219437718391,
      "p90": 0.1505451012402773,
      "p99": 0.17025335118174562
    },
    "remote_get_action_seconds": {
      "count": 1982,
      "mean": 0.2542724085353337,
      "min": 0.19276920706033707,
      "max": 1.8306309059262276,
      "p50": 0.2515956349670887,
      "p90": 0.26370435431599615,
      "p99": 0.3572025996446612
    }
  },
  "episodes": [
    {
      "episode_index": 1,
      "task_id": 4,
      "init_index": 9,
      "success": false,
      "deterministic_policy_seeds": true,
      "policy_seed_base": 20260613,
      "policy_latency_seconds": {
        "count": 991,
        "mean": 0.2536740445247151,
        "min": 0.1931675747036934,
        "max": 1.8308641277253628,
        "p50": 0.249005276709795,
        "p90": 0.2609490491449833,
        "p99": 0.37406755872070796
      },
      "policy_breakdown_seconds": {
        "gripper_oracle_remote_get_action_seconds": {
          "count": 991,
          "mean": 0.12284322292379486,
          "min": 0.09173745289444923,
          "max": 0.25775640457868576,
          "p50": 0.1202673427760601,
          "p90": 0.1326098069548607,
          "p99": 0.24389142282307155
        },
        "oracle_remote_get_action_seconds": {
          "count": 991,
          "mean": 0.12284322292379486,
          "min": 0.09173745289444923,
          "max": 0.25775640457868576,
          "p50": 0.1202673427760601,
          "p90": 0.1326098069548607,
          "p99": 0.24389142282307155
        },
        "policy_total_seconds": {
          "count": 991,
          "mean": 0.2536740445247151,
          "min": 0.1931675747036934,
          "max": 1.8308641277253628,
          "p50": 0.249005276709795,
          "p90": 0.2609490491449833,
          "p99": 0.37406755872070796
        },
        "postprocess_seconds": {
          "count": 991,
          "mean": 0.0001637364251822925,
          "min": 6.463006138801575e-05,
          "max": 0.0002936050295829773,
          "p50": 0.00016315653920173645,
          "p90": 0.0001821853220462799,
          "p99": 0.0002069331705570221
        },
        "preprocess_seconds": {
          "count": 991,
          "mean": 0.00012981449183373592,
          "min": 4.9717724323272705e-05,
          "max": 0.00019795075058937073,
          "p50": 0.0001247785985469818,
          "p90": 0.00015168637037277222,
          "p99": 0.00017378665506839752
        },
        "primary_remote_get_action_seconds": {
          "count": 991,
          "mean": 0.13043801778200056,
          "min": 0.07443629950284958,
          "max": 1.6616632752120495,
          "p50": 0.12751315161585808,
          "p90": 0.15010438114404678,
          "p99": 0.1761537417769432
        },
        "remote_get_action_seconds": {
          "count": 991,
          "mean": 0.25328124070579544,
          "min": 0.19276920706033707,
          "max": 1.8306309059262276,
          "p50": 0.24861955270171165,
          "p90": 0.26053884997963905,
          "p99": 0.3736866414546967
        }
      }
    },
    {
      "episode_index": 2,
      "task_id": 6,
      "init_index": 8,
      "success": false,
      "deterministic_policy_seeds": true,
      "policy_seed_base": 20260613,
      "policy_latency_seconds": {
        "count": 991,
        "mean": 0.25565962142317616,
        "min": 0.20904673263430595,
        "max": 0.38753847032785416,
        "p50": 0.25533922761678696,
        "p90": 0.2651999033987522,
        "p99": 0.29327173046767735
      },
      "policy_breakdown_seconds": {
        "gripper_oracle_remote_get_action_seconds": {
          "count": 991,
          "mean": 0.12267031154842478,
          "min": 0.0955633707344532,
          "max": 0.25586288794875145,
          "p50": 0.12269534915685654,
          "p90": 0.1320728287100792,
          "p99": 0.1708178538829089
        },
        "oracle_remote_get_action_seconds": {
          "count": 991,
          "mean": 0.12267031154842478,
          "min": 0.0955633707344532,
          "max": 0.25586288794875145,
          "p50": 0.12269534915685654,
          "p90": 0.1320728287100792,
          "p99": 0.1708178538829089
        },
        "policy_total_seconds": {
          "count": 991,
          "mean": 0.25565962142317616,
          "min": 0.20904673263430595,
          "max": 0.38753847032785416,
          "p50": 0.25533922761678696,
          "p90": 0.2651999033987522,
          "p99": 0.29327173046767735
        },
        "postprocess_seconds": {
          "count": 991,
          "mean": 0.00016092283483951772,
          "min": 5.4288655519485474e-05,
          "max": 0.0006645210087299347,
          "p50": 0.0001584179699420929,
          "p90": 0.0001724734902381897,
          "p99": 0.0002289928495883944
        },
        "preprocess_seconds": {
          "count": 991,
          "mean": 0.000134970395103112,
          "min": 6.219372153282166e-05,
          "max": 0.00033938512206077576,
          "p50": 0.00013124197721481323,
          "p90": 0.00014771893620491028,
          "p99": 0.00017062351107597354
        },
        "primary_remote_get_action_seconds": {
          "count": 991,
          "mean": 0.1325932648164473,
          "min": 0.07535873726010323,
          "max": 0.2571954093873501,
          "p50": 0.13149318471550941,
          "p90": 0.15075614675879478,
          "p99": 0.1667807333171368
        },
        "remote_get_action_seconds": {
          "count": 991,
          "mean": 0.25526357636487207,
          "min": 0.20863788202404976,
          "max": 0.387160062789917,
          "p50": 0.25496143475174904,
          "p90": 0.2648092471063137,
          "p99": 0.2929347146302464
        }
      }
    }
  ]
}