{
  "label": "n17_fp16",
  "writes": 34,
  "get_action_seconds": {
    "count": 32,
    "mean": 0.32118903298396617,
    "min": 0.055726878345012665,
    "max": 7.382334440946579,
    "p50": 0.0861637257039547,
    "p90": 0.1310228742659092,
    "p99": 5.174967775270352
  },
  "extra": {
    "server_memory": {
      "allocated_mib": 6023,
      "reserved_mib": 6216,
      "max_allocated_mib": 6090,
      "max_reserved_mib": 6216
    },
    "compile_step_window_fallback": {
      "enabled": true,
      "step_start": 12,
      "step_end": 22,
      "request_index": 32,
      "compiled_requests": 22,
      "eager_requests": 10,
      "eager_fraction": 0.3125,
      "last_mode": "compiled"
    }
  }
}