{
  "label": "n17_fp16",
  "writes": 38,
  "get_action_seconds": {
    "count": 36,
    "mean": 0.31650571193959975,
    "min": 0.05572471395134926,
    "max": 6.522033844143152,
    "p50": 0.09950783289968967,
    "p90": 0.22578899562358856,
    "p99": 4.5723679302260205
  },
  "extra": {
    "server_memory": {
      "allocated_mib": 6023,
      "reserved_mib": 6216,
      "max_allocated_mib": 6090,
      "max_reserved_mib": 6216
    },
    "compile_step_window_fallback": {
      "enabled": true,
      "step_start": 0,
      "step_end": 20,
      "request_index": 36,
      "compiled_requests": 16,
      "eager_requests": 20,
      "eager_fraction": 0.5555555555555556,
      "last_mode": "compiled"
    }
  }
}