{
  "label": "n17_fp16",
  "writes": 31,
  "get_action_seconds": {
    "count": 29,
    "mean": 0.33246908478181936,
    "min": 0.05398784205317497,
    "max": 7.056092120707035,
    "p50": 0.09460225701332092,
    "p90": 0.12541617676615716,
    "p99": 5.129080256819718
  },
  "extra": {
    "server_memory": {
      "allocated_mib": 6023,
      "reserved_mib": 6218,
      "max_allocated_mib": 6092,
      "max_reserved_mib": 6218
    },
    "compile_step_window_fallback": {
      "enabled": true,
      "step_start": 5,
      "step_end": 15,
      "request_index": 29,
      "compiled_requests": 19,
      "eager_requests": 10,
      "eager_fraction": 0.3448275862068966,
      "last_mode": "compiled"
    }
  }
}