{
  "label": "fp16_official",
  "writes": 21,
  "get_action_seconds": {
    "count": 991,
    "mean": 0.14606359914531622,
    "min": 0.08662940934300423,
    "max": 0.7027031742036343,
    "p50": 0.15189716219902039,
    "p90": 0.1646597757935524,
    "p99": 0.27631075754761697
  }
}