{
  "label": "n17_fp16",
  "writes": 29,
  "get_action_seconds": {
    "count": 27,
    "mean": 0.3749068613957476,
    "min": 0.05605022981762886,
    "max": 7.446670681238174,
    "p50": 0.1048978753387928,
    "p90": 0.1468848884105683,
    "p99": 5.564717366397369
  },
  "extra": {
    "server_memory": {
      "allocated_mib": 6023,
      "reserved_mib": 6218,
      "max_allocated_mib": 6092,
      "max_reserved_mib": 6218
    },
    "compile_step_window_fallback": {
      "enabled": true,
      "step_start": 5,
      "step_end": 15,
      "request_index": 27,
      "compiled_requests": 17,
      "eager_requests": 10,
      "eager_fraction": 0.37037037037037035,
      "last_mode": "compiled"
    }
  }
}