{
  "task_suite_name": "libero_10",
  "port": 5570,
  "total_episodes": 1,
  "total_successes": 1,
  "success_rate": 1.0,
  "policy_latency_seconds": {
    "count": 226,
    "mean": 0.2768641585006123,
    "min": 0.09616976976394653,
    "max": 26.61133861169219,
    "p50": 0.16117697581648827,
    "p90": 0.16868304833769798,
    "p99": 0.17636765353381634
  },
  "policy_breakdown_seconds": {
    "policy_total_seconds": {
      "count": 226,
      "mean": 0.2768641585006123,
      "min": 0.09616976976394653,
      "max": 26.61133861169219,
      "p50": 0.16117697581648827,
      "p90": 0.16868304833769798,
      "p99": 0.17636765353381634
    },
    "postprocess_seconds": {
      "count": 226,
      "mean": 0.00012200902652951469,
      "min": 4.470720887184143e-05,
      "max": 0.0005072355270385742,
      "p50": 0.00011680833995342255,
      "p90": 0.0001398324966430664,
      "p99": 0.00021006911993026733
    },
    "preprocess_seconds": {
      "count": 226,
      "mean": 0.00012700381664048255,
      "min": 4.6741217374801636e-05,
      "max": 0.0005750581622123718,
      "p50": 0.00012618862092494965,
      "p90": 0.00013709627091884613,
      "p99": 0.00018190406262874603
    },
    "remote_get_action_seconds": {
      "count": 226,
      "mean": 0.27661158986785245,
      "min": 0.09603122621774673,
      "max": 26.6111377812922,
      "p50": 0.160936014726758,
      "p90": 0.16841891407966614,
      "p99": 0.17610387038439512
    }
  },
  "episodes": [
    {
      "episode_index": 1,
      "task_id": 6,
      "init_index": 1,
      "success": true,
      "policy_latency_seconds": {
        "count": 226,
        "mean": 0.2768641585006123,
        "min": 0.09616976976394653,
        "max": 26.61133861169219,
        "p50": 0.16117697581648827,
        "p90": 0.16868304833769798,
        "p99": 0.17636765353381634
      },
      "policy_breakdown_seconds": {
        "policy_total_seconds": {
          "count": 226,
          "mean": 0.2768641585006123,
          "min": 0.09616976976394653,
          "max": 26.61133861169219,
          "p50": 0.16117697581648827,
          "p90": 0.16868304833769798,
          "p99": 0.17636765353381634
        },
        "postprocess_seconds": {
          "count": 226,
          "mean": 0.00012200902652951469,
          "min": 4.470720887184143e-05,
          "max": 0.0005072355270385742,
          "p50": 0.00011680833995342255,
          "p90": 0.0001398324966430664,
          "p99": 0.00021006911993026733
        },
        "preprocess_seconds": {
          "count": 226,
          "mean": 0.00012700381664048255,
          "min": 4.6741217374801636e-05,
          "max": 0.0005750581622123718,
          "p50": 0.00012618862092494965,
          "p90": 0.00013709627091884613,
          "p99": 0.00018190406262874603
        },
        "remote_get_action_seconds": {
          "count": 226,
          "mean": 0.27661158986785245,
          "min": 0.09603122621774673,
          "max": 26.6111377812922,
          "p50": 0.160936014726758,
          "p90": 0.16841891407966614,
          "p99": 0.17610387038439512
        }
      }
    }
  ]
}