{
  "boundary": "CUTLASS dense fp16/bf16 module replacement get_action smoke; not FP4 quantized yet",
  "torch_version": "2.8.0+cu128",
  "torch_cuda": "12.8",
  "cuda_available": true,
  "device": "cuda",
  "scope": "dit_mlp_only",
  "scope_description": "DiT feed-forward Linear modules only",
  "denoising_steps": 8,
  "num_observations": 2,
  "load_seconds": 11.737826347351074,
  "teacher_seconds": 0.7547626532614231,
  "patch_seconds": 0.0030862465500831604,
  "cold_student_seconds": 16.146168626844883,
  "warm_student_seconds": 0.19978373497724533,
  "cold_student_over_teacher_time": 21.392378858539548,
  "warm_student_over_teacher_time": 0.26469743052859734,
  "patched_modules": 32,
  "patch_summary": {
    "modules": 32,
    "by_family": {
      "dit_mlp": 32
    }
  },
  "cutlass_cache": {
    "compiled_shapes": 1,
    "keys": [
      [
        49,
        6144,
        1536,
        64,
        128,
        "64"
      ]
    ],
    "compile_seconds": {
      "(49, 6144, 1536, 64, 128, 64, 'torch.bfloat16')": 15.565127145498991
    }
  },
  "comparisons": [
    {
      "mse": 3.1687331677426087e-07,
      "nmse": 6.464301304232277e-06,
      "rmse": 0.0005629150173643095,
      "relative_rmse": 0.0025424990273807927,
      "cosine": 0.9999967670386775,
      "max_abs_diff": 0.00244140625,
      "teacher_rms": 0.22140225475099115,
      "student_rms": 0.22141152252220825,
      "per_key": {
        "action.gripper": {
          "mse": 1.4612051018048078e-06,
          "nmse": 0.03030607543127146,
          "max_abs_diff": 0.00244140625,
          "teacher_rms": 0.006943696658045297,
          "student_rms": 0.007083841690879008
        },
        "action.pitch": {
          "mse": 1.7437171262457696e-08,
          "nmse": 7.219052789143106e-05,
          "max_abs_diff": 0.0002924501895904541,
          "teacher_rms": 0.015541678033917972,
          "student_rms": 0.01551803806075964
        },
        "action.roll": {
          "mse": 1.6040553094121002e-08,
          "nmse": 0.0002616622259447217,
          "max_abs_diff": 0.0002619326114654541,
          "teacher_rms": 0.007829592400146794,
          "student_rms": 0.007782306639368313
        },
        "action.x": {
          "mse": 1.6943886294029653e-07,
          "nmse": 4.50352905448945e-06,
          "max_abs_diff": 0.00091552734375,
          "teacher_rms": 0.19396797404279284,
          "student_rms": 0.19396240736271775
        },
        "action.y": {
          "mse": 2.914148922172899e-07,
          "nmse": 1.1262824755172445e-06,
          "max_abs_diff": 0.0013446807861328125,
          "teacher_rms": 0.5086654118456964,
          "student_rms": 0.5086390930461023
        },
        "action.yaw": {
          "mse": 2.4565425360556503e-08,
          "nmse": 0.00021277390397708888,
          "max_abs_diff": 0.0003625452518463135,
          "teacher_rms": 0.010744914479373528,
          "student_rms": 0.010692509608975592
        },
        "action.z": {
          "mse": 2.3801121074029652e-07,
          "nmse": 5.1403957183519116e-06,
          "max_abs_diff": 0.0010371208190917969,
          "teacher_rms": 0.21517927018100894,
          "student_rms": 0.21531467511015157
        }
      },
      "variant": "zero",
      "seed": 20260606,
      "action_size": 112
    },
    {
      "mse": 3.4296328905606253e-07,
      "nmse": 2.385590478508817e-06,
      "rmse": 0.0005856306763277198,
      "relative_rmse": 0.0015445356837926463,
      "cosine": 0.9999988066076506,
      "max_abs_diff": 0.0018310546875,
      "teacher_rms": 0.3791629306288923,
      "student_rms": 0.3791651452015214,
      "per_key": {
        "action.gripper": {
          "mse": 5.8869977692666e-07,
          "nmse": 8.002653764417464e-07,
          "max_abs_diff": 0.00146484375,
          "teacher_rms": 0.8576891612566884,
          "student_rms": 0.8578385704679379
        },
        "action.pitch": {
          "mse": 1.7310321176466914e-08,
          "nmse": 0.005743700278163204,
          "max_abs_diff": 0.0002924501895904541,
          "teacher_rms": 0.0017360278114022041,
          "student_rms": 0.001742759608844099
        },
        "action.roll": {
          "mse": 1.0887754822719309e-08,
          "nmse": 0.00020360741028125956,
          "max_abs_diff": 0.0002619326114654541,
          "teacher_rms": 0.007312609397848645,
          "student_rms": 0.00731196375670764
        },
        "action.x": {
          "mse": 4.1751562207537063e-07,
          "nmse": 9.604605600627012e-06,
          "max_abs_diff": 0.0018310546875,
          "teacher_rms": 0.20849545732905533,
          "student_rms": 0.20830828623614966
        },
        "action.y": {
          "mse": 7.047930239423295e-07,
          "nmse": 9.786550878307227e-06,
          "max_abs_diff": 0.0017452239990234375,
          "teacher_rms": 0.26835887912541495,
          "student_rms": 0.2681847148926658
        },
        "action.yaw": {
          "mse": 2.070513649421457e-08,
          "nmse": 0.0007199680838175141,
          "max_abs_diff": 0.0003625452518463135,
          "teacher_rms": 0.0053626867168786695,
          "student_rms": 0.005362373739401834
        },
        "action.z": {
          "mse": 6.408313879546768e-07,
          "nmse": 4.130427956789373e-06,
          "max_abs_diff": 0.0018310546875,
          "teacher_rms": 0.3938894619236952,
          "student_rms": 0.393796645330434
        }
      },
      "variant": "noise",
      "seed": 20260607,
      "action_size": 112
    }
  ],
  "summary": {
    "observations": 2,
    "mse": {
      "mean": 3.2991830291516173e-07,
      "max": 3.4296328905606253e-07,
      "min": 3.1687331677426087e-07
    },
    "nmse": {
      "mean": 4.424945891370547e-06,
      "max": 6.464301304232277e-06,
      "min": 2.385590478508817e-06
    },
    "rmse": {
      "mean": 0.0005742728468460147,
      "max": 0.0005856306763277198,
      "min": 0.0005629150173643095
    },
    "relative_rmse": {
      "mean": 0.0020435173555867197,
      "max": 0.0025424990273807927,
      "min": 0.0015445356837926463
    },
    "cosine": {
      "mean": 0.999997786823164,
      "max": 0.9999988066076506,
      "min": 0.9999967670386775
    },
    "max_abs_diff": {
      "mean": 0.00213623046875,
      "max": 0.00244140625,
      "min": 0.0018310546875
    },
    "teacher_rms": {
      "mean": 0.30028259268994173,
      "max": 0.3791629306288923,
      "min": 0.22140225475099115
    },
    "student_rms": {
      "mean": 0.3002883338618648,
      "max": 0.3791651452015214,
      "min": 0.22141152252220825
    }
  }
}