{
  "task_suite_name": "libero_10",
  "port": 5555,
  "total_episodes": 2,
  "total_successes": 0,
  "success_rate": 0.0,
  "deterministic_policy_seeds": true,
  "policy_seed_base": 20260613,
  "policy_latency_seconds": {
    "count": 1982,
    "mean": 0.07874439720263635,
    "min": 0.053106483072042465,
    "max": 0.17807317525148392,
    "p50": 0.0695028267800808,
    "p90": 0.13476406671106816,
    "p99": 0.16191487155854703
  },
  "policy_breakdown_seconds": {
    "gripper_oracle_remote_get_action_seconds": {
      "count": 1982,
      "mean": 0.0,
      "min": 0.0,
      "max": 0.0,
      "p50": 0.0,
      "p90": 0.0,
      "p99": 0.0
    },
    "oracle_remote_get_action_seconds": {
      "count": 1982,
      "mean": 0.0,
      "min": 0.0,
      "max": 0.0,
      "p50": 0.0,
      "p90": 0.0,
      "p99": 0.0
    },
    "policy_total_seconds": {
      "count": 1982,
      "mean": 0.07874439720263635,
      "min": 0.053106483072042465,
      "max": 0.17807317525148392,
      "p50": 0.0695028267800808,
      "p90": 0.13476406671106816,
      "p99": 0.16191487155854703
    },
    "postprocess_seconds": {
      "count": 1982,
      "mean": 0.00011131723386007168,
      "min": 3.7342309951782227e-05,
      "max": 0.0385897271335125,
      "p50": 8.900277316570282e-05,
      "p90": 0.0001056864857673645,
      "p99": 0.00014949355274438862
    },
    "preprocess_seconds": {
      "count": 1982,
      "mean": 9.681347017030783e-05,
      "min": 4.073977470397949e-05,
      "max": 0.00033508986234664917,
      "p50": 9.575113654136658e-05,
      "p90": 0.00011183880269527438,
      "p99": 0.00013145271688699728
    },
    "primary_remote_get_action_seconds": {
      "count": 1982,
      "mean": 0.07853266761819602,
      "min": 0.05288805067539215,
      "max": 0.1779526099562645,
      "p50": 0.06932242028415203,
      "p90": 0.13457479253411295,
      "p99": 0.16172350391745569
    },
    "remote_get_action_seconds": {
      "count": 1982,
      "mean": 0.07853266761819602,
      "min": 0.05288805067539215,
      "max": 0.1779526099562645,
      "p50": 0.06932242028415203,
      "p90": 0.13457479253411295,
      "p99": 0.16172350391745569
    }
  },
  "action_perturbation": {
    "keys": [
      "x",
      "y",
      "z",
      "roll",
      "pitch",
      "yaw"
    ],
    "amplitude": 0.03,
    "sign": 1.0,
    "normalize_by_num_keys": true,
    "step_start": null,
    "step_end": null,
    "clip": true
  },
  "episodes": [
    {
      "episode_index": 1,
      "task_id": 4,
      "init_index": 9,
      "success": false,
      "deterministic_policy_seeds": true,
      "policy_seed_base": 20260613,
      "policy_latency_seconds": {
        "count": 991,
        "mean": 0.07754587554997801,
        "min": 0.053106483072042465,
        "max": 0.17807317525148392,
        "p50": 0.06886463612318039,
        "p90": 0.1321837492287159,
        "p99": 0.16066607348620893
      },
      "policy_breakdown_seconds": {
        "gripper_oracle_remote_get_action_seconds": {
          "count": 991,
          "mean": 0.0,
          "min": 0.0,
          "max": 0.0,
          "p50": 0.0,
          "p90": 0.0,
          "p99": 0.0
        },
        "oracle_remote_get_action_seconds": {
          "count": 991,
          "mean": 0.0,
          "min": 0.0,
          "max": 0.0,
          "p50": 0.0,
          "p90": 0.0,
          "p99": 0.0
        },
        "policy_total_seconds": {
          "count": 991,
          "mean": 0.07754587554997801,
          "min": 0.053106483072042465,
          "max": 0.17807317525148392,
          "p50": 0.06886463612318039,
          "p90": 0.1321837492287159,
          "p99": 0.16066607348620893
        },
        "postprocess_seconds": {
          "count": 991,
          "mean": 0.00013111863289062237,
          "min": 3.957003355026245e-05,
          "max": 0.0385897271335125,
          "p50": 8.92840325832367e-05,
          "p90": 0.00010405108332633972,
          "p99": 0.00015488713979721076
        },
        "preprocess_seconds": {
          "count": 991,
          "mean": 9.76833404914883e-05,
          "min": 4.2110681533813477e-05,
          "max": 0.00033508986234664917,
          "p50": 9.616464376449585e-05,
          "p90": 0.00011192262172698975,
          "p99": 0.0001380652189254761
        },
        "primary_remote_get_action_seconds": {
          "count": 991,
          "mean": 0.07731339585799141,
          "min": 0.05288805067539215,
          "max": 0.1779526099562645,
          "p50": 0.06866911426186562,
          "p90": 0.13199106603860855,
          "p99": 0.16048154123127462
        },
        "remote_get_action_seconds": {
          "count": 991,
          "mean": 0.07731339585799141,
          "min": 0.05288805067539215,
          "max": 0.1779526099562645,
          "p50": 0.06866911426186562,
          "p90": 0.13199106603860855,
          "p99": 0.16048154123127462
        }
      },
      "action_perturbation": {
        "keys": [
          "x",
          "y",
          "z",
          "roll",
          "pitch",
          "yaw"
        ],
        "amplitude": 0.03,
        "sign": 1.0,
        "normalize_by_num_keys": true,
        "step_start": null,
        "step_end": null,
        "clip": true
      }
    },
    {
      "episode_index": 2,
      "task_id": 6,
      "init_index": 8,
      "success": false,
      "deterministic_policy_seeds": true,
      "policy_seed_base": 20260613,
      "policy_latency_seconds": {
        "count": 991,
        "mean": 0.07994291885529468,
        "min": 0.053602222353219986,
        "max": 0.17222532257437706,
        "p50": 0.0698949508368969,
        "p90": 0.13586820662021637,
        "p99": 0.1634498789906502
      },
      "policy_breakdown_seconds": {
        "gripper_oracle_remote_get_action_seconds": {
          "count": 991,
          "mean": 0.0,
          "min": 0.0,
          "max": 0.0,
          "p50": 0.0,
          "p90": 0.0,
          "p99": 0.0
        },
        "oracle_remote_get_action_seconds": {
          "count": 991,
          "mean": 0.0,
          "min": 0.0,
          "max": 0.0,
          "p50": 0.0,
          "p90": 0.0,
          "p99": 0.0
        },
        "policy_total_seconds": {
          "count": 991,
          "mean": 0.07994291885529468,
          "min": 0.053602222353219986,
          "max": 0.17222532257437706,
          "p50": 0.0698949508368969,
          "p90": 0.13586820662021637,
          "p99": 0.1634498789906502
        },
        "postprocess_seconds": {
          "count": 991,
          "mean": 9.151583482952099e-05,
          "min": 3.7342309951782227e-05,
          "max": 0.0003939680755138397,
          "p50": 8.848682045936584e-05,
          "p90": 0.0001068413257598877,
          "p99": 0.0001445926725864411
        },
        "preprocess_seconds": {
          "count": 991,
          "mean": 9.594359984912737e-05,
          "min": 4.073977470397949e-05,
          "max": 0.000141240656375885,
          "p50": 9.551644325256348e-05,
          "p90": 0.00011155381798744202,
          "p99": 0.00012743212282657624
        },
        "primary_remote_get_action_seconds": {
          "count": 991,
          "mean": 0.07975193937840062,
          "min": 0.05341678857803345,
          "max": 0.17204253003001213,
          "p50": 0.06969932839274406,
          "p90": 0.13569018244743347,
          "p99": 0.1632631912827492
        },
        "remote_get_action_seconds": {
          "count": 991,
          "mean": 0.07975193937840062,
          "min": 0.05341678857803345,
          "max": 0.17204253003001213,
          "p50": 0.06969932839274406,
          "p90": 0.13569018244743347,
          "p99": 0.1632631912827492
        }
      },
      "action_perturbation": {
        "keys": [
          "x",
          "y",
          "z",
          "roll",
          "pitch",
          "yaw"
        ],
        "amplitude": 0.03,
        "sign": 1.0,
        "normalize_by_num_keys": true,
        "step_start": null,