{
  "task_suite_name": "libero_10",
  "port": 5600,
  "total_episodes": 2,
  "total_successes": 0,
  "success_rate": 0.0,
  "deterministic_policy_seeds": true,
  "policy_seed_base": 20260613,
  "policy_latency_seconds": {
    "count": 1982,
    "mean": 0.2541658134696823,
    "min": 0.1896357126533985,
    "max": 1.7255054824054241,
    "p50": 0.25118761509656906,
    "p90": 0.26336313635110853,
    "p99": 0.37664295703172684
  },
  "policy_breakdown_seconds": {
    "gripper_oracle_remote_get_action_seconds": {
      "count": 1982,
      "mean": 0.11890101655528296,
      "min": 0.09018382802605629,
      "max": 0.2685381509363651,
      "p50": 0.11620642058551311,
      "p90": 0.12690443806350232,
      "p99": 0.22740630149841312
    },
    "policy_total_seconds": {
      "count": 1982,
      "mean": 0.2541658134696823,
      "min": 0.1896357126533985,
      "max": 1.7255054824054241,
      "p50": 0.25118761509656906,
      "p90": 0.26336313635110853,
      "p99": 0.37664295703172684
    },
    "postprocess_seconds": {
      "count": 1982,
      "mean": 0.00015791735821427057,
      "min": 4.612654447555542e-05,
      "max": 0.0009890906512737274,
      "p50": 0.00015210919082164764,
      "p90": 0.00017361529171466827,
      "p99": 0.00026427105069160484
    },
    "preprocess_seconds": {
      "count": 1982,
      "mean": 0.00012997264939047375,
      "min": 4.1250139474868774e-05,
      "max": 0.0008512847125530243,
      "p50": 0.000124320387840271,
      "p90": 0.00014608316123485566,
      "p99": 0.0002052540704607964
    },
    "primary_remote_get_action_seconds": {
      "count": 1982,
      "mean": 0.13490358022474858,
      "min": 0.07331851124763489,
      "max": 1.5592373423278332,
      "p50": 0.13331636786460876,
      "p90": 0.14989191405475139,
      "p99": 0.17667125936597589
    },
    "remote_get_action_seconds": {
      "count": 1982,
      "mean": 0.25380459678003153,
      "min": 0.18927394971251488,
      "max": 1.7252397052943707,
      "p50": 0.2508353013545275,
      "p90": 0.26302401497960093,
      "p99": 0.37627932831645017
    }
  },
  "episodes": [
    {
      "episode_index": 1,
      "task_id": 4,
      "init_index": 9,
      "success": false,
      "deterministic_policy_seeds": true,
      "policy_seed_base": 20260613,
      "policy_latency_seconds": {
        "count": 991,
        "mean": 0.25281333188431415,
        "min": 0.1896357126533985,
        "max": 1.7255054824054241,
        "p50": 0.24959835782647133,
        "p90": 0.26030341163277626,
        "p99": 0.3476848281919957
      },
      "policy_breakdown_seconds": {
        "gripper_oracle_remote_get_action_seconds": {
          "count": 991,
          "mean": 0.11827163206550596,
          "min": 0.09018382802605629,
          "max": 0.2676536589860916,
          "p50": 0.1164594516158104,
          "p90": 0.126270592212677,
          "p99": 0.20629573799669773
        },
        "policy_total_seconds": {
          "count": 991,
          "mean": 0.25281333188431415,
          "min": 0.1896357126533985,
          "max": 1.7255054824054241,
          "p50": 0.24959835782647133,
          "p90": 0.26030341163277626,
          "p99": 0.3476848281919957
        },
        "postprocess_seconds": {
          "count": 991,
          "mean": 0.00015746444599058264,
          "min": 4.612654447555542e-05,
          "max": 0.0008332394063472748,
          "p50": 0.00015205144882202148,
          "p90": 0.0001769326627254486,
          "p99": 0.00024680718779563954
        },
        "preprocess_seconds": {
          "count": 991,
          "mean": 0.0001291213359770212,
          "min": 4.1250139474868774e-05,
          "max": 0.0008496232330799103,
          "p50": 0.00012414529919624329,
          "p90": 0.000147942453622818,
          "p99": 0.00019907765090465548
        },
        "primary_remote_get_action_seconds": {
          "count": 991,
          "mean": 0.13418104587166027,
          "min": 0.07331851124763489,
          "max": 1.5592373423278332,
          "p50": 0.13184896111488342,
          "p90": 0.15304801240563393,
          "p99": 0.1767355136573315
        },
        "remote_get_action_seconds": {
          "count": 991,
          "mean": 0.25245267793716625,
          "min": 0.18927394971251488,
          "max": 1.7252397052943707,
          "p50": 0.24925611913204193,
          "p90": 0.25995156913995743,
          "p99": 0.3473336074501277
        }
      }
    },
    {
      "episode_index": 2,
      "task_id": 6,
      "init_index": 8,
      "success": false,
      "deterministic_policy_seeds": true,
      "policy_seed_base": 20260613,
      "policy_latency_seconds": {
        "count": 991,
        "mean": 0.2555182950550504,
        "min": 0.19001362472772598,
        "max": 0.49698375165462494,
        "p50": 0.2527814358472824,
        "p90": 0.2647104933857918,
        "p99": 0.3817400470376015
      },
      "policy_breakdown_seconds": {
        "gripper_oracle_remote_get_action_seconds": {
          "count": 991,
          "mean": 0.11953040104505994,
          "min": 0.0913076251745224,
          "max": 0.2685381509363651,
          "p50": 0.1159944050014019,
          "p90": 0.12727998197078705,
          "p99": 0.2455424573272467
        },
        "policy_total_seconds": {
          "count": 991,
          "mean": 0.2555182950550504,
          "min": 0.19001362472772598,
          "max": 0.49698375165462494,
          "p50": 0.2527814358472824,
          "p90": 0.2647104933857918,
          "p99": 0.3817400470376015
        },
        "postprocess_seconds": {
          "count": 991,
          "mean": 0.0001583702704379585,
          "min": 5.486980080604553e-05,
          "max": 0.0009890906512737274,
          "p50": 0.00015217438340187073,
          "p90": 0.0001704096794128418,
          "p99": 0.00026671364903450086
        },
        "preprocess_seconds": {
          "count": 991,
          "mean": 0.00013082396280392628,
          "min": 4.40254807472229e-05,
          "max": 0.0008512847125530243,
          "p50": 0.00012461096048355103,
          "p90": 0.00014500319957733154,
          "p99": 0.0002190966159105301
        },
        "primary_remote_get_action_seconds": {
          "count": 991,
          "mean": 0.13562611457783688,
          "min": 0.07518494501709938,
          "max": 0.29221532493829727,
          "p50": 0.1357315219938755,
          "p90": 0.14823942631483078,
          "p99": 0.1757057569921017
        },
        "remote_get_action_seconds": {
          "count": 991,
          "mean": 0.2551565156228968,
          "min": 0.1897178590297699,
          "max": 0.49662086740136147,
          "p50": 0.25245658680796623,
          "p90": 0.2643710672855377,
          "p99": 0.38132174089550974
        }
      }
    }
  ]
}