{
  "task_suite_name": "libero_10",
  "port": 5583,
  "total_episodes": 1,
  "total_successes": 1,
  "success_rate": 1.0,
  "deterministic_policy_seeds": true,
  "policy_seed_base": 20260609,
  "policy_latency_seconds": {
    "count": 471,
    "mean": 0.153231620266559,
    "min": 0.09287510439753532,
    "max": 0.548113502562046,
    "p50": 0.15877198800444603,
    "p90": 0.17062325030565262,
    "p99": 0.2847080357372761
  },
  "policy_breakdown_seconds": {
    "policy_total_seconds": {
      "count": 471,
      "mean": 0.153231620266559,
      "min": 0.09287510439753532,
      "max": 0.548113502562046,
      "p50": 0.15877198800444603,
      "p90": 0.17062325030565262,
      "p99": 0.2847080357372761
    },
    "postprocess_seconds": {
      "count": 471,
      "mean": 0.00011880785986116738,
      "min": 4.149600863456726e-05,
      "max": 0.00021195411682128906,
      "p50": 0.00012017041444778442,
      "p90": 0.0001459866762161255,
      "p99": 0.00017465539276599888
    },
    "preprocess_seconds": {
      "count": 471,
      "mean": 0.00011364272508904686,
      "min": 4.098564386367798e-05,
      "max": 0.0003835819661617279,
      "p50": 0.0001151934266090393,
      "p90": 0.00013970956206321716,
      "p99": 0.00017223618924617768
    },
    "remote_get_action_seconds": {
      "count": 471,
      "mean": 0.15299614321938745,
      "min": 0.09271679446101189,
      "max": 0.5478846654295921,
      "p50": 0.15848596021533012,
      "p90": 0.1703992560505867,
      "p99": 0.28450276851654055
    }
  },
  "episodes": [
    {
      "episode_index": 1,
      "task_id": 6,
      "init_index": 3,
      "success": true,
      "deterministic_policy_seeds": true,
      "policy_seed_base": 20260609,
      "policy_latency_seconds": {
        "count": 471,
        "mean": 0.153231620266559,
        "min": 0.09287510439753532,
        "max": 0.548113502562046,
        "p50": 0.15877198800444603,
        "p90": 0.17062325030565262,
        "p99": 0.2847080357372761
      },
      "policy_breakdown_seconds": {
        "policy_total_seconds": {
          "count": 471,
          "mean": 0.153231620266559,
          "min": 0.09287510439753532,
          "max": 0.548113502562046,
          "p50": 0.15877198800444603,
          "p90": 0.17062325030565262,
          "p99": 0.2847080357372761
        },
        "postprocess_seconds": {
          "count": 471,
          "mean": 0.00011880785986116738,
          "min": 4.149600863456726e-05,
          "max": 0.00021195411682128906,
          "p50": 0.00012017041444778442,
          "p90": 0.0001459866762161255,
          "p99": 0.00017465539276599888
        },
        "preprocess_seconds": {
          "count": 471,
          "mean": 0.00011364272508904686,
          "min": 4.098564386367798e-05,
          "max": 0.0003835819661617279,
          "p50": 0.0001151934266090393,
          "p90": 0.00013970956206321716,
          "p99": 0.00017223618924617768
        },
        "remote_get_action_seconds": {
          "count": 471,
          "mean": 0.15299614321938745,
          "min": 0.09271679446101189,
          "max": 0.5478846654295921,
          "p50": 0.15848596021533012,
          "p90": 0.1703992560505867,
          "p99": 0.28450276851654055
        }
      }
    }
  ]
}