{
  "task_suite_name": "libero_10",
  "port": 5640,
  "total_episodes": 5,
  "total_successes": 3,
  "success_rate": 0.6,
  "deterministic_policy_seeds": true,
  "policy_seed_base": 20260613,
  "policy_latency_seconds": {
    "count": 3370,
    "mean": 0.14722218449484523,
    "min": 0.0869535505771637,
    "max": 0.29095379263162613,
    "p50": 0.16074014268815517,
    "p90": 0.16825906485319136,
    "p99": 0.1780891625955701
  },
  "policy_breakdown_seconds": {
    "policy_total_seconds": {
      "count": 3370,
      "mean": 0.14722218449484523,
      "min": 0.0869535505771637,
      "max": 0.29095379263162613,
      "p50": 0.16074014268815517,
      "p90": 0.16825906485319136,
      "p99": 0.1780891625955701
    },
    "postprocess_seconds": {
      "count": 3370,
      "mean": 9.027953406116021e-05,
      "min": 3.5606324672698975e-05,
      "max": 0.0006866753101348877,
      "p50": 9.634159505367279e-05,
      "p90": 0.000110645592212677,
      "p99": 0.00013450782746076583
    },
    "preprocess_seconds": {
      "count": 3370,
      "mean": 0.00010202063098328757,
      "min": 3.834441304206848e-05,
      "max": 0.0035525187849998474,
      "p50": 0.00011056102812290192,
      "p90": 0.000124320387840271,
      "p99": 0.00014430359005928038
    },
    "remote_get_action_seconds": {
      "count": 3370,
      "mean": 0.14702733638046933,
      "min": 0.08686625584959984,
      "max": 0.2907059080898762,
      "p50": 0.16052914410829544,
      "p90": 0.16806844919919967,
      "p99": 0.17787689462304115
    }
  },
  "episodes": [
    {
      "episode_index": 1,
      "task_id": 4,
      "init_index": 9,
      "success": true,
      "deterministic_policy_seeds": true,
      "policy_seed_base": 20260613,
      "policy_latency_seconds": {
        "count": 224,
        "mean": 0.1520521760352754,
        "min": 0.0886467844247818,
        "max": 0.29095379263162613,
        "p50": 0.15929000452160835,
        "p90": 0.1694194685667753,
        "p99": 0.17803466614335778
      },
      "policy_breakdown_seconds": {
        "policy_total_seconds": {
          "count": 224,
          "mean": 0.1520521760352754,
          "min": 0.0886467844247818,
          "max": 0.29095379263162613,
          "p50": 0.15929000452160835,
          "p90": 0.1694194685667753,
          "p99": 0.17803466614335778
        },
        "postprocess_seconds": {
          "count": 224,
          "mean": 9.609472804835864e-05,
          "min": 3.717467188835144e-05,
          "max": 0.0003001391887664795,
          "p50": 9.685754776000977e-05,
          "p90": 0.0001082703471183777,
          "p99": 0.00013649407774209978
        },
        "preprocess_seconds": {
          "count": 224,
          "mean": 0.00011128360139472144,
          "min": 4.5534223318099976e-05,
          "max": 0.00027732178568840027,
          "p50": 0.00011174380779266357,
          "p90": 0.0001300182193517685,
          "p99": 0.00014608677476644517
        },
        "remote_get_action_seconds": {
          "count": 224,
          "mean": 0.15184196701738983,
          "min": 0.08849426358938217,
          "max": 0.2907059080898762,
          "p50": 0.15910198912024498,
          "p90": 0.16920946575701237,
          "p99": 0.17780948627740148
        }
      }
    },
    {
      "episode_index": 2,
      "task_id": 6,
      "init_index": 8,
      "success": true,
      "deterministic_policy_seeds": true,
      "policy_seed_base": 20260613,
      "policy_latency_seconds": {
        "count": 649,
        "mean": 0.15333644865519827,
        "min": 0.08825316652655602,
        "max": 0.19725000858306885,
        "p50": 0.16050295904278755,
        "p90": 0.16795563325285912,
        "p99": 0.17735501840710638
      },
      "policy_breakdown_seconds": {
        "policy_total_seconds": {
          "count": 649,
          "mean": 0.15333644865519827,
          "min": 0.08825316652655602,
          "max": 0.19725000858306885,
          "p50": 0.16050295904278755,
          "p90": 0.16795563325285912,
          "p99": 0.17735501840710638
        },
        "postprocess_seconds": {
          "count": 649,
          "mean": 0.0001040192834677057,
          "min": 3.750249743461609e-05,
          "max": 0.0005508698523044586,
          "p50": 0.00010075420141220093,
          "p90": 0.00011572390794754029,
          "p99": 0.00017237529158592224
        },
        "preprocess_seconds": {
          "count": 649,
          "mean": 0.0001166783479861743,
          "min": 3.9108097553253174e-05,
          "max": 0.0035525187849998474,
          "p50": 0.00010916963219642639,
          "p90": 0.0001278042793273926,
          "p99": 0.0001490122079849243
        },
        "remote_get_action_seconds": {
          "count": 649,
          "mean": 0.15311251089941189,
          "min": 0.08810994029045105,
          "max": 0.19702628254890442,
          "p50": 0.16027454286813736,
          "p90": 0.1677226282656193,
          "p99": 0.17710217759013175
        }
      }
    },
    {
      "episode_index": 3,
      "task_id": 8,
      "init_index": 4,
      "success": true,
      "deterministic_policy_seeds": true,
      "policy_seed_base": 20260613,
      "policy_latency_seconds": {
        "count": 515,
        "mean": 0.15571273526954418,
        "min": 0.0869535505771637,
        "max": 0.20125046372413635,
        "p50": 0.1618359200656414,
        "p90": 0.16770424768328668,
        "p99": 0.1785495614260435
      },
      "policy_breakdown_seconds": {
        "policy_total_seconds": {
          "count": 515,
          "mean": 0.15571273526954418,
          "min": 0.0869535505771637,
          "max": 0.20125046372413635,
          "p50": 0.1618359200656414,
          "p90": 0.16770424768328668,
          "p99": 0.1785495614260435
        },
        "postprocess_seconds": {
          "count": 515,
          "mean": 9.786317360053942e-05,
          "min": 3.822892904281616e-05,
          "max": 0.00016290321946144104,
          "p50": 9.736046195030212e-05,
          "p90": 0.00011064261198043825,
          "p99": 0.00012974664568901064
        },
        "preprocess_seconds": {
          "count": 515,
          "mean": 0.00011313645874412314,
          "min": 4.0061771869659424e-05,
          "max": 0.0008589960634708405,
          "p50": 0.0001119561493396759,
          "p90": 0.00012480318546295165,
          "p99": 0.0001383268088102341
        },
        "remote_get_action_seconds": {
          "count": 515,
          "mean": 0.1554990023519229,
          "min": 0.08686625584959984,
          "max": 0.2010560780763626,
          "p50": 0.16160275042057037,
          "p90": 0.16748908534646034,
          "p99": 0.17833838142454625
        }
      }
    },
    {
      "episode_index": 4,
      "task_id": 8,
      "init_index": 7,
      "success": false,
      "deterministic_policy_seeds": true,
      "policy_seed_base": 20260613,
      "policy_latency_seconds": {
        "count": 991,
        "mean": 0.12976464949074595,
        "min": 0.08711360767483711,
        "max": 0.20487090572714806,
        "p50": 0.14826540648937225,
        "p90": 0.16924896836280823,
        "p99": 0.17842540740966797
      },
      "policy_breakdown_seconds": {
        "policy_total_seconds": {
          "count": 991,
          "mean": 0.12976464949074595,
          "min": 0.08711360767483711,
          "max": 0.20487090572714806,
          "p50": 0.14826540648937225,
          "p90": 0.16924896836280823,
          "p99": 0.17842540740966797
        },
        "postprocess_seconds": {
          "count": 991,
          "mean": 6.511157489448455e-05,
          "min": 3.642961382865906e-05,
          "max": 0.0003786906599998474,
          "p50": 3.905966877937317e-05,
          "p90": 0.00010129809379577637,
          "p99": 0.00012364611029624947
        },
        "preprocess_seconds": {
          "count": 991,
          "mean": 7.21545500904472e-05,
          "min": 3.834441304206848e-05,