{
  "task_suite_name": "libero_10",
  "port": 5555,
  "total_episodes": 1,
  "total_successes": 1,
  "success_rate": 1.0,
  "deterministic_policy_seeds": true,
  "policy_seed_base": 20260613,
  "policy_latency_seconds": {
    "count": 697,
    "mean": 0.08229672969178627,
    "min": 0.05287155508995056,
    "max": 0.17919184640049934,
    "p50": 0.07159214466810226,
    "p90": 0.14311036989092826,
    "p99": 0.16730828493833538
  },
  "policy_breakdown_seconds": {
    "gripper_oracle_remote_get_action_seconds": {
      "count": 697,
      "mean": 0.0,
      "min": 0.0,
      "max": 0.0,
      "p50": 0.0,
      "p90": 0.0,
      "p99": 0.0
    },
    "oracle_remote_get_action_seconds": {
      "count": 697,
      "mean": 0.0,
      "min": 0.0,
      "max": 0.0,
      "p50": 0.0,
      "p90": 0.0,
      "p99": 0.0
    },
    "policy_total_seconds": {
      "count": 697,
      "mean": 0.08229672969178627,
      "min": 0.05287155508995056,
      "max": 0.17919184640049934,
      "p50": 0.07159214466810226,
      "p90": 0.14311036989092826,
      "p99": 0.16730828493833538
    },
    "postprocess_seconds": {
      "count": 697,
      "mean": 8.878026323304799e-05,
      "min": 3.664940595626831e-05,
      "max": 0.0001976117491722107,
      "p50": 8.995458483695984e-05,
      "p90": 0.00010392665863037109,
      "p99": 0.0001279732584953308
    },
    "preprocess_seconds": {
      "count": 697,
      "mean": 9.405625772955086e-05,
      "min": 3.7822872400283813e-05,
      "max": 0.00046537071466445923,
      "p50": 9.445101022720337e-05,
      "p90": 0.00011084377765655518,
      "p99": 0.0001274760067462921
    },
    "primary_remote_get_action_seconds": {
      "count": 697,
      "mean": 0.0821100095156019,
      "min": 0.052705153822898865,
      "max": 0.1790219135582447,
      "p50": 0.0714120976626873,
      "p90": 0.14291478767991067,
      "p99": 0.1671224725246429
    },
    "remote_get_action_seconds": {
      "count": 697,
      "mean": 0.0821100095156019,
      "min": 0.052705153822898865,
      "max": 0.1790219135582447,
      "p50": 0.0714120976626873,
      "p90": 0.14291478767991067,
      "p99": 0.1671224725246429
    }
  },
  "action_perturbation": {
    "keys": [
      "y"
    ],
    "amplitude": 0.03,
    "sign": 1.0,
    "normalize_by_num_keys": true,
    "step_start": 200,
    "step_end": 450,
    "clip": true
  },
  "episodes": [
    {
      "episode_index": 1,
      "task_id": 6,
      "init_index": 8,
      "success": true,
      "deterministic_policy_seeds": true,
      "policy_seed_base": 20260613,
      "policy_latency_seconds": {
        "count": 697,
        "mean": 0.08229672969178627,
        "min": 0.05287155508995056,
        "max": 0.17919184640049934,
        "p50": 0.07159214466810226,
        "p90": 0.14311036989092826,
        "p99": 0.16730828493833538
      },
      "policy_breakdown_seconds": {
        "gripper_oracle_remote_get_action_seconds": {
          "count": 697,
          "mean": 0.0,
          "min": 0.0,
          "max": 0.0,
          "p50": 0.0,
          "p90": 0.0,
          "p99": 0.0
        },
        "oracle_remote_get_action_seconds": {
          "count": 697,
          "mean": 0.0,
          "min": 0.0,
          "max": 0.0,
          "p50": 0.0,
          "p90": 0.0,
          "p99": 0.0
        },
        "policy_total_seconds": {
          "count": 697,
          "mean": 0.08229672969178627,
          "min": 0.05287155508995056,
          "max": 0.17919184640049934,
          "p50": 0.07159214466810226,
          "p90": 0.14311036989092826,
          "p99": 0.16730828493833538
        },
        "postprocess_seconds": {
          "count": 697,
          "mean": 8.878026323304799e-05,
          "min": 3.664940595626831e-05,
          "max": 0.0001976117491722107,
          "p50": 8.995458483695984e-05,
          "p90": 0.00010392665863037109,
          "p99": 0.0001279732584953308
        },
        "preprocess_seconds": {
          "count": 697,
          "mean": 9.405625772955086e-05,
          "min": 3.7822872400283813e-05,
          "max": 0.00046537071466445923,
          "p50": 9.445101022720337e-05,
          "p90": 0.00011084377765655518,
          "p99": 0.0001274760067462921
        },
        "primary_remote_get_action_seconds": {
          "count": 697,
          "mean": 0.0821100095156019,
          "min": 0.052705153822898865,
          "max": 0.1790219135582447,
          "p50": 0.0714120976626873,
          "p90": 0.14291478767991067,
          "p99": 0.1671224725246429
        },
        "remote_get_action_seconds": {
          "count": 697,
          "mean": 0.0821100095156019,
          "min": 0.052705153822898865,
          "max": 0.1790219135582447,
          "p50": 0.0714120976626873,
          "p90": 0.14291478767991067,
          "p99": 0.1671224725246429
        }
      },
      "action_perturbation": {
        "keys": [
          "y"
        ],
        "amplitude": 0.03,
        "sign": 1.0,
        "normalize_by_num_keys": true,
        "step_start": 200,
        "step_end": 450,
        "clip": true
      }
    }
  ]
}