{
  "torch_version": "2.8.0+cu128",
  "cuda_available": true,
  "device": "cuda",
  "scope": "llm_mlp_only",
  "scope_description": "LLM MLP Linear modules only",
  "prefer_triton": true,
  "denoising_steps": 1,
  "num_observations": 3,
  "load_seconds": 11.38010287284851,
  "teacher_seconds": 0.5722241401672363,
  "patch_seconds": 0.03538227081298828,
  "student_seconds": 0.5637898445129395,
  "patched_modules": 36,
  "patch_summary": {
    "all": {
      "modules": 36,
      "fp16_weight_bytes": 905969664,
      "packed_weight_bytes": 226492416,
      "scale_bytes": 688128,
      "bias_bytes": 0,
      "packed_plus_scale_ratio_vs_fp16": 0.2507595486111111
    },
    "by_group": {
      "llm_mlp": {
        "modules": 36,
        "fp16_weight_bytes": 905969664,
        "packed_weight_bytes": 226492416,
        "scale_bytes": 688128,
        "bias_bytes": 0,
        "packed_plus_scale_ratio_vs_fp16": 0.2507595486111111
      }
    }
  },
  "comparisons": [
    {
      "mse": 0.0019770643700323686,
      "nmse": 0.04100357800370487,
      "rmse": 0.04446419199797033,
      "relative_rmse": 0.20249340237080535,
      "cosine": 0.9793472039226405,
      "max_abs_diff": 0.18115234375,
      "teacher_rms": 0.2195834110019428,
      "student_rms": 0.21259794498102408,
      "per_key": {
        "action.gripper": {
          "mse": 0.01186920702457428,
          "nmse": 0.46639989343399463,
          "max_abs_diff": 0.18115234375,
          "teacher_rms": 0.15952605711897677,
          "student_rms": 0.057297154784687825
        },
        "action.pitch": {
          "mse": 4.772295167843055e-05,
          "nmse": 0.1892138352955921,
          "max_abs_diff": 0.011697828769683838,
          "teacher_rms": 0.015881342215201443,
          "student_rms": 0.022413210692421512
        },
        "action.roll": {
          "mse": 2.6374905525289316e-06,
          "nmse": 0.02096454185896846,
          "max_abs_diff": 0.003143131732940674,
          "teacher_rms": 0.01121638139249181,
          "student_rms": 0.011670742025742089
        },
        "action.x": {
          "mse": 0.00034722025702671466,
          "nmse": 0.007751552035380782,
          "max_abs_diff": 0.029296875,
          "teacher_rms": 0.21164508810055252,
          "student_rms": 0.20633853015552306
        },
        "action.y": {
          "mse": 0.0001494892785558477,
          "nmse": 0.0006416906238375092,
          "max_abs_diff": 0.025634765625,
          "teacher_rms": 0.4826609642628371,
          "student_rms": 0.4825757885617183
        },
        "action.yaw": {
          "mse": 1.5757094090462775e-05,
          "nmse": 0.33414708140958593,
          "max_abs_diff": 0.008701175451278687,
          "teacher_rms": 0.006867034480886509,
          "student_rms": 0.008743137574098836
        },
        "action.z": {
          "mse": 0.0014074164937483147,
          "nmse": 0.04153003015074174,
          "max_abs_diff": 0.05218505859375,
          "teacher_rms": 0.18408999882103244,
          "student_rms": 0.19217767327226512
        }
      },
      "variant": "zero",
      "seed": 20260606,
      "action_size": 112
    },
    {
      "mse": 0.0751072381311613,
      "nmse": 0.41266262610737325,
      "rmse": 0.2740569979605726,
      "relative_rmse": 0.6423882207103219,
      "cosine": 0.801862052440759,
      "max_abs_diff": 0.9316405951976776,
      "teacher_rms": 0.42662207855793743,
      "student_rms": 0.24145500414591464,
      "per_key": {
        "action.gripper": {
          "mse": 0.5223211409647781,
          "nmse": 0.57452097533013,
          "max_abs_diff": 0.9316405951976776,
          "teacher_rms": 0.9534893742413025,
          "student_rms": 0.24839234354876252
        },
        "action.pitch": {
          "mse": 0.00010254944457632753,
          "nmse": 0.646057228601925,
          "max_abs_diff": 0.018716514110565186,
          "teacher_rms": 0.012598857423451364,
          "student_rms": 0.018563018435990276
        },
        "action.roll": {
          "mse": 3.4625086989675813e-06,
          "nmse": 0.021466961381588857,
          "max_abs_diff": 0.003666996955871582,
          "teacher_rms": 0.012700187977879532,
          "student_rms": 0.014339838965892176
        },
        "action.x": {
          "mse": 0.0005972550070509897,
          "nmse": 0.021310899080092177,
          "max_abs_diff": 0.047607421875,
          "teacher_rms": 0.167409081428972,
          "student_rms": 0.14917319014380498
        },
        "action.y": {
          "mse": 0.0007668393664062023,
          "nmse": 0.0024498780500233257,
          "max_abs_diff": 0.07415771484375,
          "teacher_rms": 0.559474074510005,
          "student_rms": 0.5476938082421349
        },
        "action.yaw": {
          "mse": 1.0194947353325823e-05,
          "nmse": 0.8020775858399102,
          "max_abs_diff": 0.006525874137878418,
          "teacher_rms": 0.0035652033313959977,
          "student_rms": 0.004596079836451779
        },
        "action.z": {
          "mse": 0.0019492246792651713,
          "nmse": 0.08282934224021381,
          "max_abs_diff": 0.087890625,
          "teacher_rms": 0.1534047631236765,
          "student_rms": 0.15366322926042264
        }
      },
      "variant": "midgray",
      "seed": 20260607,
      "action_size": 112
    },
    {
      "mse": 0.004649658111469154,
      "nmse": 0.0543136521017387,
      "rmse": 0.06818840159051358,
      "relative_rmse": 0.23305289550172661,
      "cosine": 0.9884718602252485,
      "max_abs_diff": 0.283203125,
      "teacher_rms": 0.29258766102740136,
      "student_rms": 0.23737603729698734,
      "per_key": {
        "action.gripper": {
          "mse": 0.0282127745449543,
          "nmse": 0.07343277485074513,
          "max_abs_diff": 0.283203125,
          "teacher_rms": 0.6198376170718465,
          "student_rms": 0.4731503068999822
        },
        "action.pitch": {
          "mse": 1.3737389491508267e-06,
          "nmse": 0.21116846913190088,
          "max_abs_diff": 0.002339571714401245,
          "teacher_rms": 0.0025505718968358917,
          "student_rms": 0.0030671414751867613
        },
        "action.roll": {
          "mse": 7.049288037699886e-06,
          "nmse": 0.14489374205984512,
          "max_abs_diff": 0.005238547921180725,
          "teacher_rms": 0.006975057848554476,
          "student_rms": 0.005392537238922196
        },
        "action.x": {
          "mse": 0.0005220354069024324,
          "nmse": 0.016724926424986516,
          "max_abs_diff": 0.040283203125,
          "teacher_rms": 0.17667205960698193,
          "student_rms": 0.16998842746908427
        },
        "action.y": {
          "mse": 0.002764040618785657,
          "nmse": 0.023526421062297163,
          "max_abs_diff": 0.087890625,
          "teacher_rms": 0.3427632702360215,
          "student_rms": 0.29593761681108444
        },
        "action.yaw": {
          "mse": 4.157703287110959e-05,
          "nmse": 0.7581491683679393,
          "max_abs_diff": 0.011601537466049194,
          "teacher_rms": 0.0074054152306573355,
          "student_rms": 0.0053729107551621505
        },
        "action.z": {
          "mse": 0.0009987561497837305,
          "nmse": 0.015076831873579997,
          "max_abs_diff": 0.062255859375,
          "teacher_rms": 0.2573799352488433,
          "student_rms": 0.2324176739369801
        }
      },
      "variant": "noise",
      "seed": 20260608,
      "action_size": 112
    }
  ],
  "summary": {
    "observations": 3,
    "mse": {
      "mean": 0.027244653537554273,
      "max": 0.0751072381311613,
      "min": 0.0019770643700323686
    },
    "nmse": {
      "mean": 0.1693266187376056,
      "max": 0.41266262610737325,
      "min": 0.04100357800370487
    },
    "rmse": {
      "mean": 0.12890319718301885,
      "max": 0.2740569979605726,
      "min": 0.04446419199797033
    },
    "relative_rmse": {
      "mean": 0.35931150619428465,
      "max": 0.6423882207103219,