{
  "label": "fp16_official",
  "writes": 24,
  "get_action_seconds": {
    "count": 1138,
    "mean": 0.08567017484096211,
    "min": 0.05000165477395058,
    "max": 0.30924495682120323,
    "p50": 0.06780048459768295,
    "p90": 0.1488058462738991,
    "p99": 0.17820410165935752
  },
  "extra": {
    "server_memory": {
      "allocated_bytes": 5476782080,
      "reserved_bytes": 5823791104,
      "max_allocated_bytes": 5682666496,
      "max_reserved_bytes": 5823791104
    },
    "lossless_cache_stats": {}
  }
}