{
  "label": "n17_fp16",
  "writes": 32,
  "get_action_seconds": {
    "count": 30,
    "mean": 0.3097755289326111,
    "min": 0.055808503180742264,
    "max": 7.091626610606909,
    "p50": 0.07094236463308334,
    "p90": 0.12149434462189676,
    "p99": 5.074264752082533
  },
  "extra": {
    "server_memory": {
      "allocated_mib": 6023,
      "reserved_mib": 6216,
      "max_allocated_mib": 6090,
      "max_reserved_mib": 6216
    }
  }
}