{
  "task_suite_name": "libero_10",
  "port": 5583,
  "total_episodes": 1,
  "total_successes": 1,
  "success_rate": 1.0,
  "deterministic_policy_seeds": true,
  "policy_seed_base": 20260609,
  "policy_latency_seconds": {
    "count": 471,
    "mean": 0.15263187694669783,
    "min": 0.0935140885412693,
    "max": 0.3982115350663662,
    "p50": 0.15861810371279716,
    "p90": 0.16900839284062386,
    "p99": 0.22954289354384017
  },
  "policy_breakdown_seconds": {
    "policy_total_seconds": {
      "count": 471,
      "mean": 0.15263187694669783,
      "min": 0.0935140885412693,
      "max": 0.3982115350663662,
      "p50": 0.15861810371279716,
      "p90": 0.16900839284062386,
      "p99": 0.22954289354384017
    },
    "postprocess_seconds": {
      "count": 471,
      "mean": 0.00012402607408805005,
      "min": 4.649162292480469e-05,
      "max": 0.00028851255774497986,
      "p50": 0.00012337416410446167,
      "p90": 0.00014632195234298706,
      "p99": 0.00018606744706630714
    },
    "preprocess_seconds": {
      "count": 471,
      "mean": 0.00012171195697379467,
      "min": 4.32431697845459e-05,
      "max": 0.0005517639219760895,
      "p50": 0.00012132897973060608,
      "p90": 0.00014194846153259277,
      "p99": 0.00019143782556056986
    },
    "remote_get_action_seconds": {
      "count": 471,
      "mean": 0.15238274835572121,
      "min": 0.09340950474143028,
      "max": 0.39791855961084366,
      "p50": 0.15837151184678078,
      "p90": 0.168749637901783,
      "p99": 0.2292931117117412
    }
  },
  "episodes": [
    {
      "episode_index": 1,
      "task_id": 6,
      "init_index": 3,
      "success": true,
      "deterministic_policy_seeds": true,
      "policy_seed_base": 20260609,
      "policy_latency_seconds": {
        "count": 471,
        "mean": 0.15263187694669783,
        "min": 0.0935140885412693,
        "max": 0.3982115350663662,
        "p50": 0.15861810371279716,
        "p90": 0.16900839284062386,
        "p99": 0.22954289354384017
      },
      "policy_breakdown_seconds": {
        "policy_total_seconds": {
          "count": 471,
          "mean": 0.15263187694669783,
          "min": 0.0935140885412693,
          "max": 0.3982115350663662,
          "p50": 0.15861810371279716,
          "p90": 0.16900839284062386,
          "p99": 0.22954289354384017
        },
        "postprocess_seconds": {
          "count": 471,
          "mean": 0.00012402607408805005,
          "min": 4.649162292480469e-05,
          "max": 0.00028851255774497986,
          "p50": 0.00012337416410446167,
          "p90": 0.00014632195234298706,
          "p99": 0.00018606744706630714
        },
        "preprocess_seconds": {
          "count": 471,
          "mean": 0.00012171195697379467,
          "min": 4.32431697845459e-05,
          "max": 0.0005517639219760895,
          "p50": 0.00012132897973060608,
          "p90": 0.00014194846153259277,
          "p99": 0.00019143782556056986
        },
        "remote_get_action_seconds": {
          "count": 471,
          "mean": 0.15238274835572121,
          "min": 0.09340950474143028,
          "max": 0.39791855961084366,
          "p50": 0.15837151184678078,
          "p90": 0.168749637901783,
          "p99": 0.2292931117117412
        }
      }
    }
  ]
}