{
  "boundary": "Offline static residual-cache action drift smoke; selected DiT blocks skip configured denoising steps",
  "model_path": "/root/autodl-tmp/models/gr00t-n1.5-libero-long-posttrain",
  "dataset_path": "/root/autodl-tmp/datasets/libero_10_subset",
  "data_config": "examples.Libero.custom_data_config:LiberoDataConfig",
  "embodiment_tag": "new_embodiment",
  "device": "cuda",
  "denoising_steps": 8,
  "observation_meta": {
    "observation_source": "real",
    "dataset_path": "/root/autodl-tmp/datasets/libero_10_subset",
    "dataset_length": 101469,
    "dataset_indices": [
      115,
      215,
      315,
      415
    ],
    "video_backend": "torchvision_av"
  },
  "observations": 4,
  "cache_blocks": [
    12,
    13,
    14,
    15
  ],
  "cache_steps": [
    1,
    3,
    5
  ],
  "warmup_repeats": 1,
  "warmup_seconds": 0.7748463116586208,
  "warmup_request_seconds": [
    {
      "count": 4,
      "mean": 0.1932895900681615,
      "min": 0.08590608090162277,
      "max": 0.502849169075489,
      "p50": 0.09220155514776707,
      "p90": 0.381312557682395,
      "p99": 0.49069550793617955
    }
  ],
  "load_seconds": 11.054723624140024,
  "patch_seconds": 0.0012209080159664154,
  "teacher_seconds": 0.4524824246764183,
  "student_seconds": 0.41951698437333107,
  "student_over_teacher_time": 0.927145368515337,
  "teacher_request_seconds": {
    "count": 4,
    "mean": 0.11297063902020454,
    "min": 0.08855065330862999,
    "max": 0.17240877822041512,
    "p50": 0.09546156227588654,
    "p90": 0.15024992860853673,
    "p99": 0.17019289325922726
  },
  "student_request_seconds": {
    "count": 4,
    "mean": 0.10469893366098404,
    "min": 0.08563144505023956,
    "max": 0.11956258118152618,
    "p50": 0.1068008542060852,
    "p90": 0.11725169606506824,
    "p99": 0.11933149266988038
  },
  "teacher_memory": {
    "allocated_bytes": 5476781056,
    "reserved_bytes": 5779750912,
    "max_allocated_bytes": 5682665472,
    "max_reserved_bytes": 5779750912
  },
  "student_memory": {
    "allocated_bytes": 5477383168,
    "reserved_bytes": 5781848064,
    "max_allocated_bytes": 5682665472,
    "max_reserved_bytes": 5781848064
  },
  "cache_stats": {
    "patched_blocks": 4,
    "patched_block_calls": 128,
    "full_compute_calls": 80,
    "cache_hits": 48,
    "patched_block_hit_rate": 0.375,
    "all_dit_block_calls": 512,
    "all_dit_block_skip_rate": 0.09375
  },
  "wrapper_results": {
    "action_head.model.transformer_blocks.12": {
      "block_index": 12,
      "block_name": "action_head.model.transformer_blocks.12",
      "cache_steps": [
        1,
        3,
        5
      ],
      "calls": 32,
      "full_compute_calls": 20,
      "cache_hits": 12,
      "cache_misses": 0,
      "cache_hit_rate": 0.375,
      "cache_hit_steps": {
        "1": 4,
        "3": 4,
        "5": 4
      },
      "full_compute_steps": {
        "0": 4,
        "2": 4,
        "4": 4,
        "6": 4,
        "7": 4
      }
    },
    "action_head.model.transformer_blocks.13": {
      "block_index": 13,
      "block_name": "action_head.model.transformer_blocks.13",
      "cache_steps": [
        1,
        3,
        5
      ],
      "calls": 32,
      "full_compute_calls": 20,
      "cache_hits": 12,
      "cache_misses": 0,
      "cache_hit_rate": 0.375,
      "cache_hit_steps": {
        "1": 4,
        "3": 4,
        "5": 4
      },
      "full_compute_steps": {
        "0": 4,
        "2": 4,
        "4": 4,
        "6": 4,
        "7": 4
      }
    },
    "action_head.model.transformer_blocks.14": {
      "block_index": 14,
      "block_name": "action_head.model.transformer_blocks.14",
      "cache_steps": [
        1,
        3,
        5
      ],
      "calls": 32,
      "full_compute_calls": 20,
      "cache_hits": 12,
      "cache_misses": 0,
      "cache_hit_rate": 0.375,
      "cache_hit_steps": {
        "1": 4,
        "3": 4,
        "5": 4
      },
      "full_compute_steps": {
        "0": 4,
        "2": 4,
        "4": 4,
        "6": 4,
        "7": 4
      }
    },
    "action_head.model.transformer_blocks.15": {
      "block_index": 15,
      "block_name": "action_head.model.transformer_blocks.15",
      "cache_steps": [
        1,
        3,
        5
      ],
      "calls": 32,
      "full_compute_calls": 20,
      "cache_hits": 12,
      "cache_misses": 0,
      "cache_hit_rate": 0.375,
      "cache_hit_steps": {
        "1": 4,
        "3": 4,
        "5": 4
      },
      "full_compute_steps": {
        "0": 4,
        "2": 4,
        "4": 4,
        "6": 4,
        "7": 4
      }
    }
  },
  "comparisons": [
    {
      "mse": 5.816400299789106e-07,
      "nmse": 2.632887649046986e-06,
      "rmse": 0.0007626532829398367,
      "relative_rmse": 0.0016226175301182304,
      "cosine": 0.999998706931347,
      "max_abs_diff": 0.00286102294921875,
      "teacher_rms": 0.4700142016118036,
      "student_rms": 0.46991109145674625,
      "per_key": {
        "action.gripper": {
          "mse": 6.983900675550103e-07,
          "nmse": 7.060959636320471e-07,
          "max_abs_diff": 0.002197265625,
          "teacher_rms": 0.9945283386842305,
          "student_rms": 0.9943806495431342
        },
        "action.pitch": {
          "mse": 4.299694791876085e-08,
          "nmse": 1.0204454643321558e-05,
          "max_abs_diff": 0.0005848854780197144,
          "teacher_rms": 0.06491183921012386,
          "student_rms": 0.06493917229506097
        },
        "action.roll": {
          "mse": 3.617945124045896e-09,
          "nmse": 2.541764629654424e-06,
          "max_abs_diff": 0.00013096630573272705,
          "teacher_rms": 0.03772795989043486,
          "student_rms": 0.037721994000466545
        },
        "action.x": {
          "mse": 1.8437731341691688e-07,
          "nmse": 1.9599681847620584e-05,
          "max_abs_diff": 0.00091552734375,
          "teacher_rms": 0.09699050719560051,
          "student_rms": 0.0968824611405635
        },
        "action.y": {
          "mse": 2.8972920063097263e-06,
          "nmse": 5.406334719058667e-06,
          "max_abs_diff": 0.00286102294921875,
          "teacher_rms": 0.7320566142272112,
          "student_rms": 0.7317915841061676
        },
        "action.yaw": {
          "mse": 9.132869860373205e-08,
          "nmse": 1.4775990568051797e-05,
          "max_abs_diff": 0.000725090503692627,
          "teacher_rms": 0.07861860472927287,
          "student_rms": 0.07873873844354576
        },
        "action.z": {
          "mse": 1.5347723092418164e-07,
          "nmse": 0.0008772342378947099,
          "max_abs_diff": 0.00091552734375,
          "teacher_rms": 0.013227086409018884,
          "student_rms": 0.013311394591903957
        }
      },
      "seed": 20260610,
      "dataset_index": 115,
      "action_size": 112
    },
    {
      "mse": 3.6915427486477234e-07,
      "nmse": 2.340045944149923e-06,
      "rmse": 0.0006075806735444869,
      "relative_rmse": 0.0015297208713193147,
      "cosine": 0.9999988815076467,
      "max_abs_diff": 0.003173828125,
      "teacher_rms": 0.3971840124142885,
      "student_rms": 0.39731177592751743,
      "per_key": {
        "action.gripper": {
          "mse": 1.6386766219511628e-06,
          "nmse": 1.6559458163622759e-06,
          "max_abs_diff": 0.003173828125,
          "teacher_rms": 0.9947720348330633,
          "student_rms": 0.9950376739715866
        },
        "action.pitch": {
          "mse": 7.325806267166612e-08,
          "nmse": 2.3591166259443873e-05,
          "max_abs_diff": 0.0005848705768585205,
          "teacher_rms": 0.055725376199682965,
          "student_rms": 0.05589717899592365
        },
        "action.roll": {
          "mse": 1.2260773243899514e-08,
          "nmse": 1.2362252896904162e-05,
          "max_abs_diff": 0.0002619326114654541,
          "teacher_rms": 0.03149271611558963,
          "student_rms": 0.03145457597694083
        },