{
  "label": "n17_fp16",
  "writes": 49,
  "get_action_seconds": {
    "count": 47,
    "mean": 0.2527817230909429,
    "min": 0.056973207741975784,
    "max": 7.516839515417814,
    "p50": 0.09030887112021446,
    "p90": 0.13875346556305884,
    "p99": 4.17150148302316
  },
  "extra": {
    "server_memory": {
      "allocated_mib": 6023,
      "reserved_mib": 6212,
      "max_allocated_mib": 6088,
      "max_reserved_mib": 6212
    },
    "compile_step_window_fallback": {
      "enabled": true,
      "step_start": 10,
      "step_end": 20,
      "request_index": 47,
      "compiled_requests": 37,
      "eager_requests": 10,
      "eager_fraction": 0.2127659574468085,
      "last_mode": "compiled"
    }
  }
}