{
  "task_suite_name": "libero_10",
  "port": 5572,
  "total_episodes": 3,
  "total_successes": 2,
  "success_rate": 0.6666666666666666,
  "policy_latency_seconds": {
    "count": 1447,
    "mean": 0.17820275679446948,
    "min": 0.09102077409625053,
    "max": 26.285713981837034,
    "p50": 0.16226482018828392,
    "p90": 0.16911374256014824,
    "p99": 0.18707035586237908
  },
  "policy_breakdown_seconds": {
    "policy_total_seconds": {
      "count": 1447,
      "mean": 0.17820275679446948,
      "min": 0.09102077409625053,
      "max": 26.285713981837034,
      "p50": 0.16226482018828392,
      "p90": 0.16911374256014824,
      "p99": 0.18707035586237908
    },
    "postprocess_seconds": {
      "count": 1447,
      "mean": 0.00011279992373053914,
      "min": 3.994256258010864e-05,
      "max": 0.00031290203332901,
      "p50": 0.00011100247502326965,
      "p90": 0.00012880563735961914,
      "p99": 0.00016469396650791148
    },
    "preprocess_seconds": {
      "count": 1447,
      "mean": 0.00011499132381774017,
      "min": 4.0490180253982544e-05,
      "max": 0.0003754645586013794,
      "p50": 0.00011332333087921143,
      "p90": 0.00012892484664916992,
      "p99": 0.0001633103936910629
    },
    "remote_get_action_seconds": {
      "count": 1447,
      "mean": 0.17797180853974598,
      "min": 0.09092024341225624,
      "max": 26.28556365519762,
      "p50": 0.16203873977065086,
      "p90": 0.1688960559666157,
      "p99": 0.1868187439441681
    }
  },
  "episodes": [
    {
      "episode_index": 1,
      "task_id": 6,
      "init_index": 0,
      "success": false,
      "policy_latency_seconds": {
        "count": 991,
        "mean": 0.18683728990713594,
        "min": 0.09133300557732582,
        "max": 26.285713981837034,
        "p50": 0.1625136099755764,
        "p90": 0.16907906159758568,
        "p99": 0.19560235328972342
      },
      "policy_breakdown_seconds": {
        "policy_total_seconds": {
          "count": 991,
          "mean": 0.18683728990713594,
          "min": 0.09133300557732582,
          "max": 26.285713981837034,
          "p50": 0.1625136099755764,
          "p90": 0.16907906159758568,
          "p99": 0.19560235328972342
        },
        "postprocess_seconds": {
          "count": 991,
          "mean": 0.00011342127857246746,
          "min": 4.4479966163635254e-05,
          "max": 0.00031290203332901,
          "p50": 0.00011092051863670349,
          "p90": 0.00012907013297080994,
          "p99": 0.00017240606248378754
        },
        "preprocess_seconds": {
          "count": 991,
          "mean": 0.00011527010142863338,
          "min": 4.067644476890564e-05,
          "max": 0.0003754645586013794,
          "p50": 0.00011180341243743896,
          "p90": 0.00013081729412078857,
          "p99": 0.00017063245177268988
        },
        "remote_get_action_seconds": {
          "count": 991,
          "mean": 0.18660530575770062,
          "min": 0.091192327439785,
          "max": 26.28556365519762,
          "p50": 0.1622854620218277,
          "p90": 0.1688547618687153,
          "p99": 0.19537377655506136
        }
      }
    },
    {
      "episode_index": 2,
      "task_id": 6,
      "init_index": 1,
      "success": true,
      "policy_latency_seconds": {
        "count": 236,
        "mean": 0.15995351318269968,
        "min": 0.09102077409625053,
        "max": 0.17515990510582924,
        "p50": 0.16152653470635414,
        "p90": 0.1673965584486723,
        "p99": 0.17455150410532952
      },
      "policy_breakdown_seconds": {
        "policy_total_seconds": {
          "count": 236,
          "mean": 0.15995351318269968,
          "min": 0.09102077409625053,
          "max": 0.17515990510582924,
          "p50": 0.16152653470635414,
          "p90": 0.1673965584486723,
          "p99": 0.17455150410532952
        },
        "postprocess_seconds": {
          "count": 236,
          "mean": 0.00011022531001244561,
          "min": 3.994256258010864e-05,
          "max": 0.00017013773322105408,
          "p50": 0.00011044181883335114,
          "p90": 0.00012345612049102783,
          "p99": 0.00014221891760826113
        },
        "preprocess_seconds": {
          "count": 236,
          "mean": 0.00011499361845396332,
          "min": 4.0490180253982544e-05,
          "max": 0.00014622509479522705,
          "p50": 0.00011671893298625946,
          "p90": 0.00012576766312122345,
          "p99": 0.00014141350984573365
        },
        "remote_get_action_seconds": {
          "count": 236,
          "mean": 0.15972539583631493,
          "min": 0.09092024341225624,
          "max": 0.1749058999121189,
          "p50": 0.16129151172935963,
          "p90": 0.16716405004262924,
          "p99": 0.17427785713225605
        }
      }
    },
    {
      "episode_index": 3,
      "task_id": 6,
      "init_index": 2,
      "success": true,
      "policy_latency_seconds": {
        "count": 220,
        "mean": 0.1588845712386749,
        "min": 0.09327617287635803,
        "max": 0.19008229672908783,
        "p50": 0.16195258498191833,
        "p90": 0.16928133107721804,
        "p99": 0.1812202114984393
      },
      "policy_breakdown_seconds": {
        "policy_total_seconds": {
          "count": 220,
          "mean": 0.1588845712386749,
          "min": 0.09327617287635803,
          "max": 0.19008229672908783,
          "p50": 0.16195258498191833,
          "p90": 0.16928133107721804,
          "p99": 0.1812202114984393
        },
        "postprocess_seconds": {
          "count": 220,
          "mean": 0.00011276286095380783,
          "min": 4.824623465538025e-05,
          "max": 0.00020104646682739258,
          "p50": 0.0001123230904340744,
          "p90": 0.00012985914945602418,
          "p99": 0.0001563101634383202
        },
        "preprocess_seconds": {
          "count": 220,
          "mean": 0.00011373309587890451,
          "min": 4.275888204574585e-05,
          "max": 0.0001634731888771057,
          "p50": 0.0001154635101556778,
          "p90": 0.0001264471560716629,
          "p99": 0.0001594259217381478
        },
        "remote_get_action_seconds": {
          "count": 220,
          "mean": 0.1586552524261854,
          "min": 0.0931023620069027,
          "max": 0.18985217809677124,
          "p50": 0.16171034798026085,
          "p90": 0.1690516572445631,
          "p99": 0.18100854877382516
        }
      }
    }
  ]
}