{
  "label": "n17_fp16",
  "writes": 30,
  "get_action_seconds": {
    "count": 28,
    "mean": 0.3584390548723085,
    "min": 0.05537767708301544,
    "max": 7.316369377076626,
    "p50": 0.09714563563466072,
    "p90": 0.15239767730236053,
    "p99": 5.392935231328014
  },
  "extra": {
    "server_memory": {
      "allocated_mib": 6023,
      "reserved_mib": 6218,
      "max_allocated_mib": 6092,
      "max_reserved_mib": 6218
    },
    "compile_step_window_fallback": {
      "enabled": true,
      "step_start": 10,
      "step_end": 30,
      "request_index": 28,
      "compiled_requests": 10,
      "eager_requests": 18,
      "eager_fraction": 0.6428571428571429,
      "last_mode": "eager"
    }
  }
}