{
  "label": "fp16_official",
  "writes": 41,
  "get_action_seconds": {
    "count": 1982,
    "mean": 0.09067635057356836,
    "min": 0.05246611684560776,
    "max": 2.7460558228194714,
    "p50": 0.06864528357982635,
    "p90": 0.15021364092826844,
    "p99": 0.2000253916904331
  },
  "extra": {
    "server_memory": {
      "allocated_bytes": 5476782080,
      "reserved_bytes": 5804916736,
      "max_allocated_bytes": 5682666496,
      "max_reserved_bytes": 5804916736
    },
    "lossless_cache_stats": {}
  }
}