{
  "task_suite_name": "libero_10",
  "port": 5555,
  "total_episodes": 2,
  "total_successes": 2,
  "success_rate": 1.0,
  "deterministic_policy_seeds": true,
  "policy_seed_base": 20260613,
  "policy_latency_seconds": {
    "count": 905,
    "mean": 0.08161766626640578,
    "min": 0.05342010408639908,
    "max": 0.1750904582440853,
    "p50": 0.07497676461935043,
    "p90": 0.1292245738208294,
    "p99": 0.1633684439957142
  },
  "policy_breakdown_seconds": {
    "gripper_oracle_remote_get_action_seconds": {
      "count": 905,
      "mean": 0.0,
      "min": 0.0,
      "max": 0.0,
      "p50": 0.0,
      "p90": 0.0,
      "p99": 0.0
    },
    "oracle_remote_get_action_seconds": {
      "count": 905,
      "mean": 0.0,
      "min": 0.0,
      "max": 0.0,
      "p50": 0.0,
      "p90": 0.0,
      "p99": 0.0
    },
    "policy_total_seconds": {
      "count": 905,
      "mean": 0.08161766626640578,
      "min": 0.05342010408639908,
      "max": 0.1750904582440853,
      "p50": 0.07497676461935043,
      "p90": 0.1292245738208294,
      "p99": 0.1633684439957142
    },
    "postprocess_seconds": {
      "count": 905,
      "mean": 8.638890573332981e-05,
      "min": 3.7025660276412964e-05,
      "max": 0.00034338608384132385,
      "p50": 9.097158908843994e-05,
      "p90": 0.00012127086520195008,
      "p99": 0.0001489263772964478
    },
    "preprocess_seconds": {
      "count": 905,
      "mean": 9.389369856586773e-05,
      "min": 3.8370490074157715e-05,
      "max": 0.0003256499767303467,
      "p50": 9.918585419654846e-05,
      "p90": 0.00011683851480484008,
      "p99": 0.00015516102313995367
    },
    "primary_remote_get_action_seconds": {
      "count": 905,
      "mean": 0.08143357271894566,
      "min": 0.05321120470762253,
      "max": 0.17499088495969772,
      "p50": 0.0748671106994152,
      "p90": 0.12902766913175587,
      "p99": 0.1632806147634983
    },
    "remote_get_action_seconds": {
      "count": 905,
      "mean": 0.08143357271894566,
      "min": 0.05321120470762253,
      "max": 0.17499088495969772,
      "p50": 0.0748671106994152,
      "p90": 0.12902766913175587,
      "p99": 0.1632806147634983
    }
  },
  "action_perturbation": {
    "keys": [
      "z"
    ],
    "amplitude": 0.03,
    "sign": 1.0,
    "normalize_by_num_keys": true,
    "step_start": null,
    "step_end": null,
    "clip": true
  },
  "episodes": [
    {
      "episode_index": 1,
      "task_id": 4,
      "init_index": 9,
      "success": true,
      "deterministic_policy_seeds": true,
      "policy_seed_base": 20260613,
      "policy_latency_seconds": {
        "count": 239,
        "mean": 0.07783454171845604,
        "min": 0.05365873873233795,
        "max": 0.16575315222144127,
        "p50": 0.07019447162747383,
        "p90": 0.12780035883188248,
        "p99": 0.16249379970133304
      },
      "policy_breakdown_seconds": {
        "gripper_oracle_remote_get_action_seconds": {
          "count": 239,
          "mean": 0.0,
          "min": 0.0,
          "max": 0.0,
          "p50": 0.0,
          "p90": 0.0,
          "p99": 0.0
        },
        "oracle_remote_get_action_seconds": {
          "count": 239,
          "mean": 0.0,
          "min": 0.0,
          "max": 0.0,
          "p50": 0.0,
          "p90": 0.0,
          "p99": 0.0
        },
        "policy_total_seconds": {
          "count": 239,
          "mean": 0.07783454171845604,
          "min": 0.05365873873233795,
          "max": 0.16575315222144127,
          "p50": 0.07019447162747383,
          "p90": 0.12780035883188248,
          "p99": 0.16249379970133304
        },
        "postprocess_seconds": {
          "count": 239,
          "mean": 9.70205564877977e-05,
          "min": 4.205852746963501e-05,
          "max": 0.00034338608384132385,
          "p50": 9.337440133094788e-05,
          "p90": 0.00011476874351501466,
          "p99": 0.0001576272398233414
        },
        "preprocess_seconds": {
          "count": 239,
          "mean": 0.000111755700665039,
          "min": 4.767999053001404e-05,
          "max": 0.0003192983567714691,
          "p50": 0.0001096092164516449,
          "p90": 0.00012455061078071595,
          "p99": 0.00016551621258258822
        },
        "primary_remote_get_action_seconds": {
          "count": 239,
          "mean": 0.07762140747954656,
          "min": 0.05344025045633316,
          "max": 0.165557149797678,
          "p50": 0.0699753388762474,
          "p90": 0.1275822587311268,
          "p99": 0.1623507247120142
        },
        "remote_get_action_seconds": {
          "count": 239,
          "mean": 0.07762140747954656,
          "min": 0.05344025045633316,
          "max": 0.165557149797678,
          "p50": 0.0699753388762474,
          "p90": 0.1275822587311268,
          "p99": 0.1623507247120142
        }
      },
      "action_perturbation": {
        "keys": [
          "z"
        ],
        "amplitude": 0.03,
        "sign": 1.0,
        "normalize_by_num_keys": true,
        "step_start": null,
        "step_end": null,
        "clip": true
      }
    },
    {
      "episode_index": 2,
      "task_id": 6,
      "init_index": 8,
      "success": true,
      "deterministic_policy_seeds": true,
      "policy_seed_base": 20260613,
      "policy_latency_seconds": {
        "count": 666,
        "mean": 0.08297527402460396,
        "min": 0.05342010408639908,
        "max": 0.1750904582440853,
        "p50": 0.07714181765913963,
        "p90": 0.13175631500780582,
        "p99": 0.1648470249027014
      },
      "policy_breakdown_seconds": {
        "gripper_oracle_remote_get_action_seconds": {
          "count": 666,
          "mean": 0.0,
          "min": 0.0,
          "max": 0.0,
          "p50": 0.0,
          "p90": 0.0,
          "p99": 0.0
        },
        "oracle_remote_get_action_seconds": {
          "count": 666,
          "mean": 0.0,
          "min": 0.0,
          "max": 0.0,
          "p50": 0.0,
          "p90": 0.0,
          "p99": 0.0
        },
        "policy_total_seconds": {
          "count": 666,
          "mean": 0.08297527402460396,
          "min": 0.05342010408639908,
          "max": 0.1750904582440853,
          "p50": 0.07714181765913963,
          "p90": 0.13175631500780582,
          "p99": 0.1648470249027014
        },
        "postprocess_seconds": {
          "count": 666,
          "mean": 8.257364367579555e-05,
          "min": 3.7025660276412964e-05,
          "max": 0.00026700273156166077,
          "p50": 8.987262845039368e-05,
          "p90": 0.00012271292507648468,
          "p99": 0.00014770682901144028
        },
        "preprocess_seconds": {
          "count": 666,
          "mean": 8.748376087562458e-05,
          "min": 3.8370490074157715e-05,
          "max": 0.0003256499767303467,
          "p50": 9.401701390743256e-05,
          "p90": 0.00011002272367477417,
          "p99": 0.0001461014151573182
        },
        "primary_remote_get_action_seconds": {
          "count": 666,
          "mean": 0.08280160198653783,
          "min": 0.05321120470762253,
          "max": 0.17499088495969772,
          "p50": 0.07695971429347992,
          "p90": 0.13157331198453903,
          "p99": 0.16472875420004132
        },
        "remote_get_action_seconds": {
          "count": 666,
          "mean": 0.08280160198653783,
          "min": 0.05321120470762253,
          "max": 0.17499088495969772,
          "p50": 0.07695971429347992,
          "p90": 0.13157331198453903,
          "p99": 0.16472875420004132
        }
      },
      "action_perturbation": {
        "keys": [
          "z"
        ],
        "amplitude": 0.03,
        "sign": 1.0,
        "normalize_by_num_keys": true,
        "step_start": null,
        "step_end": null,
        "clip": true
      }
    }
  ]
}