{
  "label": "fp16_official",
  "writes": 6,
  "get_action_seconds": {
    "count": 243,
    "mean": 0.15859684585727782,
    "min": 0.09433122724294662,
    "max": 0.577446024864912,
    "p50": 0.15734853222966194,
    "p90": 0.167194901406765,
    "p99": 0.2844134445488452
  },
  "extra": {
    "profile_module_results": {
      "action_head.model.transformer_blocks.0.ff.net.0.proj": {
        "in_features": 1536,
        "out_features": 6144,
        "bias": true,
        "profile": true,
        "stats": {
          "calls": 1944,
          "forward_seconds": {
            "count": 1944,
            "mean": 0.00033593096160962257,
            "min": 4.424527287483215e-05,
            "max": 0.05917300656437874,
            "p50": 4.757009446620941e-05,
            "p90": 0.0008131086826324463,
            "p99": 0.0011045781522989273
          }
        }
      },
      "action_head.model.transformer_blocks.0.ff.net.2": {
        "in_features": 6144,
        "out_features": 1536,
        "bias": true,
        "profile": true,
        "stats": {
          "calls": 1944,
          "forward_seconds": {
            "count": 1944,
            "mean": 7.451645102459216e-05,
            "min": 3.6947429180145264e-05,
            "max": 0.06663307175040245,
            "p50": 3.9555132389068604e-05,
            "p90": 4.2755529284477235e-05,
            "p99": 4.857402294874191e-05
          }
        }
      },
      "action_head.model.transformer_blocks.1.ff.net.0.proj": {
        "in_features": 1536,
        "out_features": 6144,
        "bias": true,
        "profile": true,
        "stats": {
          "calls": 1944,
          "forward_seconds": {
            "count": 1944,
            "mean": 4.6631591509521744e-05,
            "min": 4.421919584274292e-05,
            "max": 7.591024041175842e-05,
            "p50": 4.6096742153167725e-05,
            "p90": 4.783421754837036e-05,
            "p99": 5.817934870719909e-05
          }
        }
      },
      "action_head.model.transformer_blocks.1.ff.net.2": {
        "in_features": 6144,
        "out_features": 1536,
        "bias": true,
        "profile": true,
        "stats": {
          "calls": 1944,
          "forward_seconds": {
            "count": 1944,
            "mean": 3.961120145740332e-05,
            "min": 3.6619603633880615e-05,
            "max": 7.726997137069702e-05,
            "p50": 3.929249942302704e-05,
            "p90": 4.097707569599152e-05,
            "p99": 4.7391280531883226e-05
          }
        }
      },
      "action_head.model.transformer_blocks.2.ff.net.0.proj": {
        "in_features": 1536,
        "out_features": 6144,
        "bias": true,
        "profile": true,
        "stats": {
          "calls": 1944,
          "forward_seconds": {
            "count": 1944,
            "mean": 4.2809206041902184e-05,
            "min": 4.0531158447265625e-05,
            "max": 0.00019098073244094849,
            "p50": 4.2283907532691956e-05,
            "p90": 4.3111667037010196e-05,
            "p99": 5.4339170455932615e-05
          }
        }
      },
      "action_head.model.transformer_blocks.2.ff.net.2": {
        "in_features": 6144,
        "out_features": 1536,
        "bias": true,
        "profile": true,
        "stats": {
          "calls": 1944,
          "forward_seconds": {
            "count": 1944,
            "mean": 3.725342038604948e-05,
            "min": 3.4689903259277344e-05,
            "max": 9.9964439868927e-05,
            "p50": 3.688782453536987e-05,
            "p90": 3.818795084953308e-05,
            "p99": 4.5292042195796966e-05
          }
        }
      },
      "action_head.model.transformer_blocks.3.ff.net.0.proj": {
        "in_features": 1536,
        "out_features": 6144,
        "bias": true,
        "profile": true,
        "stats": {
          "calls": 1944,
          "forward_seconds": {
            "count": 1944,
            "mean": 7.372174542320609e-05,
            "min": 4.104524850845337e-05,
            "max": 0.058688510209321976,
            "p50": 4.2986124753952026e-05,
            "p90": 4.388168454170227e-05,
            "p99": 5.5666081607341746e-05
          }
        }
      },
      "action_head.model.transformer_blocks.3.ff.net.2": {
        "in_features": 6144,
        "out_features": 1536,
        "bias": true,
        "profile": true,
        "stats": {
          "calls": 1944,
          "forward_seconds": {
            "count": 1944,
            "mean": 4.066354039397259e-05,
            "min": 3.727525472640991e-05,
            "max": 0.00013925880193710327,
            "p50": 4.0333718061447144e-05,
            "p90": 4.1375681757926944e-05,
            "p99": 4.904929548501968e-05
          }
        }
      },
      "action_head.model.transformer_blocks.4.ff.net.0.proj": {
        "in_features": 1536,
        "out_features": 6144,
        "bias": true,
        "profile": true,
        "stats": {
          "calls": 1944,
          "forward_seconds": {
            "count": 1944,
            "mean": 4.242381096315482e-05,
            "min": 3.98196280002594e-05,
            "max": 0.0006017535924911499,
            "p50": 4.168786108493805e-05,
            "p90": 4.263855516910553e-05,
            "p99": 5.3875744342803934e-05
          }
        }
      },
      "action_head.model.transformer_blocks.4.ff.net.2": {
        "in_features": 6144,
        "out_features": 1536,
        "bias": true,
        "profile": true,
        "stats": {
          "calls": 1944,
          "forward_seconds": {
            "count": 1944,
            "mean": 3.707224365185808e-05,
            "min": 3.439188003540039e-05,
            "max": 8.8471919298172e-05,
            "p50": 3.672018647193909e-05,
            "p90": 3.8061290979385376e-05,
            "p99": 4.500355571508407e-05
          }
        }
      },
      "action_head.model.transformer_blocks.5.ff.net.0.proj": {
        "in_features": 1536,
        "out_features": 6144,
        "bias": true,
        "profile": true,
        "stats": {
          "calls": 1944,
          "forward_seconds": {
            "count": 1944,
            "mean": 4.41284263851466e-05,
            "min": 4.118680953979492e-05,
            "max": 0.0013142451643943787,
            "p50": 4.302710294723511e-05,
            "p90": 4.380457103252411e-05,
            "p99": 5.4834671318531035e-05
          }
        }
      },
      "action_head.model.transformer_blocks.5.ff.net.2": {
        "in_features": 6144,
        "out_features": 1536,
        "bias": true,
        "profile": true,
        "stats": {
          "calls": 1944,
          "forward_seconds": {
            "count": 1944,
            "mean": 3.988469410457729e-05,
            "min": 3.706291317939758e-05,
            "max": 0.0002424493432044983,
            "p50": 3.948807716369629e-05,
            "p90": 4.0663033723831175e-05,
            "p99": 4.852563142776489e-05
          }
        }
      },
      "action_head.model.transformer_blocks.6.ff.net.0.proj": {
        "in_features": 1536,
        "out_features": 6144,
        "bias": true,
        "profile": true,
        "stats": {
          "calls": 1944,
          "forward_seconds": {
            "count": 1944,
            "mean": 4.256644320708734e-05,
            "min": 3.997236490249634e-05,
            "max": 0.00033847615122795105,
            "p50": 4.192441701889038e-05,
            "p90": 4.296526312828064e-05,
            "p99": 5.341362208127972e-05
          }
        }
      },
      "action_head.model.transformer_blocks.6.ff.net.2": {
        "in_features": 6144,
        "out_features": 1536,
        "bias": true,
        "profile": true,
        "stats": {
          "calls": 1944,
          "forward_seconds": {
            "count": 1944,
            "mean": 3.7237854268202566e-05,
            "min": 3.4332275390625e-05,
            "max": 0.00014886632561683655,
            "p50": 3.674626350402832e-05,