{
  "task_suite_name": "libero_10",
  "port": 5622,
  "total_episodes": 2,
  "total_successes": 1,
  "success_rate": 0.5,
  "deterministic_policy_seeds": true,
  "policy_seed_base": 20260613,
  "policy_latency_seconds": {
    "count": 1201,
    "mean": 0.10306998556301457,
    "min": 0.06853635609149933,
    "max": 5.989150132983923,
    "p50": 0.07537275552749634,
    "p90": 0.14649075642228127,
    "p99": 0.17271576076745987
  },
  "policy_breakdown_seconds": {
    "policy_total_seconds": {
      "count": 1201,
      "mean": 0.10306998556301457,
      "min": 0.06853635609149933,
      "max": 5.989150132983923,
      "p50": 0.07537275552749634,
      "p90": 0.14649075642228127,
      "p99": 0.17271576076745987
    },
    "postprocess_seconds": {
      "count": 1201,
      "mean": 9.356768217114585e-05,
      "min": 3.7979334592819214e-05,
      "max": 0.00028436630964279175,
      "p50": 9.539350867271423e-05,
      "p90": 0.00010965019464492798,
      "p99": 0.00013625621795654297
    },
    "preprocess_seconds": {
      "count": 1201,
      "mean": 0.00010176313471833831,
      "min": 3.867596387863159e-05,
      "max": 0.00021414458751678467,
      "p50": 0.00010493025183677673,
      "p90": 0.00011751800775527954,
      "p99": 0.00015481188893318176
    },
    "remote_get_action_seconds": {
      "count": 1201,
      "mean": 0.10287192747381506,
      "min": 0.06832864508032799,
      "max": 5.988992407917976,
      "p50": 0.07514940574765205,
      "p90": 0.14627782255411148,
      "p99": 0.17262710258364677
    }
  },
  "episodes": [
    {
      "episode_index": 1,
      "task_id": 4,
      "init_index": 6,
      "success": false,
      "deterministic_policy_seeds": true,
      "policy_seed_base": 20260613,
      "policy_latency_seconds": {
        "count": 991,
        "mean": 0.10456218217865129,
        "min": 0.06853635609149933,
        "max": 5.989150132983923,
        "p50": 0.07593389227986336,
        "p90": 0.14664215222001076,
        "p99": 0.17010674588382252
      },
      "policy_breakdown_seconds": {
        "policy_total_seconds": {
          "count": 991,
          "mean": 0.10456218217865129,
          "min": 0.06853635609149933,
          "max": 5.989150132983923,
          "p50": 0.07593389227986336,
          "p90": 0.14664215222001076,
          "p99": 0.17010674588382252
        },
        "postprocess_seconds": {
          "count": 991,
          "mean": 9.195249824663464e-05,
          "min": 3.819912672042847e-05,
          "max": 0.00022285059094429016,
          "p50": 9.470060467720032e-05,
          "p90": 0.00010897964239120483,
          "p99": 0.000136401504278183
        },
        "preprocess_seconds": {
          "count": 991,
          "mean": 0.00010043346557078279,
          "min": 4.1797757148742676e-05,
          "max": 0.00021414458751678467,
          "p50": 0.0001047477126121521,
          "p90": 0.00011762231588363647,
          "p99": 0.0001402519643306735
        },
        "remote_get_action_seconds": {
          "count": 991,
          "mean": 0.10436707551240561,
          "min": 0.06833525374531746,
          "max": 5.988992407917976,
          "p50": 0.07572753354907036,
          "p90": 0.1464281789958477,
          "p99": 0.17001385316252715
        }
      }
    },
    {
      "episode_index": 2,
      "task_id": 6,
      "init_index": 0,
      "success": true,
      "deterministic_policy_seeds": true,
      "policy_seed_base": 20260613,
      "policy_latency_seconds": {
        "count": 210,
        "mean": 0.0960282386768432,
        "min": 0.06854607909917831,
        "max": 0.18733953684568405,
        "p50": 0.07431329786777496,
        "p90": 0.1460227556526661,
        "p99": 0.17624366167932742
      },
      "policy_breakdown_seconds": {
        "policy_total_seconds": {
          "count": 210,
          "mean": 0.0960282386768432,
          "min": 0.06854607909917831,
          "max": 0.18733953684568405,
          "p50": 0.07431329786777496,
          "p90": 0.1460227556526661,
          "p99": 0.17624366167932742
        },
        "postprocess_seconds": {
          "count": 210,
          "mean": 0.00010118981202443441,
          "min": 3.7979334592819214e-05,
          "max": 0.00028436630964279175,
          "p50": 0.00010018236935138702,
          "p90": 0.00011406503617763519,
          "p99": 0.00013117171823978424
        },
        "preprocess_seconds": {
          "count": 210,
          "mean": 0.00010803790674323128,
          "min": 3.867596387863159e-05,
          "max": 0.00017515942454338074,
          "p50": 0.00010890141129493713,
          "p90": 0.00011741146445274354,
          "p99": 0.0001550763100385666
        },
        "remote_get_action_seconds": {
          "count": 210,
          "mean": 0.09581625268218064,
          "min": 0.06832864508032799,
          "max": 0.18712162971496582,
          "p50": 0.07409863919019699,
          "p90": 0.14582450911402703,
          "p99": 0.17602822776883836
        }
      }
    }
  ]
}