{
  "label": "n17_fp16",
  "writes": 31,
  "get_action_seconds": {
    "count": 29,
    "mean": 0.3639469783881615,
    "min": 0.05491035431623459,
    "max": 6.418789450079203,
    "p50": 0.10318650305271149,
    "p90": 0.21147785186767573,
    "p99": 4.875254366248839
  },
  "extra": {
    "server_memory": {
      "allocated_mib": 6023,
      "reserved_mib": 6216,
      "max_allocated_mib": 6090,
      "max_reserved_mib": 6216
    },
    "compile_step_window_fallback": {
      "enabled": true,
      "step_start": 0,
      "step_end": 20,
      "request_index": 29,
      "compiled_requests": 9,
      "eager_requests": 20,
      "eager_fraction": 0.6896551724137931,
      "last_mode": "compiled"
    }
  }
}