{
  "label": "n17_fp16",
  "writes": 31,
  "get_action_seconds": {
    "count": 29,
    "mean": 0.15033200087732282,
    "min": 0.0966888815164566,
    "max": 0.9760570488870144,
    "p50": 0.10702016577124596,
    "p90": 0.1717276334762573,
    "p99": 0.7734970973432056
  },
  "extra": {
    "server_memory": {
      "allocated_mib": 6023,
      "reserved_mib": 6190,
      "max_allocated_mib": 6092,
      "max_reserved_mib": 6190
    }
  }
}