{
  "label": "n17_fp16",
  "writes": 34,
  "get_action_seconds": {
    "count": 32,
    "mean": 0.33133138553239405,
    "min": 0.05569222569465637,
    "max": 7.119123578071594,
    "p50": 0.09502591006457806,
    "p90": 0.1788600251078606,
    "p99": 5.008212081864485
  },
  "extra": {
    "server_memory": {
      "allocated_mib": 6023,
      "reserved_mib": 6216,
      "max_allocated_mib": 6090,
      "max_reserved_mib": 6216
    },
    "compile_step_window_fallback": {
      "enabled": true,
      "step_start": 5,
      "step_end": 20,
      "request_index": 32,
      "compiled_requests": 17,
      "eager_requests": 15,
      "eager_fraction": 0.46875,
      "last_mode": "compiled"
    }
  }
}