{
  "task_suite_name": "libero_10",
  "port": 5582,
  "total_episodes": 1,
  "total_successes": 0,
  "success_rate": 0.0,
  "deterministic_policy_seeds": true,
  "policy_seed_base": 20260609,
  "policy_latency_seconds": {
    "count": 991,
    "mean": 0.14713403046897994,
    "min": 0.08825209364295006,
    "max": 1.423664402216673,
    "p50": 0.1452070251107216,
    "p90": 0.17315265908837318,
    "p99": 0.627494174987079
  },
  "policy_breakdown_seconds": {
    "policy_total_seconds": {
      "count": 991,
      "mean": 0.14713403046897994,
      "min": 0.08825209364295006,
      "max": 1.423664402216673,
      "p50": 0.1452070251107216,
      "p90": 0.17315265908837318,
      "p99": 0.627494174987079
    },
    "postprocess_seconds": {
      "count": 991,
      "mean": 0.00011482860753923564,
      "min": 4.030764102935791e-05,
      "max": 0.0002653077244758606,
      "p50": 0.0001253560185432434,
      "p90": 0.00014853477478027344,
      "p99": 0.00018671415746212018
    },
    "preprocess_seconds": {
      "count": 991,
      "mean": 0.00011242805828841255,
      "min": 4.0572136640548706e-05,
      "max": 0.0006399489939212799,
      "p50": 0.00012448802590370178,
      "p90": 0.00014157965779304504,
      "p99": 0.00019473023712635057
    },
    "remote_get_action_seconds": {
      "count": 991,
      "mean": 0.14690374584133642,
      "min": 0.0881488025188446,
      "max": 1.4234208464622498,
      "p50": 0.144973736256361,
      "p90": 0.1729099564254284,
      "p99": 0.6273800037801279
    }
  },
  "episodes": [
    {
      "episode_index": 1,
      "task_id": 8,
      "init_index": 10,
      "success": false,
      "deterministic_policy_seeds": true,
      "policy_seed_base": 20260609,
      "policy_latency_seconds": {
        "count": 991,
        "mean": 0.14713403046897994,
        "min": 0.08825209364295006,
        "max": 1.423664402216673,
        "p50": 0.1452070251107216,
        "p90": 0.17315265908837318,
        "p99": 0.627494174987079
      },
      "policy_breakdown_seconds": {
        "policy_total_seconds": {
          "count": 991,
          "mean": 0.14713403046897994,
          "min": 0.08825209364295006,
          "max": 1.423664402216673,
          "p50": 0.1452070251107216,
          "p90": 0.17315265908837318,
          "p99": 0.627494174987079
        },
        "postprocess_seconds": {
          "count": 991,
          "mean": 0.00011482860753923564,
          "min": 4.030764102935791e-05,
          "max": 0.0002653077244758606,
          "p50": 0.0001253560185432434,
          "p90": 0.00014853477478027344,
          "p99": 0.00018671415746212018
        },
        "preprocess_seconds": {
          "count": 991,
          "mean": 0.00011242805828841255,
          "min": 4.0572136640548706e-05,
          "max": 0.0006399489939212799,
          "p50": 0.00012448802590370178,
          "p90": 0.00014157965779304504,
          "p99": 0.00019473023712635057
        },
        "remote_get_action_seconds": {
          "count": 991,
          "mean": 0.14690374584133642,
          "min": 0.0881488025188446,
          "max": 1.4234208464622498,
          "p50": 0.144973736256361,
          "p90": 0.1729099564254284,
          "p99": 0.6273800037801279
        }
      }
    }
  ]
}