{
  "label": "n17_fp16",
  "writes": 36,
  "get_action_seconds": {
    "count": 34,
    "mean": 0.301306487115867,
    "min": 0.0555163249373436,
    "max": 7.280415955930948,
    "p50": 0.08425305411219597,
    "p90": 0.14351581335067748,
    "p99": 4.937819108329725
  },
  "extra": {
    "server_memory": {
      "allocated_mib": 6023,
      "reserved_mib": 6216,
      "max_allocated_mib": 6090,
      "max_reserved_mib": 6216
    },
    "compile_step_window_fallback": {
      "enabled": true,
      "step_start": 20,
      "step_end": 50,
      "request_index": 34,
      "compiled_requests": 20,
      "eager_requests": 14,
      "eager_fraction": 0.4117647058823529,
      "last_mode": "eager"
    }
  }
}