{
  "label": "fp16_official",
  "writes": 6,
  "get_action_seconds": {
    "count": 245,
    "mean": 0.14156976001603264,
    "min": 0.08600792661309242,
    "max": 0.696918360888958,
    "p50": 0.14886574447155,
    "p90": 0.16347911581397057,
    "p99": 0.2477313786745073
  }
}