{
  "label": "n17_fp16",
  "writes": 92,
  "get_action_seconds": {
    "count": 90,
    "mean": 0.16846697653333345,
    "min": 0.05488996207714081,
    "max": 7.142994925379753,
    "p50": 0.08653377369046211,
    "p90": 0.12593577280640608,
    "p99": 1.0579415608569942
  },
  "extra": {
    "server_memory": {
      "allocated_mib": 6023,
      "reserved_mib": 6212,
      "max_allocated_mib": 6088,
      "max_reserved_mib": 6212
    },
    "compile_step_window_fallback": {
      "enabled": true,
      "step_start": 10,
      "step_end": 30,
      "request_index": 90,
      "compiled_requests": 70,
      "eager_requests": 20,
      "eager_fraction": 0.2222222222222222,
      "last_mode": "compiled"
    }
  }
}