{
  "label": "n17_fp16",
  "writes": 30,
  "get_action_seconds": {
    "count": 28,
    "mean": 0.3520993750010218,
    "min": 0.05391400307416916,
    "max": 7.245579116046429,
    "p50": 0.09215828217566013,
    "p90": 0.15682640746235849,
    "p99": 5.3712844653800165
  },
  "extra": {
    "server_memory": {
      "allocated_mib": 6023,
      "reserved_mib": 6218,
      "max_allocated_mib": 6093,
      "max_reserved_mib": 6218
    },
    "compile_step_window_fallback": {
      "enabled": true,
      "step_start": 8,
      "step_end": 18,
      "request_index": 28,
      "compiled_requests": 18,
      "eager_requests": 10,
      "eager_fraction": 0.35714285714285715,
      "last_mode": "compiled"
    }
  }
}