{
  "task_suite_name": "libero_10",
  "port": 5583,
  "total_episodes": 1,
  "total_successes": 1,
  "success_rate": 1.0,
  "deterministic_policy_seeds": true,
  "policy_seed_base": 20260609,
  "policy_latency_seconds": {
    "count": 244,
    "mean": 0.1484358445206871,
    "min": 0.09555109217762947,
    "max": 0.4880022704601288,
    "p50": 0.1568507757037878,
    "p90": 0.1722104948014021,
    "p99": 0.2995180794969201
  },
  "policy_breakdown_seconds": {
    "policy_total_seconds": {
      "count": 244,
      "mean": 0.1484358445206871,
      "min": 0.09555109217762947,
      "max": 0.4880022704601288,
      "p50": 0.1568507757037878,
      "p90": 0.1722104948014021,
      "p99": 0.2995180794969201
    },
    "postprocess_seconds": {
      "count": 244,
      "mean": 0.00010646803335088198,
      "min": 5.194917321205139e-05,
      "max": 0.00022036582231521606,
      "p50": 0.00011751614511013031,
      "p90": 0.00013846904039382937,
      "p99": 0.00016955532133579253
    },
    "preprocess_seconds": {
      "count": 244,
      "mean": 0.00010665663380603321,
      "min": 5.128979682922363e-05,
      "max": 0.00021203607320785522,
      "p50": 0.0001216009259223938,
      "p90": 0.0001452405005693436,
      "p99": 0.00017795789986848828
    },
    "remote_get_action_seconds": {
      "count": 244,
      "mean": 0.14822023717656,
      "min": 0.09543092921376228,
      "max": 0.48777174949645996,
      "p50": 0.15660073794424534,
      "p90": 0.17196060419082643,
      "p99": 0.2992209238931537
    }
  },
  "episodes": [
    {
      "episode_index": 1,
      "task_id": 4,
      "init_index": 6,
      "success": true,
      "deterministic_policy_seeds": true,
      "policy_seed_base": 20260609,
      "policy_latency_seconds": {
        "count": 244,
        "mean": 0.1484358445206871,
        "min": 0.09555109217762947,
        "max": 0.4880022704601288,
        "p50": 0.1568507757037878,
        "p90": 0.1722104948014021,
        "p99": 0.2995180794969201
      },
      "policy_breakdown_seconds": {
        "policy_total_seconds": {
          "count": 244,
          "mean": 0.1484358445206871,
          "min": 0.09555109217762947,
          "max": 0.4880022704601288,
          "p50": 0.1568507757037878,
          "p90": 0.1722104948014021,
          "p99": 0.2995180794969201
        },
        "postprocess_seconds": {
          "count": 244,
          "mean": 0.00010646803335088198,
          "min": 5.194917321205139e-05,
          "max": 0.00022036582231521606,
          "p50": 0.00011751614511013031,
          "p90": 0.00013846904039382937,
          "p99": 0.00016955532133579253
        },
        "preprocess_seconds": {
          "count": 244,
          "mean": 0.00010665663380603321,
          "min": 5.128979682922363e-05,
          "max": 0.00021203607320785522,
          "p50": 0.0001216009259223938,
          "p90": 0.0001452405005693436,
          "p99": 0.00017795789986848828
        },
        "remote_get_action_seconds": {
          "count": 244,
          "mean": 0.14822023717656,
          "min": 0.09543092921376228,
          "max": 0.48777174949645996,
          "p50": 0.15660073794424534,
          "p90": 0.17196060419082643,
          "p99": 0.2992209238931537
        }
      }
    }
  ]
}