{
  "label": "n17_fp16",
  "writes": 35,
  "get_action_seconds": {
    "count": 33,
    "mean": 0.3159297915796439,
    "min": 0.05706828460097313,
    "max": 6.617456469684839,
    "p50": 0.09165747091174126,
    "p90": 0.14724053367972373,
    "p99": 4.785530362278221
  },
  "extra": {
    "server_memory": {
      "allocated_mib": 6023,
      "reserved_mib": 6216,
      "max_allocated_mib": 6090,
      "max_reserved_mib": 6216
    },
    "compile_step_window_fallback": {
      "enabled": true,
      "step_start": 0,
      "step_end": 15,
      "request_index": 33,
      "compiled_requests": 18,
      "eager_requests": 15,
      "eager_fraction": 0.45454545454545453,
      "last_mode": "compiled"
    }
  }
}