{
  "task_suite_name": "libero_10",
  "port": 5593,
  "total_episodes": 5,
  "total_successes": 1,
  "success_rate": 0.2,
  "deterministic_policy_seeds": true,
  "policy_seed_base": 20260613,
  "policy_latency_seconds": {
    "count": 4662,
    "mean": 0.11578116343639941,
    "min": 0.07630082592368126,
    "max": 1.6761245913803577,
    "p50": 0.13282261788845062,
    "p90": 0.1531872395426035,
    "p99": 0.1706053164601326
  },
  "policy_breakdown_seconds": {
    "policy_total_seconds": {
      "count": 4662,
      "mean": 0.11578116343639941,
      "min": 0.07630082592368126,
      "max": 1.6761245913803577,
      "p50": 0.13282261788845062,
      "p90": 0.1531872395426035,
      "p99": 0.1706053164601326
    },
    "postprocess_seconds": {
      "count": 4662,
      "mean": 9.782266963300455e-05,
      "min": 3.482028841972351e-05,
      "max": 0.0007180348038673401,
      "p50": 9.593553841114044e-05,
      "p90": 0.00011398419737815857,
      "p99": 0.00014448255300521853
    },
    "preprocess_seconds": {
      "count": 4662,
      "mean": 0.00010706601142627596,
      "min": 3.800913691520691e-05,
      "max": 0.0005643777549266815,
      "p50": 0.0001082196831703186,
      "p90": 0.00011929385364055634,
      "p99": 0.00014791972935199738
    },
    "remote_get_action_seconds": {
      "count": 4662,
      "mean": 0.11557362848794522,
      "min": 0.07608922198414803,
      "max": 1.675952274352312,
      "p50": 0.132598539814353,
      "p90": 0.15297003984451293,
      "p99": 0.1704481674730778
    }
  },
  "episodes": [
    {
      "episode_index": 1,
      "task_id": 4,
      "init_index": 9,
      "success": false,
      "deterministic_policy_seeds": true,
      "policy_seed_base": 20260613,
      "policy_latency_seconds": {
        "count": 991,
        "mean": 0.11698502811154973,
        "min": 0.07692332193255424,
        "max": 1.6761245913803577,
        "p50": 0.13037622347474098,
        "p90": 0.15238388255238533,
        "p99": 0.17419749274849894
      },
      "policy_breakdown_seconds": {
        "policy_total_seconds": {
          "count": 991,
          "mean": 0.11698502811154973,
          "min": 0.07692332193255424,
          "max": 1.6761245913803577,
          "p50": 0.13037622347474098,
          "p90": 0.15238388255238533,
          "p99": 0.17419749274849894
        },
        "postprocess_seconds": {
          "count": 991,
          "mean": 0.0001001625907288791,
          "min": 3.734603524208069e-05,
          "max": 0.0005034804344177246,
          "p50": 9.759515523910522e-05,
          "p90": 0.0001277625560760498,
          "p99": 0.00015680082142353058
        },
        "preprocess_seconds": {
          "count": 991,
          "mean": 0.00010366065335562444,
          "min": 4.144012928009033e-05,
          "max": 0.0002947375178337097,
          "p50": 0.00010465830564498901,
          "p90": 0.0001196637749671936,
          "p99": 0.00015685744583606728
        },
        "remote_get_action_seconds": {
          "count": 991,
          "mean": 0.11677836683154948,
          "min": 0.07672470435500145,
          "max": 1.675952274352312,
          "p50": 0.13014927133917809,
          "p90": 0.1521911323070526,
          "p99": 0.17408641688525678
        }
      }
    },
    {
      "episode_index": 2,
      "task_id": 6,
      "init_index": 8,
      "success": true,
      "deterministic_policy_seeds": true,
      "policy_seed_base": 20260613,
      "policy_latency_seconds": {
        "count": 698,
        "mean": 0.11381334458133553,
        "min": 0.07630328088998795,
        "max": 0.1827872321009636,
        "p50": 0.13064792938530445,
        "p90": 0.15243657790124415,
        "p99": 0.16682182535529133
      },
      "policy_breakdown_seconds": {
        "policy_total_seconds": {
          "count": 698,
          "mean": 0.11381334458133553,
          "min": 0.07630328088998795,
          "max": 0.1827872321009636,
          "p50": 0.13064792938530445,
          "p90": 0.15243657790124415,
          "p99": 0.16682182535529133
        },
        "postprocess_seconds": {
          "count": 698,
          "mean": 9.521031298575907e-05,
          "min": 3.849714994430542e-05,
          "max": 0.0005242936313152313,
          "p50": 9.280629456043243e-05,
          "p90": 0.00010601989924907684,
          "p99": 0.00013478524982929116
        },
        "preprocess_seconds": {
          "count": 698,
          "mean": 0.00010357622622931242,
          "min": 3.827735781669617e-05,
          "max": 0.0004886612296104431,
          "p50": 0.00010102242231369019,
          "p90": 0.00011471733450889588,
          "p99": 0.00013740591704845424
        },
        "remote_get_action_seconds": {
          "count": 698,
          "mean": 0.11361201278822641,
          "min": 0.07612887769937515,
          "max": 0.18260937556624413,
          "p50": 0.13044467195868492,
          "p90": 0.15223744101822376,
          "p99": 0.16663749720901247
        }
      }
    },
    {
      "episode_index": 3,
      "task_id": 8,
      "init_index": 4,
      "success": false,
      "deterministic_policy_seeds": true,
      "policy_seed_base": 20260613,
      "policy_latency_seconds": {
        "count": 991,
        "mean": 0.11553067333176807,
        "min": 0.07656858488917351,
        "max": 0.18579072505235672,
        "p50": 0.12976286560297012,
        "p90": 0.15396836772561073,
        "p99": 0.16941399835050108
      },
      "policy_breakdown_seconds": {
        "policy_total_seconds": {
          "count": 991,
          "mean": 0.11553067333176807,
          "min": 0.07656858488917351,
          "max": 0.18579072505235672,
          "p50": 0.12976286560297012,
          "p90": 0.15396836772561073,
          "p99": 0.16941399835050108
        },
        "postprocess_seconds": {
          "count": 991,
          "mean": 0.00010262049291015994,
          "min": 3.482028841972351e-05,
          "max": 0.0007180348038673401,
          "p50": 9.954720735549927e-05,
          "p90": 0.00011625885963439941,
          "p99": 0.00015193559229373932
        },
        "preprocess_seconds": {
          "count": 991,
          "mean": 0.00011331219635866245,
          "min": 3.800913691520691e-05,
          "max": 0.0005643777549266815,
          "p50": 0.00011219456791877747,
          "p90": 0.00012565404176712036,
          "p99": 0.00015104413032531743
        },
        "remote_get_action_seconds": {
          "count": 991,
          "mean": 0.11531204253991485,
          "min": 0.07636555284261703,
          "max": 0.18554169312119484,
          "p50": 0.12955408543348312,
          "p90": 0.1537456065416336,
          "p99": 0.16916420049965383
        }
      }
    },
    {
      "episode_index": 4,
      "task_id": 8,
      "init_index": 7,
      "success": false,
      "deterministic_policy_seeds": true,
      "policy_seed_base": 20260613,
      "policy_latency_seconds": {
        "count": 991,
        "mean": 0.11564808605402317,
        "min": 0.07630082592368126,
        "max": 0.1910015381872654,
        "p50": 0.13667022064328194,
        "p90": 0.15307500585913658,
        "p99": 0.1652034290134907
      },
      "policy_breakdown_seconds": {
        "policy_total_seconds": {
          "count": 991,
          "mean": 0.11564808605402317,
          "min": 0.07630082592368126,
          "max": 0.1910015381872654,
          "p50": 0.13667022064328194,
          "p90": 0.15307500585913658,
          "p99": 0.1652034290134907
        },
        "postprocess_seconds": {
          "count": 991,
          "mean": 9.632278252562168e-05,
          "min": 4.807859659194946e-05,
          "max": 0.00032205134630203247,
          "p50": 9.577721357345581e-05,
          "p90": 0.00010604038834571838,
          "p99": 0.00012549459934234618
        },
        "preprocess_seconds": {
          "count": 991,
          "mean": 0.00010947877114524033,
          "min": 4.123523831367493e-05,