{
  "task_suite_name": "libero_10",
  "port": 5582,
  "total_episodes": 1,
  "total_successes": 0,
  "success_rate": 0.0,
  "policy_latency_seconds": {
    "count": 991,
    "mean": 0.1388512920930335,
    "min": 0.08664249628782272,
    "max": 0.6957067288458347,
    "p50": 0.15165388584136963,
    "p90": 0.16909462586045265,
    "p99": 0.2284022960811862
  },
  "policy_breakdown_seconds": {
    "policy_total_seconds": {
      "count": 991,
      "mean": 0.1388512920930335,
      "min": 0.08664249628782272,
      "max": 0.6957067288458347,
      "p50": 0.15165388584136963,
      "p90": 0.16909462586045265,
      "p99": 0.2284022960811862
    },
    "postprocess_seconds": {
      "count": 991,
      "mean": 0.0001190497975055914,
      "min": 3.979727625846863e-05,
      "max": 0.0006308145821094513,
      "p50": 0.00012644007802009583,
      "p90": 0.00015120208263397217,
      "p99": 0.0001892399042844773
    },
    "preprocess_seconds": {
      "count": 991,
      "mean": 0.00011119424289338644,
      "min": 4.07584011554718e-05,
      "max": 0.00046634674072265625,
      "p50": 0.000121336430311203,
      "p90": 0.0001389719545841217,
      "p99": 0.0001961309462785721
    },
    "remote_get_action_seconds": {
      "count": 991,
      "mean": 0.1386178921378104,
      "min": 0.08654998987913132,
      "max": 0.6955314502120018,
      "p50": 0.15137963742017746,
      "p90": 0.16880474239587784,
      "p99": 0.22822140678763475
    }
  },
  "episodes": [
    {
      "episode_index": 1,
      "task_id": 8,
      "init_index": 8,
      "success": false,
      "policy_latency_seconds": {
        "count": 991,
        "mean": 0.1388512920930335,
        "min": 0.08664249628782272,
        "max": 0.6957067288458347,
        "p50": 0.15165388584136963,
        "p90": 0.16909462586045265,
        "p99": 0.2284022960811862
      },
      "policy_breakdown_seconds": {
        "policy_total_seconds": {
          "count": 991,
          "mean": 0.1388512920930335,
          "min": 0.08664249628782272,
          "max": 0.6957067288458347,
          "p50": 0.15165388584136963,
          "p90": 0.16909462586045265,
          "p99": 0.2284022960811862
        },
        "postprocess_seconds": {
          "count": 991,
          "mean": 0.0001190497975055914,
          "min": 3.979727625846863e-05,
          "max": 0.0006308145821094513,
          "p50": 0.00012644007802009583,
          "p90": 0.00015120208263397217,
          "p99": 0.0001892399042844773
        },
        "preprocess_seconds": {
          "count": 991,
          "mean": 0.00011119424289338644,
          "min": 4.07584011554718e-05,
          "max": 0.00046634674072265625,
          "p50": 0.000121336430311203,
          "p90": 0.0001389719545841217,
          "p99": 0.0001961309462785721
        },
        "remote_get_action_seconds": {
          "count": 991,
          "mean": 0.1386178921378104,
          "min": 0.08654998987913132,
          "max": 0.6955314502120018,
          "p50": 0.15137963742017746,
          "p90": 0.16880474239587784,
          "p99": 0.22822140678763475
        }
      }
    }
  ]
}