{
  "label": "n17_fp16",
  "writes": 29,
  "get_action_seconds": {
    "count": 27,
    "mean": 0.3545319320702994,
    "min": 0.054781172424554825,
    "max": 7.081521417945623,
    "p50": 0.09225691109895706,
    "p90": 0.16168264895677567,
    "p99": 5.284415521249164
  },
  "extra": {
    "server_memory": {
      "allocated_mib": 6023,
      "reserved_mib": 6218,
      "max_allocated_mib": 6092,
      "max_reserved_mib": 6218
    },
    "compile_step_window_fallback": {
      "enabled": true,
      "step_start": 12,
      "step_end": 22,
      "request_index": 27,
      "compiled_requests": 17,
      "eager_requests": 10,
      "eager_fraction": 0.37037037037037035,
      "last_mode": "compiled"
    }
  }
}