{
  "label": "fp16_official",
  "writes": 198,
  "get_action_seconds": {
    "count": 9812,
    "mean": 0.12017922525746308,
    "min": 0.08330437913537025,
    "max": 1.0576653331518173,
    "p50": 0.09143900312483311,
    "p90": 0.1669091746211052,
    "p99": 0.4773271216079586
  }
}