{
  "label": "n17_fp16",
  "writes": 27,
  "get_action_seconds": {
    "count": 25,
    "mean": 0.38521991595625876,
    "min": 0.05590717867016792,
    "max": 7.351568501442671,
    "p50": 0.09048208966851234,
    "p90": 0.15798238292336464,
    "p99": 5.625423345714793
  },
  "extra": {
    "server_memory": {
      "allocated_mib": 6023,
      "reserved_mib": 6218,
      "max_allocated_mib": 6093,
      "max_reserved_mib": 6218
    },
    "compile_step_window_fallback": {
      "enabled": true,
      "step_start": 12,
      "step_end": 22,
      "request_index": 25,
      "compiled_requests": 15,
      "eager_requests": 10,
      "eager_fraction": 0.4,
      "last_mode": "compiled"
    }
  }
}