{
  "label": "n17_fp16",
  "writes": 29,
  "get_action_seconds": {
    "count": 27,
    "mean": 0.3795677526957459,
    "min": 0.05636642500758171,
    "max": 7.30753867700696,
    "p50": 0.09809143096208572,
    "p90": 0.18653328716754916,
    "p99": 5.485690477117885
  },
  "extra": {
    "server_memory": {
      "allocated_mib": 6023,
      "reserved_mib": 6218,
      "max_allocated_mib": 6093,
      "max_reserved_mib": 6218
    },
    "compile_step_window_fallback": {
      "enabled": true,
      "step_start": 10,
      "step_end": 30,
      "request_index": 27,
      "compiled_requests": 10,
      "eager_requests": 17,
      "eager_fraction": 0.6296296296296297,
      "last_mode": "eager"
    }
  }
}