{
  "label": "fp16_official",
  "writes": 14,
  "get_action_seconds": {
    "count": 243,
    "mean": 0.15113752086957297,
    "min": 0.08505512773990631,
    "max": 0.6380526833236217,
    "p50": 0.1558832824230194,
    "p90": 0.16387046575546266,
    "p99": 0.19606599047780038
  }
}