{
  "label": "n17_fp16",
  "writes": 30,
  "get_action_seconds": {
    "count": 28,
    "mean": 0.330665061250329,
    "min": 0.05573619157075882,
    "max": 6.803898669779301,
    "p50": 0.08541668765246868,
    "p90": 0.12579271830618383,
    "p99": 5.0379259129613665
  },
  "extra": {
    "server_memory": {
      "allocated_mib": 6023,
      "reserved_mib": 6218,
      "max_allocated_mib": 6092,
      "max_reserved_mib": 6218
    }
  }
}