{
  "label": "n17_fp16",
  "writes": 33,
  "get_action_seconds": {
    "count": 31,
    "mean": 0.1569663864229956,
    "min": 0.09382635727524757,
    "max": 1.0291046909987926,
    "p50": 0.1362682804465294,
    "p90": 0.18203042447566986,
    "p99": 0.782255514711141
  },
  "extra": {
    "server_memory": {
      "allocated_mib": 6023,
      "reserved_mib": 6188,
      "max_allocated_mib": 6090,
      "max_reserved_mib": 6188
    }
  }
}