{
  "task_suite_name": "libero_10",
  "port": 5555,
  "total_episodes": 1,
  "total_successes": 1,
  "success_rate": 1.0,
  "deterministic_policy_seeds": true,
  "policy_seed_base": 20260613,
  "policy_latency_seconds": {
    "count": 752,
    "mean": 0.08423533137550855,
    "min": 0.05336611717939377,
    "max": 0.17631971836090088,
    "p50": 0.07282542064785957,
    "p90": 0.14655660428106784,
    "p99": 0.16474024746567012
  },
  "policy_breakdown_seconds": {
    "gripper_oracle_remote_get_action_seconds": {
      "count": 752,
      "mean": 0.0,
      "min": 0.0,
      "max": 0.0,
      "p50": 0.0,
      "p90": 0.0,
      "p99": 0.0
    },
    "oracle_remote_get_action_seconds": {
      "count": 752,
      "mean": 0.0,
      "min": 0.0,
      "max": 0.0,
      "p50": 0.0,
      "p90": 0.0,
      "p99": 0.0
    },
    "policy_total_seconds": {
      "count": 752,
      "mean": 0.08423533137550855,
      "min": 0.05336611717939377,
      "max": 0.17631971836090088,
      "p50": 0.07282542064785957,
      "p90": 0.14655660428106784,
      "p99": 0.16474024746567012
    },
    "postprocess_seconds": {
      "count": 752,
      "mean": 9.52578575766467e-05,
      "min": 4.106387495994568e-05,
      "max": 0.0001793503761291504,
      "p50": 9.355321526527405e-05,
      "p90": 0.00011046975851058959,
      "p99": 0.00013426352292299272
    },
    "preprocess_seconds": {
      "count": 752,
      "mean": 9.978820193321147e-05,
      "min": 4.3451786041259766e-05,
      "max": 0.0002954117953777313,
      "p50": 9.867362678050995e-05,
      "p90": 0.00011430643498897552,
      "p99": 0.0001317626610398293
    },
    "primary_remote_get_action_seconds": {
      "count": 752,
      "mean": 0.08403608277737301,
      "min": 0.05319474637508392,
      "max": 0.17612403258681297,
      "p50": 0.07264219410717487,
      "p90": 0.14635691791772842,
      "p99": 0.16455015625804664
    },
    "remote_get_action_seconds": {
      "count": 752,
      "mean": 0.08403608277737301,
      "min": 0.05319474637508392,
      "max": 0.17612403258681297,
      "p50": 0.07264219410717487,
      "p90": 0.14635691791772842,
      "p99": 0.16455015625804664
    }
  },
  "action_perturbation": {
    "keys": [
      "y"
    ],
    "amplitude": 0.03,
    "sign": 1.0,
    "normalize_by_num_keys": true,
    "step_start": 450,
    "step_end": 700,
    "clip": true
  },
  "episodes": [
    {
      "episode_index": 1,
      "task_id": 6,
      "init_index": 8,
      "success": true,
      "deterministic_policy_seeds": true,
      "policy_seed_base": 20260613,
      "policy_latency_seconds": {
        "count": 752,
        "mean": 0.08423533137550855,
        "min": 0.05336611717939377,
        "max": 0.17631971836090088,
        "p50": 0.07282542064785957,
        "p90": 0.14655660428106784,
        "p99": 0.16474024746567012
      },
      "policy_breakdown_seconds": {
        "gripper_oracle_remote_get_action_seconds": {
          "count": 752,
          "mean": 0.0,
          "min": 0.0,
          "max": 0.0,
          "p50": 0.0,
          "p90": 0.0,
          "p99": 0.0
        },
        "oracle_remote_get_action_seconds": {
          "count": 752,
          "mean": 0.0,
          "min": 0.0,
          "max": 0.0,
          "p50": 0.0,
          "p90": 0.0,
          "p99": 0.0
        },
        "policy_total_seconds": {
          "count": 752,
          "mean": 0.08423533137550855,
          "min": 0.05336611717939377,
          "max": 0.17631971836090088,
          "p50": 0.07282542064785957,
          "p90": 0.14655660428106784,
          "p99": 0.16474024746567012
        },
        "postprocess_seconds": {
          "count": 752,
          "mean": 9.52578575766467e-05,
          "min": 4.106387495994568e-05,
          "max": 0.0001793503761291504,
          "p50": 9.355321526527405e-05,
          "p90": 0.00011046975851058959,
          "p99": 0.00013426352292299272
        },
        "preprocess_seconds": {
          "count": 752,
          "mean": 9.978820193321147e-05,
          "min": 4.3451786041259766e-05,
          "max": 0.0002954117953777313,
          "p50": 9.867362678050995e-05,
          "p90": 0.00011430643498897552,
          "p99": 0.0001317626610398293
        },
        "primary_remote_get_action_seconds": {
          "count": 752,
          "mean": 0.08403608277737301,
          "min": 0.05319474637508392,
          "max": 0.17612403258681297,
          "p50": 0.07264219410717487,
          "p90": 0.14635691791772842,
          "p99": 0.16455015625804664
        },
        "remote_get_action_seconds": {
          "count": 752,
          "mean": 0.08403608277737301,
          "min": 0.05319474637508392,
          "max": 0.17612403258681297,
          "p50": 0.07264219410717487,
          "p90": 0.14635691791772842,
          "p99": 0.16455015625804664
        }
      },
      "action_perturbation": {
        "keys": [
          "y"
        ],
        "amplitude": 0.03,
        "sign": 1.0,
        "normalize_by_num_keys": true,
        "step_start": 450,
        "step_end": 700,
        "clip": true
      }
    }
  ]
}