{
  "label": "n17_fp16",
  "writes": 36,
  "get_action_seconds": {
    "count": 34,
    "mean": 0.30809428422328305,
    "min": 0.05483081564307213,
    "max": 7.092718303203583,
    "p50": 0.09589749947190285,
    "p90": 0.15176637582480906,
    "p99": 4.805617891661834
  },
  "extra": {
    "server_memory": {
      "allocated_mib": 6023,
      "reserved_mib": 6216,
      "max_allocated_mib": 6090,
      "max_reserved_mib": 6216
    },
    "compile_step_window_fallback": {
      "enabled": true,
      "step_start": 10,
      "step_end": 30,
      "request_index": 34,
      "compiled_requests": 14,
      "eager_requests": 20,
      "eager_fraction": 0.5882352941176471,
      "last_mode": "compiled"
    }
  }
}