{
  "label": "n17_fp16",
  "writes": 25,
  "get_action_seconds": {
    "count": 23,
    "mean": 0.42546412526913313,
    "min": 0.06963292881846428,
    "max": 6.502246979624033,
    "p50": 0.09933554008603096,
    "p90": 0.1624509260058403,
    "p99": 5.277639501094825
  },
  "extra": {
    "server_memory": {
      "allocated_mib": 6023,
      "reserved_mib": 6218,
      "max_allocated_mib": 6092,
      "max_reserved_mib": 6218
    },
    "compile_step_window_fallback": {
      "enabled": true,
      "step_start": 0,
      "step_end": 20,
      "request_index": 23,
      "compiled_requests": 3,
      "eager_requests": 20,
      "eager_fraction": 0.8695652173913043,
      "last_mode": "compiled"
    }
  }
}