{
  "task_suite_name": "libero_10",
  "port": 5564,
  "total_episodes": 1,
  "total_successes": 1,
  "success_rate": 1.0,
  "policy_latency_seconds": {
    "count": 420,
    "mean": 0.16236298466544777,
    "min": 0.15122711285948753,
    "max": 0.2376500926911831,
    "p50": 0.1613488681614399,
    "p90": 0.16905677504837513,
    "p99": 0.21279064822942026
  },
  "policy_breakdown_seconds": {
    "policy_total_seconds": {
      "count": 420,
      "mean": 0.16236298466544777,
      "min": 0.15122711285948753,
      "max": 0.2376500926911831,
      "p50": 0.1613488681614399,
      "p90": 0.16905677504837513,
      "p99": 0.21279064822942026
    },
    "postprocess_seconds": {
      "count": 420,
      "mean": 0.00011381760594390688,
      "min": 4.02107834815979e-05,
      "max": 0.0004662163555622101,
      "p50": 0.00011014565825462341,
      "p90": 0.00013112425804138184,
      "p99": 0.00019849829375743875
    },
    "preprocess_seconds": {
      "count": 420,
      "mean": 0.00011771438377244132,
      "min": 4.0881335735321045e-05,
      "max": 0.0003693997859954834,
      "p50": 0.00011407583951950073,
      "p90": 0.00013275258243083954,
      "p99": 0.00019997335970401767
    },
    "remote_get_action_seconds": {
      "count": 420,
      "mean": 0.162128171049768,
      "min": 0.15108327195048332,
      "max": 0.23741665482521057,
      "p50": 0.16111799888312817,
      "p90": 0.1688152201473713,
      "p99": 0.21250996980816134
    }
  },
  "episodes": [
    {
      "episode_index": 1,
      "task_id": 6,
      "init_index": 1,
      "success": true,
      "policy_latency_seconds": {
        "count": 420,
        "mean": 0.16236298466544777,
        "min": 0.15122711285948753,
        "max": 0.2376500926911831,
        "p50": 0.1613488681614399,
        "p90": 0.16905677504837513,
        "p99": 0.21279064822942026
      },
      "policy_breakdown_seconds": {
        "policy_total_seconds": {
          "count": 420,
          "mean": 0.16236298466544777,
          "min": 0.15122711285948753,
          "max": 0.2376500926911831,
          "p50": 0.1613488681614399,
          "p90": 0.16905677504837513,
          "p99": 0.21279064822942026
        },
        "postprocess_seconds": {
          "count": 420,
          "mean": 0.00011381760594390688,
          "min": 4.02107834815979e-05,
          "max": 0.0004662163555622101,
          "p50": 0.00011014565825462341,
          "p90": 0.00013112425804138184,
          "p99": 0.00019849829375743875
        },
        "preprocess_seconds": {
          "count": 420,
          "mean": 0.00011771438377244132,
          "min": 4.0881335735321045e-05,
          "max": 0.0003693997859954834,
          "p50": 0.00011407583951950073,
          "p90": 0.00013275258243083954,
          "p99": 0.00019997335970401767
        },
        "remote_get_action_seconds": {
          "count": 420,
          "mean": 0.162128171049768,
          "min": 0.15108327195048332,
          "max": 0.23741665482521057,
          "p50": 0.16111799888312817,
          "p90": 0.1688152201473713,
          "p99": 0.21250996980816134
        }
      }
    }
  ]
}