{
  "label": "n17_fp16",
  "writes": 70,
  "get_action_seconds": {
    "count": 68,
    "mean": 0.19346578517819152,
    "min": 0.054789457470178604,
    "max": 7.038616195321083,
    "p50": 0.09012454003095627,
    "p90": 0.12588890492916108,
    "p99": 2.47673355065285
  },
  "extra": {
    "server_memory": {
      "allocated_mib": 6023,
      "reserved_mib": 6212,
      "max_allocated_mib": 6088,
      "max_reserved_mib": 6212
    },
    "compile_step_window_fallback": {
      "enabled": true,
      "step_start": 5,
      "step_end": 20,
      "request_index": 68,
      "compiled_requests": 53,
      "eager_requests": 15,
      "eager_fraction": 0.22058823529411764,
      "last_mode": "compiled"
    }
  }
}