{
  "label": "n17_fp16",
  "writes": 54,
  "get_action_seconds": {
    "count": 52,
    "mean": 0.2438613225777562,
    "min": 0.05761553719639778,
    "max": 6.493824411183596,
    "p50": 0.09766149893403053,
    "p90": 0.1632517386227846,
    "p99": 3.662691733352851
  },
  "extra": {
    "server_memory": {
      "allocated_mib": 6023,
      "reserved_mib": 6212,
      "max_allocated_mib": 6088,
      "max_reserved_mib": 6212
    },
    "compile_step_window_fallback": {
      "enabled": true,
      "step_start": 0,
      "step_end": 30,
      "request_index": 52,
      "compiled_requests": 22,
      "eager_requests": 30,
      "eager_fraction": 0.5769230769230769,
      "last_mode": "compiled"
    }
  }
}