{
  "task_suite_name": "libero_10",
  "port": 5555,
  "total_episodes": 2,
  "total_successes": 1,
  "success_rate": 0.5,
  "deterministic_policy_seeds": true,
  "policy_seed_base": 20260613,
  "policy_latency_seconds": {
    "count": 1340,
    "mean": 0.07873210573652342,
    "min": 0.051346555352211,
    "max": 0.25995346158742905,
    "p50": 0.07156718708574772,
    "p90": 0.11598046831786638,
    "p99": 0.16245514150708912
  },
  "policy_breakdown_seconds": {
    "gripper_oracle_remote_get_action_seconds": {
      "count": 1340,
      "mean": 0.0,
      "min": 0.0,
      "max": 0.0,
      "p50": 0.0,
      "p90": 0.0,
      "p99": 0.0
    },
    "oracle_remote_get_action_seconds": {
      "count": 1340,
      "mean": 0.0,
      "min": 0.0,
      "max": 0.0,
      "p50": 0.0,
      "p90": 0.0,
      "p99": 0.0
    },
    "policy_total_seconds": {
      "count": 1340,
      "mean": 0.07873210573652342,
      "min": 0.051346555352211,
      "max": 0.25995346158742905,
      "p50": 0.07156718708574772,
      "p90": 0.11598046831786638,
      "p99": 0.16245514150708912
    },
    "postprocess_seconds": {
      "count": 1340,
      "mean": 9.045853877245491e-05,
      "min": 3.523379564285278e-05,
      "max": 0.0003179721534252167,
      "p50": 9.171664714813232e-05,
      "p90": 0.00010951757431030277,
      "p99": 0.00013858538120985021
    },
    "preprocess_seconds": {
      "count": 1340,
      "mean": 9.767549918658698e-05,
      "min": 3.74428927898407e-05,
      "max": 0.0002678968012332916,
      "p50": 0.0001022927463054657,
      "p90": 0.00011485256254673004,
      "p99": 0.00013485353440046297
    },
    "primary_remote_get_action_seconds": {
      "count": 1340,
      "mean": 0.07853997790379756,
      "min": 0.05126023665070534,
      "max": 0.2598641365766525,
      "p50": 0.07137844525277615,
      "p90": 0.11576094068586831,
      "p99": 0.16231077969074248
    },
    "remote_get_action_seconds": {
      "count": 1340,
      "mean": 0.07853997790379756,
      "min": 0.05126023665070534,
      "max": 0.2598641365766525,
      "p50": 0.07137844525277615,
      "p90": 0.11576094068586831,
      "p99": 0.16231077969074248
    }
  },
  "action_perturbation": {
    "keys": [
      "x"
    ],
    "amplitude": 0.03,
    "sign": 1.0,
    "normalize_by_num_keys": true,
    "step_start": null,
    "step_end": null,
    "clip": true
  },
  "episodes": [
    {
      "episode_index": 1,
      "task_id": 4,
      "init_index": 9,
      "success": true,
      "deterministic_policy_seeds": true,
      "policy_seed_base": 20260613,
      "policy_latency_seconds": {
        "count": 349,
        "mean": 0.07800379385878159,
        "min": 0.051346555352211,
        "max": 0.1627500243484974,
        "p50": 0.06888332217931747,
        "p90": 0.12924812585115433,
        "p99": 0.1567079862952232
      },
      "policy_breakdown_seconds": {
        "gripper_oracle_remote_get_action_seconds": {
          "count": 349,
          "mean": 0.0,
          "min": 0.0,
          "max": 0.0,
          "p50": 0.0,
          "p90": 0.0,
          "p99": 0.0
        },
        "oracle_remote_get_action_seconds": {
          "count": 349,
          "mean": 0.0,
          "min": 0.0,
          "max": 0.0,
          "p50": 0.0,
          "p90": 0.0,
          "p99": 0.0
        },
        "policy_total_seconds": {
          "count": 349,
          "mean": 0.07800379385878159,
          "min": 0.051346555352211,
          "max": 0.1627500243484974,
          "p50": 0.06888332217931747,
          "p90": 0.12924812585115433,
          "p99": 0.1567079862952232
        },
        "postprocess_seconds": {
          "count": 349,
          "mean": 9.163427446838095e-05,
          "min": 3.7364661693573e-05,
          "max": 0.0003179721534252167,
          "p50": 9.049475193023682e-05,
          "p90": 0.00010348483920097351,
          "p99": 0.00014156594872474657
        },
        "preprocess_seconds": {
          "count": 349,
          "mean": 0.00010568864195258023,
          "min": 4.712492227554321e-05,
          "max": 0.0001767091453075409,
          "p50": 0.00010776519775390625,
          "p90": 0.00011943653225898743,
          "p99": 0.00013890296220779415
        },
        "primary_remote_get_action_seconds": {
          "count": 349,
          "mean": 0.0778023398836226,
          "min": 0.05126023665070534,
          "max": 0.1626056395471096,
          "p50": 0.0686650201678276,
          "p90": 0.129030841588974,
          "p99": 0.15650749579071996
        },
        "remote_get_action_seconds": {
          "count": 349,
          "mean": 0.0778023398836226,
          "min": 0.05126023665070534,
          "max": 0.1626056395471096,
          "p50": 0.0686650201678276,
          "p90": 0.129030841588974,
          "p99": 0.15650749579071996
        }
      },
      "action_perturbation": {
        "keys": [
          "x"
        ],
        "amplitude": 0.03,
        "sign": 1.0,
        "normalize_by_num_keys": true,
        "step_start": null,
        "step_end": null,
        "clip": true
      }
    },
    {
      "episode_index": 2,
      "task_id": 6,
      "init_index": 8,
      "success": false,
      "deterministic_policy_seeds": true,
      "policy_seed_base": 20260613,
      "policy_latency_seconds": {
        "count": 991,
        "mean": 0.07898859498509245,
        "min": 0.05217078700661659,
        "max": 0.25995346158742905,
        "p50": 0.07236218824982643,
        "p90": 0.10684312507510185,
        "p99": 0.16579462327063085
      },
      "policy_breakdown_seconds": {
        "gripper_oracle_remote_get_action_seconds": {
          "count": 991,
          "mean": 0.0,
          "min": 0.0,
          "max": 0.0,
          "p50": 0.0,
          "p90": 0.0,
          "p99": 0.0
        },
        "oracle_remote_get_action_seconds": {
          "count": 991,
          "mean": 0.0,
          "min": 0.0,
          "max": 0.0,
          "p50": 0.0,
          "p90": 0.0,
          "p99": 0.0
        },
        "policy_total_seconds": {
          "count": 991,
          "mean": 0.07898859498509245,
          "min": 0.05217078700661659,
          "max": 0.25995346158742905,
          "p50": 0.07236218824982643,
          "p90": 0.10684312507510185,
          "p99": 0.16579462327063085
        },
        "postprocess_seconds": {
          "count": 991,
          "mean": 9.004448049003493e-05,
          "min": 3.523379564285278e-05,
          "max": 0.00025088340044021606,
          "p50": 9.186193346977234e-05,
          "p90": 0.00011324137449264526,
          "p99": 0.00013812370598316194
        },
        "preprocess_seconds": {
          "count": 991,
          "mean": 9.485351449906765e-05,
          "min": 3.74428927898407e-05,
          "max": 0.0002678968012332916,
          "p50": 0.0001014508306980133,
          "p90": 0.00011119246482849121,
          "p99": 0.0001274518668651581
        },
        "primary_remote_get_action_seconds": {
          "count": 991,
          "mean": 0.07879975153552415,
          "min": 0.05205215886235237,
          "max": 0.2598641365766525,
          "p50": 0.07214588299393654,
          "p90": 0.10667914152145386,
          "p99": 0.16558438576757908
        },
        "remote_get_action_seconds": {
          "count": 991,
          "mean": 0.07879975153552415,
          "min": 0.05205215886235237,
          "max": 0.2598641365766525,
          "p50": 0.07214588299393654,
          "p90": 0.10667914152145386,
          "p99": 0.16558438576757908
        }
      },
      "action_perturbation": {
        "keys": [
          "x"
        ],
        "amplitude": 0.03,
        "sign": 1.0,
        "normalize_by_num_keys": true,
        "step_start": null,
        "step_end": null,
        "clip": true
      }
    }
  ]
}