{
  "label": "n17_fp16",
  "writes": 92,
  "get_action_seconds": {
    "count": 90,
    "mean": 0.1750014732695288,
    "min": 0.05452694743871689,
    "max": 7.2880194671452045,
    "p50": 0.08821053430438042,
    "p90": 0.1515301488339901,
    "p99": 1.0554855467751583
  },
  "extra": {
    "server_memory": {
      "allocated_mib": 6023,
      "reserved_mib": 6212,
      "max_allocated_mib": 6088,
      "max_reserved_mib": 6212
    },
    "compile_step_window_fallback": {
      "enabled": true,
      "step_start": 10,
      "step_end": 30,
      "request_index": 90,
      "compiled_requests": 70,
      "eager_requests": 20,
      "eager_fraction": 0.2222222222222222,
      "last_mode": "compiled"
    }
  }
}