{
  "task_suite_name": "libero_10",
  "port": 5583,
  "total_episodes": 1,
  "total_successes": 1,
  "success_rate": 1.0,
  "deterministic_policy_seeds": true,
  "policy_seed_base": 20260609,
  "policy_latency_seconds": {
    "count": 244,
    "mean": 0.14357133182223702,
    "min": 0.09391011670231819,
    "max": 0.28703446686267853,
    "p50": 0.15467867068946362,
    "p90": 0.16962710656225682,
    "p99": 0.1903238479048013
  },
  "policy_breakdown_seconds": {
    "policy_total_seconds": {
      "count": 244,
      "mean": 0.14357133182223702,
      "min": 0.09391011670231819,
      "max": 0.28703446686267853,
      "p50": 0.15467867068946362,
      "p90": 0.16962710656225682,
      "p99": 0.1903238479048013
    },
    "postprocess_seconds": {
      "count": 244,
      "mean": 0.00011239490914540213,
      "min": 4.0572136640548706e-05,
      "max": 0.00018439441919326782,
      "p50": 0.00011976063251495361,
      "p90": 0.0001393411308526993,
      "p99": 0.0001647386699914932
    },
    "preprocess_seconds": {
      "count": 244,
      "mean": 0.0001118728188706226,
      "min": 4.659220576286316e-05,
      "max": 0.00021689757704734802,
      "p50": 0.00011954084038734436,
      "p90": 0.00014298707246780397,
      "p99": 0.00016917400062084194
    },
    "remote_get_action_seconds": {
      "count": 244,
      "mean": 0.1433442292399094,
      "min": 0.09380646795034409,
      "max": 0.28687771782279015,
      "p50": 0.15448259934782982,
      "p90": 0.1693658992648125,
      "p99": 0.19018105879425995
    }
  },
  "episodes": [
    {
      "episode_index": 1,
      "task_id": 4,
      "init_index": 6,
      "success": true,
      "deterministic_policy_seeds": true,
      "policy_seed_base": 20260609,
      "policy_latency_seconds": {
        "count": 244,
        "mean": 0.14357133182223702,
        "min": 0.09391011670231819,
        "max": 0.28703446686267853,
        "p50": 0.15467867068946362,
        "p90": 0.16962710656225682,
        "p99": 0.1903238479048013
      },
      "policy_breakdown_seconds": {
        "policy_total_seconds": {
          "count": 244,
          "mean": 0.14357133182223702,
          "min": 0.09391011670231819,
          "max": 0.28703446686267853,
          "p50": 0.15467867068946362,
          "p90": 0.16962710656225682,
          "p99": 0.1903238479048013
        },
        "postprocess_seconds": {
          "count": 244,
          "mean": 0.00011239490914540213,
          "min": 4.0572136640548706e-05,
          "max": 0.00018439441919326782,
          "p50": 0.00011976063251495361,
          "p90": 0.0001393411308526993,
          "p99": 0.0001647386699914932
        },
        "preprocess_seconds": {
          "count": 244,
          "mean": 0.0001118728188706226,
          "min": 4.659220576286316e-05,
          "max": 0.00021689757704734802,
          "p50": 0.00011954084038734436,
          "p90": 0.00014298707246780397,
          "p99": 0.00016917400062084194
        },
        "remote_get_action_seconds": {
          "count": 244,
          "mean": 0.1433442292399094,
          "min": 0.09380646795034409,
          "max": 0.28687771782279015,
          "p50": 0.15448259934782982,
          "p90": 0.1693658992648125,
          "p99": 0.19018105879425995
        }
      }
    }
  ]
}