{
  "label": "fp16_official",
  "writes": 6,
  "get_action_seconds": {
    "count": 245,
    "mean": 0.1346858911216259,
    "min": 0.08542324975132942,
    "max": 0.6126558296382427,
    "p50": 0.14174916222691536,
    "p90": 0.16409309059381486,
    "p99": 0.2712628626823425
  }
}