{
  "label": "n17_fp16",
  "writes": 34,
  "get_action_seconds": {
    "count": 32,
    "mean": 0.3155575810233131,
    "min": 0.054590240120887756,
    "max": 7.09288527444005,
    "p50": 0.09335255064070225,
    "p90": 0.14862097091972828,
    "p99": 4.944786535426983
  },
  "extra": {
    "server_memory": {
      "allocated_mib": 6023,
      "reserved_mib": 6216,
      "max_allocated_mib": 6090,
      "max_reserved_mib": 6216
    },
    "compile_step_window_fallback": {
      "enabled": true,
      "step_start": 8,
      "step_end": 18,
      "request_index": 32,
      "compiled_requests": 22,
      "eager_requests": 10,
      "eager_fraction": 0.3125,
      "last_mode": "compiled"
    }
  }
}