{
  "label": "n17_fp16",
  "writes": 92,
  "get_action_seconds": {
    "count": 90,
    "mean": 0.16868380390935475,
    "min": 0.05545457452535629,
    "max": 7.132664140313864,
    "p50": 0.09169943630695343,
    "p90": 0.1283788401633501,
    "p99": 0.9468583251163324
  },
  "extra": {
    "server_memory": {
      "allocated_mib": 6023,
      "reserved_mib": 6218,
      "max_allocated_mib": 6092,
      "max_reserved_mib": 6218
    },
    "compile_step_window_fallback": {
      "enabled": true,
      "step_start": 8,
      "step_end": 18,
      "request_index": 90,
      "compiled_requests": 80,
      "eager_requests": 10,
      "eager_fraction": 0.1111111111111111,
      "last_mode": "compiled"
    }
  }
}