{
  "torch_version": "2.8.0+cu128",
  "cuda_available": true,
  "device": "cuda",
  "scope": "llm_mlp_dit_mlp",
  "scope_description": "LLM MLP plus DiT feed-forward Linear modules, excluding LLM attention",
  "prefer_triton": true,
  "denoising_steps": 1,
  "num_observations": 3,
  "load_seconds": 11.36426568031311,
  "teacher_seconds": 0.6038913726806641,
  "patch_seconds": 0.0458674430847168,
  "student_seconds": 0.48058223724365234,
  "patched_modules": 68,
  "patch_summary": {
    "all": {
      "modules": 68,
      "fp16_weight_bytes": 1509949440,
      "packed_weight_bytes": 377487360,
      "scale_bytes": 1179648,
      "bias_bytes": 245760,
      "packed_plus_scale_ratio_vs_fp16": 0.25078125
    },
    "by_group": {
      "dit_mlp": {
        "modules": 32,
        "fp16_weight_bytes": 603979776,
        "packed_weight_bytes": 150994944,
        "scale_bytes": 491520,
        "bias_bytes": 245760,
        "packed_plus_scale_ratio_vs_fp16": 0.2508138020833333
      },
      "llm_mlp": {
        "modules": 36,
        "fp16_weight_bytes": 905969664,
        "packed_weight_bytes": 226492416,
        "scale_bytes": 688128,
        "bias_bytes": 0,
        "packed_plus_scale_ratio_vs_fp16": 0.2507595486111111
      }
    }
  },
  "comparisons": [
    {
      "mse": 0.0014343211101963463,
      "nmse": 0.029747285124223637,
      "rmse": 0.03787243206075293,
      "relative_rmse": 0.172474012895345,
      "cosine": 0.9860397960529064,
      "max_abs_diff": 0.1552734375,
      "teacher_rms": 0.2195834110019428,
      "student_rms": 0.20664460421217212,
      "per_key": {
        "action.gripper": {
          "mse": 0.008315086364746094,
          "nmse": 0.32674090075121426,
          "max_abs_diff": 0.1552734375,
          "teacher_rms": 0.15952605711897677,
          "student_rms": 0.09342817454041565
        },
        "action.pitch": {
          "mse": 7.891630586404075e-05,
          "nmse": 0.3128904725028576,
          "max_abs_diff": 0.014037400484085083,
          "teacher_rms": 0.015881342215201443,
          "student_rms": 0.024593679250082743
        },
        "action.roll": {
          "mse": 9.268256724384583e-06,
          "nmse": 0.07367031357580382,
          "max_abs_diff": 0.008381694555282593,
          "teacher_rms": 0.01121638139249181,
          "student_rms": 0.01214912467756007
        },
        "action.x": {
          "mse": 0.00045665656216442585,
          "nmse": 0.010194673358712762,
          "max_abs_diff": 0.040283203125,
          "teacher_rms": 0.21164508810055252,
          "student_rms": 0.20355262352080547
        },
        "action.y": {
          "mse": 0.0003831348294625059,
          "nmse": 0.0016446264916572227,
          "max_abs_diff": 0.040283203125,
          "teacher_rms": 0.4826609642628371,
          "student_rms": 0.46437251717556083
        },
        "action.yaw": {
          "mse": 1.0182656680568503e-05,
          "nmse": 0.21593480316064156,
          "max_abs_diff": 0.00797608494758606,
          "teacher_rms": 0.006867034480886509,
          "student_rms": 0.007914366760383137
        },
        "action.z": {
          "mse": 0.0007870027957324055,
          "nmse": 0.023222869691144676,
          "max_abs_diff": 0.05126953125,
          "teacher_rms": 0.18408999882103244,
          "student_rms": 0.17970679066526232
        }
      },
      "variant": "zero",
      "seed": 20260606,
      "action_size": 112
    },
    {
      "mse": 0.0697878976223636,
      "nmse": 0.383436507851148,
      "rmse": 0.2641739911920998,
      "relative_rmse": 0.6192225027008854,
      "cosine": 0.8318936979986851,
      "max_abs_diff": 0.9238280951976776,
      "teacher_rms": 0.42662207855793743,
      "student_rms": 0.23769285113927435,
      "per_key": {
        "action.gripper": {
          "mse": 0.48404017660141174,
          "nmse": 0.532414280314884,
          "max_abs_diff": 0.9238280951976776,
          "teacher_rms": 0.9534893742413025,
          "student_rms": 0.27628701761616686
        },
        "action.pitch": {
          "mse": 0.00011513751908603931,
          "nmse": 0.7253615735915834,
          "max_abs_diff": 0.01959383487701416,
          "teacher_rms": 0.012598857423451364,
          "student_rms": 0.019218442566190732
        },
        "action.roll": {
          "mse": 4.356773091199195e-06,
          "nmse": 0.027011247574628635,
          "max_abs_diff": 0.004714697599411011,
          "teacher_rms": 0.012700187977879532,
          "student_rms": 0.014041371063763056
        },
        "action.x": {
          "mse": 0.0007021459637712724,
          "nmse": 0.02505355601338001,
          "max_abs_diff": 0.0494384765625,
          "teacher_rms": 0.167409081428972,
          "student_rms": 0.14718099506898438
        },
        "action.y": {
          "mse": 0.0015328700101235881,
          "nmse": 0.004897172414270095,
          "max_abs_diff": 0.07781982421875,
          "teacher_rms": 0.559474074510005,
          "student_rms": 0.5255942187418807
        },
        "action.yaw": {
          "mse": 2.3745540187525283e-05,
          "nmse": 1.8681573222505838,
          "max_abs_diff": 0.011601567268371582,
          "teacher_rms": 0.0035652033313959977,
          "student_rms": 0.0053326078608485795
        },
        "action.z": {
          "mse": 0.0020968509488739073,
          "nmse": 0.08910249635073829,
          "max_abs_diff": 0.087890625,
          "teacher_rms": 0.1534047631236765,
          "student_rms": 0.1436810733840138
        }
      },
      "variant": "midgray",
      "seed": 20260607,
      "action_size": 112
    },
    {
      "mse": 0.00457553172838651,
      "nmse": 0.05344776594714596,
      "rmse": 0.06764267682747711,
      "relative_rmse": 0.23118772879879668,
      "cosine": 0.9905357585904074,
      "max_abs_diff": 0.3203125,
      "teacher_rms": 0.29258766102740136,
      "student_rms": 0.23538712693086492,
      "per_key": {
        "action.gripper": {
          "mse": 0.024616394191980362,
          "nmse": 0.06407204401171426,
          "max_abs_diff": 0.3203125,
          "teacher_rms": 0.6198376170718465,
          "student_rms": 0.48067395901885673
        },
        "action.pitch": {
          "mse": 3.918077969122802e-06,
          "nmse": 0.6022792956336637,
          "max_abs_diff": 0.0046791136264801025,
          "teacher_rms": 0.0025505718968358917,
          "student_rms": 0.003213862161356934
        },
        "action.roll": {
          "mse": 1.2770687246380086e-05,
          "nmse": 0.26249355309472006,
          "max_abs_diff": 0.005238562822341919,
          "teacher_rms": 0.006975057848554476,
          "student_rms": 0.004707900212804902
        },
        "action.x": {
          "mse": 0.0005094134394312277,
          "nmse": 0.016320544893574554,
          "max_abs_diff": 0.0308990478515625,
          "teacher_rms": 0.17667205960698193,
          "student_rms": 0.1729073664858052
        },
        "action.y": {
          "mse": 0.005664310083375312,
          "nmse": 0.048212368205880235,
          "max_abs_diff": 0.13916015625,
          "teacher_rms": 0.3427632702360215,
          "student_rms": 0.273064026699053
        },
        "action.yaw": {
          "mse": 3.0205315783848885e-05,
          "nmse": 0.5507881024797351,
          "max_abs_diff": 0.011601567268371582,
          "teacher_rms": 0.0074054152306573355,
          "student_rms": 0.006256057143020577
        },
        "action.z": {
          "mse": 0.0011917103029193132,
          "nmse": 0.01798959223732257,
          "max_abs_diff": 0.069580078125,
          "teacher_rms": 0.2573799352488433,
          "student_rms": 0.22862565526853668
        }
      },
      "variant": "noise",
      "seed": 20260608,
      "action_size": 112
    }
  ],
  "summary": {
    "observations": 3,
    "mse": {
      "mean": 0.025265916820315485,
      "max": 0.0697878976223636,
      "min": 0.0014343211101963463
    },
    "nmse": {
      "mean": 0.15554385297417253,