{
  "label": "fp16_official",
  "writes": 237,
  "get_action_seconds": {
    "count": 11775,
    "mean": 0.054804113348768016,
    "min": 0.05057017132639885,
    "max": 2.2083982676267624,
    "p50": 0.0515364408493042,
    "p90": 0.0675278589129448,
    "p99": 0.07396957218647005
  },
  "extra": {
    "server_memory": {
      "allocated_bytes": 5476782080,
      "reserved_bytes": 5804916736,
      "max_allocated_bytes": 5682666496,
      "max_reserved_bytes": 5804916736
    },
    "lossless_cache_stats": {}
  }
}