{
  "label": "n17_fp16",
  "writes": 25,
  "get_action_seconds": {
    "count": 23,
    "mean": 0.43063647138035815,
    "min": 0.056520361453294754,
    "max": 6.741563126444817,
    "p50": 0.0977005660533905,
    "p90": 0.18622004911303522,
    "p99": 5.4742623500526015
  },
  "extra": {
    "server_memory": {
      "allocated_mib": 6023,
      "reserved_mib": 6218,
      "max_allocated_mib": 6092,
      "max_reserved_mib": 6218
    },
    "compile_step_window_fallback": {
      "enabled": true,
      "step_start": 0,
      "step_end": 15,
      "request_index": 23,
      "compiled_requests": 8,
      "eager_requests": 15,
      "eager_fraction": 0.6521739130434783,
      "last_mode": "compiled"
    }
  }
}