{
  "label": "n17_fp16",
  "writes": 28,
  "get_action_seconds": {
    "count": 26,
    "mean": 0.36413783064255345,
    "min": 0.05642995983362198,
    "max": 7.132289439439774,
    "p50": 0.08673099987208843,
    "p90": 0.16308037377893925,
    "p99": 5.39581682626158
  },
  "extra": {
    "server_memory": {
      "allocated_mib": 6023,
      "reserved_mib": 6218,
      "max_allocated_mib": 6093,
      "max_reserved_mib": 6218
    },
    "compile_step_window_fallback": {
      "enabled": true,
      "step_start": 10,
      "step_end": 20,
      "request_index": 26,
      "compiled_requests": 16,
      "eager_requests": 10,
      "eager_fraction": 0.38461538461538464,
      "last_mode": "compiled"
    }
  }
}