{
  "label": "fp16_official",
  "writes": 203,
  "get_action_seconds": {
    "count": 10084,
    "mean": 0.06878202061809065,
    "min": 0.06633367389440536,
    "max": 1.3583597466349602,
    "p50": 0.06736178323626518,
    "p90": 0.07344738356769086,
    "p99": 0.08140989478677511
  },
  "extra": {
    "server_memory": {
      "allocated_bytes": 5476782080,
      "reserved_bytes": 5807013888,
      "max_allocated_bytes": 5682666496,
      "max_reserved_bytes": 5807013888
    },
    "lossless_cache_stats": {}
  }
}