{
  "label": "n17_fp16",
  "writes": 30,
  "get_action_seconds": {
    "count": 28,
    "mean": 0.364422992270972,
    "min": 0.05704476684331894,
    "max": 6.550157122313976,
    "p50": 0.10542528331279755,
    "p90": 0.18606698438525202,
    "p99": 5.033618477247658
  },
  "extra": {
    "server_memory": {
      "allocated_mib": 6023,
      "reserved_mib": 6218,
      "max_allocated_mib": 6093,
      "max_reserved_mib": 6218
    },
    "compile_step_window_fallback": {
      "enabled": true,
      "step_start": 0,
      "step_end": 10,
      "request_index": 28,
      "compiled_requests": 18,
      "eager_requests": 10,
      "eager_fraction": 0.35714285714285715,
      "last_mode": "compiled"
    }
  }
}