{
  "label": "n17_fp16",
  "writes": 33,
  "get_action_seconds": {
    "count": 31,
    "mean": 0.3369795156102027,
    "min": 0.05473418906331062,
    "max": 6.660190138965845,
    "p50": 0.09638888016343117,
    "p90": 0.14176705852150917,
    "p99": 4.964809129387136
  },
  "extra": {
    "server_memory": {
      "allocated_mib": 6023,
      "reserved_mib": 6218,
      "max_allocated_mib": 6092,
      "max_reserved_mib": 6218
    },
    "compile_step_window_fallback": {
      "enabled": true,
      "step_start": 0,
      "step_end": 15,
      "request_index": 31,
      "compiled_requests": 16,
      "eager_requests": 15,
      "eager_fraction": 0.4838709677419355,
      "last_mode": "compiled"
    }
  }
}