{
  "label": "fp16_official",
  "writes": 19,
  "get_action_seconds": {
    "count": 873,
    "mean": 0.12139426924518704,
    "min": 0.0700150690972805,
    "max": 1.5266279801726341,
    "p50": 0.1247650682926178,
    "p90": 0.1479446291923523,
    "p99": 0.17248464152216902
  },
  "extra": {
    "server_memory": {
      "allocated_bytes": 5476782080,
      "reserved_bytes": 5807013888,
      "max_allocated_bytes": 5682666496,
      "max_reserved_bytes": 5807013888
    }
  }
}