{
  "boundary": "focused eager-controlled same-observation replay around suspected compile drift spike",
  "model_path": "/root/autodl-tmp/models/gr00t-n1.5-libero-long-posttrain",
  "task_suite_name": "libero_10",
  "case_list": "6:8",
  "focus_policy_steps": [
    253
  ],
  "seed_offsets": [
    -2,
    0,
    2
  ],
  "repeats": 2,
  "warmup_repeats": 1,
  "denoising_steps": 8,
  "num_steps_wait": 10,
  "max_policy_steps": 254,
  "base_seed": 20260613,
  "torch_version": "2.8.0+cu128",
  "torch_cuda": "12.8",
  "cuda_device_capability": [
    12,
    0
  ],
  "device": "cuda",
  "model_load_seconds": 11.37385967373848,
  "torch_compile": {
    "enabled": true,
    "target": "action_head_model",
    "backend": "inductor",
    "mode": "reduce-overhead",
    "fullgraph": false,
    "dynamic": null,
    "cudagraph_mark_step": false,
    "cudagraph_mark_step_modules": [],
    "compiled_modules": [
      "policy.model.action_head.model"
    ],
    "eager_island_modules": [],
    "wrap_seconds": 1.363647986203432
  },
  "case_summaries": [
    {
      "task_id": 6,
      "task_description": "put the white mug on the plate and put the chocolate pudding to the right of the plate",
      "init_index": 8,
      "success_before_window_end": false,
      "exception": null,
      "drive_policy_steps": 254,
      "elapsed_seconds": 38.11360168084502,
      "focus_steps_observed": [
        253
      ],
      "focus_record_summary": {
        "samples": 6,
        "continuous_max_abs": {
          "count": 6,
          "mean": 0.018906593322753906,
          "min": 0.000457763671875,
          "max": 0.054931640625,
          "p50": 0.0013303756713867188,
          "p90": 0.054931640625,
          "p99": 0.054931640625
        },
        "continuous_l2": {
          "count": 6,
          "mean": 0.026509002706260793,
          "min": 0.0005652971185495148,
          "max": 0.0773857710423978,
          "p50": 0.0015759399578350534,
          "p90": 0.0773857710423978,
          "p99": 0.0773857710423978
        },
        "eager_get_action_seconds": {
          "count": 6,
          "mean": 0.1651134335746368,
          "min": 0.10285158827900887,
          "max": 0.32367097213864326,
          "p50": 0.13040471076965332,
          "p90": 0.1678350269794464,
          "p99": 0.32367097213864326
        },
        "compiled_get_action_seconds": {
          "count": 6,
          "mean": 0.05762128904461861,
          "min": 0.05224767327308655,
          "max": 0.0692138671875,
          "p50": 0.05417386814951897,
          "p90": 0.06103415787220001,
          "p99": 0.0692138671875
        },
        "compiled_over_eager_time": {
          "count": 6,
          "mean": 0.4038307038603823,
          "min": 0.16398445688378163,
          "max": 0.5934196923301822,
          "p50": 0.39062933062595034,
          "p90": 0.530762016026854,
          "p99": 0.5934196923301822
        },
        "same_seed_repeat_span": {
          "count": 18,
          "mean": 0.0,
          "min": 0.0,
          "max": 0.0,
          "p50": 0.0,
          "p90": 0.0,
          "p99": 0.0
        },
        "top_record": {
          "policy_step": 253,
          "nominal_seed": 20868866,
          "denoising_seed": 20868866,
          "seed_offset": 0,
          "repeat": 0,
          "raw_diff": {
            "x": 0.054931640625,
            "y": -0.0059223175048828125,
            "z": 0.0423431396484375,
            "roll": -0.0034050792455673218,
            "pitch": 0.03363123536109924,
            "yaw": -0.0006344616413116455,
            "gripper": -0.001953125
          },
          "continuous_l2": 0.0773857710423978,
          "continuous_max_abs": 0.054931640625,
          "max_dim": "x",
          "eager_raw_action": {
            "action.x": -0.09050440788269043,
            "action.y": -0.02038097381591797,
            "action.z": -0.14427709579467773,
            "action.roll": 0.015276774764060974,
            "action.pitch": 0.029131770133972168,
            "action.yaw": -0.027124494314193726,
            "action.gripper": 0.005848705768585205
          },
          "compiled_raw_action": {
            "action.x": -0.03557276725769043,
            "action.y": -0.02630329132080078,
            "action.z": -0.10193395614624023,
            "action.roll": 0.011871695518493652,
            "action.pitch": 0.06276300549507141,
            "action.yaw": -0.02775895595550537,
            "action.gripper": 0.003895580768585205
          },
          "eager_libero_action": [
            -0.09050440788269043,
            -0.02038097381591797,
            -0.14427709579467773,
            0.015276774764060974,
            0.029131770133972168,
            -0.027124494314193726,
            1.0
          ],
          "compiled_libero_action": [
            -0.03557276725769043,
            -0.02630329132080078,
            -0.10193395614624023,
            0.011871695518493652,
            0.06276300549507141,
            -0.02775895595550537,
            1.0
          ],
          "raw_action_metrics": {
            "mse": 0.03995637361883434,
            "nmse": 0.42751723991882024,
            "rmse": 0.1998909042924023,
            "relative_rmse": 0.6538480250936147,
            "cosine": 0.8381997054429784,
            "max_abs_diff": 0.9930419921875,
            "teacher_rms": 0.30571462575540076,
            "student_rms": 0.3665175850373212,
            "per_key": {
              "action.gripper": {
                "mse": 0.2441125343764271,
                "nmse": 0.3951007495620773,
                "max_abs_diff": 0.9930419921875,
                "teacher_rms": 0.7860336037808976,
                "student_rms": 0.9300501035376327
              },
              "action.pitch": {
                "mse": 0.0005689500988790286,
                "nmse": 0.22692214204808234,
                "max_abs_diff": 0.03363123536109924,
                "teacher_rms": 0.050072428073785355,
                "student_rms": 0.043340228774259394
              },
              "action.roll": {
                "mse": 0.00010492403612148704,
                "nmse": 0.6977117254989867,
                "max_abs_diff": 0.01568293571472168,
                "teacher_rms": 0.012263077793692678,
                "student_rms": 0.012299456072218056
              },
              "action.x": {
                "mse": 0.006635463942359809,
                "nmse": 7.158425153781548,
                "max_abs_diff": 0.2277374267578125,
                "teacher_rms": 0.030445765815558568,
                "student_rms": 0.0776476489039374
              },
              "action.y": {
                "mse": 0.0006369195730826505,
                "nmse": 1.6216598831804587,
                "max_abs_diff": 0.04108428955078125,
                "teacher_rms": 0.019818118051252904,
                "student_rms": 0.032592373262968696
              },
              "action.yaw": {
                "mse": 6.823641213316023e-05,
                "nmse": 0.06071990733746498,
                "max_abs_diff": 0.01812744140625,
                "teacher_rms": 0.033522974116017665,
                "student_rms": 0.037590252391544586
              },
              "action.z": {
                "mse": 0.027567586892837115,
                "nmse": 0.8813145428311167,
                "max_abs_diff": 0.2801514267921448,
                "teacher_rms": 0.17686174586274273,
                "student_rms": 0.25459514253184207
              }
            }
          },
          "libero_action_metrics": {
            "rmse": 0.0292490721704526,
            "max_abs_diff": 0.054931640625,
            "l2": 0.0773857710423978,
            "eager_l2": 1.0154999214086426,
            "compiled_l2": 1.008562594968353,