{
  "label": "n17_fp16",
  "writes": 29,
  "get_action_seconds": {
    "count": 27,
    "mean": 0.3753600094329428,
    "min": 0.057884104549884796,
    "max": 7.563205309212208,
    "p50": 0.07917331159114838,
    "p90": 0.1645935989916325,
    "p99": 5.645286415815342
  },
  "extra": {
    "server_memory": {
      "allocated_mib": 6023,
      "reserved_mib": 6218,
      "max_allocated_mib": 6092,
      "max_reserved_mib": 6218
    },
    "compile_step_window_fallback": {
      "enabled": true,
      "step_start": 20,
      "step_end": 50,
      "request_index": 27,
      "compiled_requests": 20,
      "eager_requests": 7,
      "eager_fraction": 0.25925925925925924,
      "last_mode": "eager"
    }
  }
}