{
  "label": "n17_fp16",
  "writes": 37,
  "get_action_seconds": {
    "count": 35,
    "mean": 0.27971945575305396,
    "min": 0.05417035147547722,
    "max": 7.103889085352421,
    "p50": 0.07053640112280846,
    "p90": 0.10640859827399254,
    "p99": 4.769648075476265
  },
  "extra": {
    "server_memory": {
      "allocated_mib": 6023,
      "reserved_mib": 6218,
      "max_allocated_mib": 6092,
      "max_reserved_mib": 6218
    }
  }
}