{
  "label": "n17_fp16",
  "writes": 92,
  "get_action_seconds": {
    "count": 90,
    "mean": 0.17642709815667734,
    "min": 0.05474555864930153,
    "max": 6.407985202968121,
    "p50": 0.08807487413287163,
    "p90": 0.16600020341575158,
    "p99": 1.4471838435158102
  },
  "extra": {
    "server_memory": {
      "allocated_mib": 6023,
      "reserved_mib": 6216,
      "max_allocated_mib": 6090,
      "max_reserved_mib": 6216
    },
    "compile_step_window_fallback": {
      "enabled": true,
      "step_start": 0,
      "step_end": 30,
      "request_index": 90,
      "compiled_requests": 60,
      "eager_requests": 30,
      "eager_fraction": 0.3333333333333333,
      "last_mode": "compiled"
    }
  }
}