{
  "task_suite_name": "libero_10",
  "port": 5633,
  "total_episodes": 2,
  "total_successes": 1,
  "success_rate": 0.5,
  "deterministic_policy_seeds": true,
  "policy_seed_base": 20260613,
  "policy_latency_seconds": {
    "count": 1395,
    "mean": 0.09463302289072331,
    "min": 0.056526873260736465,
    "max": 2.4335586316883564,
    "p50": 0.0726243108510971,
    "p90": 0.15724842697381974,
    "p99": 0.2008675019443035
  },
  "policy_breakdown_seconds": {
    "gripper_oracle_remote_get_action_seconds": {
      "count": 1395,
      "mean": 0.0,
      "min": 0.0,
      "max": 0.0,
      "p50": 0.0,
      "p90": 0.0,
      "p99": 0.0
    },
    "oracle_remote_get_action_seconds": {
      "count": 1395,
      "mean": 0.0,
      "min": 0.0,
      "max": 0.0,
      "p50": 0.0,
      "p90": 0.0,
      "p99": 0.0
    },
    "policy_total_seconds": {
      "count": 1395,
      "mean": 0.09463302289072331,
      "min": 0.056526873260736465,
      "max": 2.4335586316883564,
      "p50": 0.0726243108510971,
      "p90": 0.15724842697381974,
      "p99": 0.2008675019443035
    },
    "postprocess_seconds": {
      "count": 1395,
      "mean": 9.679608447577364e-05,
      "min": 3.711879253387451e-05,
      "max": 0.0021163783967494965,
      "p50": 9.367987513542175e-05,
      "p90": 0.00011387318372726441,
      "p99": 0.00014430359005928036
    },
    "preprocess_seconds": {
      "count": 1395,
      "mean": 0.00010095949294746564,
      "min": 3.849714994430542e-05,
      "max": 0.0006716512143611908,
      "p50": 0.00010139867663383484,
      "p90": 0.00011416301131248475,
      "p99": 0.00014510132372379302
    },
    "primary_remote_get_action_seconds": {
      "count": 1395,
      "mean": 0.09443118408803017,
      "min": 0.056341949850320816,
      "max": 2.4334222972393036,
      "p50": 0.07238279655575752,
      "p90": 0.1570279225707054,
      "p99": 0.20067432813346384
    },
    "remote_get_action_seconds": {
      "count": 1395,
      "mean": 0.09443118408803017,
      "min": 0.056341949850320816,
      "max": 2.4334222972393036,
      "p50": 0.07238279655575752,
      "p90": 0.1570279225707054,
      "p99": 0.20067432813346384
    }
  },
  "action_perturbation": {
    "keys": [],
    "amplitude": 0.0,
    "sign": 1.0,
    "normalize_by_num_keys": true,
    "step_start": null,
    "step_end": null,
    "clip": true
  },
  "episodes": [
    {
      "episode_index": 1,
      "task_id": 4,
      "init_index": 9,
      "success": false,
      "deterministic_policy_seeds": true,
      "policy_seed_base": 20260613,
      "policy_latency_seconds": {
        "count": 991,
        "mean": 0.09502674867403736,
        "min": 0.05667846277356148,
        "max": 2.4335586316883564,
        "p50": 0.07224459946155548,
        "p90": 0.15881744027137756,
        "p99": 0.2054394144564877
      },
      "policy_breakdown_seconds": {
        "gripper_oracle_remote_get_action_seconds": {
          "count": 991,
          "mean": 0.0,
          "min": 0.0,
          "max": 0.0,
          "p50": 0.0,
          "p90": 0.0,
          "p99": 0.0
        },
        "oracle_remote_get_action_seconds": {
          "count": 991,
          "mean": 0.0,
          "min": 0.0,
          "max": 0.0,
          "p50": 0.0,
          "p90": 0.0,
          "p99": 0.0
        },
        "policy_total_seconds": {
          "count": 991,
          "mean": 0.09502674867403736,
          "min": 0.05667846277356148,
          "max": 2.4335586316883564,
          "p50": 0.07224459946155548,
          "p90": 0.15881744027137756,
          "p99": 0.2054394144564877
        },
        "postprocess_seconds": {
          "count": 991,
          "mean": 9.517154001323534e-05,
          "min": 3.8117170333862305e-05,
          "max": 0.0004098750650882721,
          "p50": 9.381398558616638e-05,
          "p90": 0.0001136884093284607,
          "p99": 0.00014513768255710604
        },
        "preprocess_seconds": {
          "count": 991,
          "mean": 0.00010228502506805598,
          "min": 4.063546657562256e-05,
          "max": 0.0006716512143611908,
          "p50": 0.00010187551379203796,
          "p90": 0.00011479854583740234,
          "p99": 0.00015023052692413332
        },
        "primary_remote_get_action_seconds": {
          "count": 991,
          "mean": 0.0948251098672569,
          "min": 0.056480925530195236,
          "max": 2.4334222972393036,
          "p50": 0.07205495610833168,
          "p90": 0.15861394628882408,
          "p99": 0.2052414670586596
        },
        "remote_get_action_seconds": {
          "count": 991,
          "mean": 0.0948251098672569,
          "min": 0.056480925530195236,
          "max": 2.4334222972393036,
          "p50": 0.07205495610833168,
          "p90": 0.15861394628882408,
          "p99": 0.2052414670586596
        }
      },
      "action_perturbation": {
        "keys": [],
        "amplitude": 0.0,
        "sign": 1.0,
        "normalize_by_num_keys": true,
        "step_start": null,
        "step_end": null,
        "clip": true
      }
    },
    {
      "episode_index": 2,
      "task_id": 6,
      "init_index": 8,
      "success": true,
      "deterministic_policy_seeds": true,
      "policy_seed_base": 20260613,
      "policy_latency_seconds": {
        "count": 404,
        "mean": 0.0936672252390792,
        "min": 0.056526873260736465,
        "max": 0.2818825803697109,
        "p50": 0.07324630953371525,
        "p90": 0.1537965830415487,
        "p99": 0.19919993814080925
      },
      "policy_breakdown_seconds": {
        "gripper_oracle_remote_get_action_seconds": {
          "count": 404,
          "mean": 0.0,
          "min": 0.0,
          "max": 0.0,
          "p50": 0.0,
          "p90": 0.0,
          "p99": 0.0
        },
        "oracle_remote_get_action_seconds": {
          "count": 404,
          "mean": 0.0,
          "min": 0.0,
          "max": 0.0,
          "p50": 0.0,
          "p90": 0.0,
          "p99": 0.0
        },
        "policy_total_seconds": {
          "count": 404,
          "mean": 0.0936672252390792,
          "min": 0.056526873260736465,
          "max": 0.2818825803697109,
          "p50": 0.07324630953371525,
          "p90": 0.1537965830415487,
          "p99": 0.19919993814080925
        },
        "postprocess_seconds": {
          "count": 404,
          "mean": 0.00010078104378858415,
          "min": 3.711879253387451e-05,
          "max": 0.0021163783967494965,
          "p50": 9.31713730096817e-05,
          "p90": 0.00011521875858306883,
          "p99": 0.00014092504978179928
        },
        "preprocess_seconds": {
          "count": 404,
          "mean": 9.770800202789873e-05,
          "min": 3.849714994430542e-05,
          "max": 0.0001916438341140747,
          "p50": 9.997747838497162e-05,
          "p90": 0.00011357590556144714,
          "p99": 0.00013284444808959957
        },
        "primary_remote_get_action_seconds": {
          "count": 404,
          "mean": 0.09346489585235272,
          "min": 0.056341949850320816,
          "max": 0.2817200981080532,
          "p50": 0.0730519387871027,
          "p90": 0.15359076298773286,
          "p99": 0.1989723450317976
        },
        "remote_get_action_seconds": {
          "count": 404,
          "mean": 0.09346489585235272,
          "min": 0.056341949850320816,
          "max": 0.2817200981080532,
          "p50": 0.0730519387871027,
          "p90": 0.15359076298773286,
          "p99": 0.1989723450317976
        }
      },
      "action_perturbation": {
        "keys": [],
        "amplitude": 0.0,
        "sign": 1.0,
        "normalize_by_num_keys": true,
        "step_start": null,
        "step_end": null,
        "clip": true
      }
    }
  ]
}