{
  "label": "n17_fp16",
  "writes": 36,
  "get_action_seconds": {
    "count": 34,
    "mean": 0.3019663590718718,
    "min": 0.05484501272439957,
    "max": 7.173531733453274,
    "p50": 0.08538427203893661,
    "p90": 0.15425859466195108,
    "p99": 4.859042823985231
  },
  "extra": {
    "server_memory": {
      "allocated_mib": 6023,
      "reserved_mib": 6216,
      "max_allocated_mib": 6090,
      "max_reserved_mib": 6216
    },
    "compile_step_window_fallback": {
      "enabled": true,
      "step_start": 10,
      "step_end": 20,
      "request_index": 34,
      "compiled_requests": 24,
      "eager_requests": 10,
      "eager_fraction": 0.29411764705882354,
      "last_mode": "compiled"
    }
  }
}