{
  "task_suite_name": "libero_10",
  "port": 5596,
  "total_episodes": 1,
  "total_successes": 0,
  "success_rate": 0.0,
  "deterministic_policy_seeds": true,
  "policy_seed_base": 20260613,
  "policy_latency_seconds": {
    "count": 991,
    "mean": 0.10370597440662947,
    "min": 0.0719183161854744,
    "max": 0.19019855186343193,
    "p50": 0.08105196803808212,
    "p90": 0.14893504232168198,
    "p99": 0.1665210857987404
  },
  "policy_breakdown_seconds": {
    "policy_total_seconds": {
      "count": 991,
      "mean": 0.10370597440662947,
      "min": 0.0719183161854744,
      "max": 0.19019855186343193,
      "p50": 0.08105196803808212,
      "p90": 0.14893504232168198,
      "p99": 0.1665210857987404
    },
    "postprocess_seconds": {
      "count": 991,
      "mean": 9.708549718322715e-05,
      "min": 3.666430711746216e-05,
      "max": 0.0004890970885753632,
      "p50": 9.658932685852051e-05,
      "p90": 0.00010932236909866333,
      "p99": 0.0001409031450748451
    },
    "preprocess_seconds": {
      "count": 991,
      "mean": 0.00010797844149029459,
      "min": 3.651157021522522e-05,
      "max": 0.0005705095827579498,
      "p50": 0.00010588392615318298,
      "p90": 0.00011841952800750732,
      "p99": 0.0003500934690237048
    },
    "remote_get_action_seconds": {
      "count": 991,
      "mean": 0.10349803715267648,
      "min": 0.0717242956161499,
      "max": 0.19008387625217438,
      "p50": 0.08087137341499329,
      "p90": 0.14872263371944427,
      "p99": 0.16630209013819694
    }
  },
  "episodes": [
    {
      "episode_index": 1,
      "task_id": 6,
      "init_index": 8,
      "success": false,
      "deterministic_policy_seeds": true,
      "policy_seed_base": 20260613,
      "policy_latency_seconds": {
        "count": 991,
        "mean": 0.10370597440662947,
        "min": 0.0719183161854744,
        "max": 0.19019855186343193,
        "p50": 0.08105196803808212,
        "p90": 0.14893504232168198,
        "p99": 0.1665210857987404
      },
      "policy_breakdown_seconds": {
        "policy_total_seconds": {
          "count": 991,
          "mean": 0.10370597440662947,
          "min": 0.0719183161854744,
          "max": 0.19019855186343193,
          "p50": 0.08105196803808212,
          "p90": 0.14893504232168198,
          "p99": 0.1665210857987404
        },
        "postprocess_seconds": {
          "count": 991,
          "mean": 9.708549718322715e-05,
          "min": 3.666430711746216e-05,
          "max": 0.0004890970885753632,
          "p50": 9.658932685852051e-05,
          "p90": 0.00010932236909866333,
          "p99": 0.0001409031450748451
        },
        "preprocess_seconds": {
          "count": 991,
          "mean": 0.00010797844149029459,
          "min": 3.651157021522522e-05,
          "max": 0.0005705095827579498,
          "p50": 0.00010588392615318298,
          "p90": 0.00011841952800750732,
          "p99": 0.0003500934690237048
        },
        "remote_get_action_seconds": {
          "count": 991,
          "mean": 0.10349803715267648,
          "min": 0.0717242956161499,
          "max": 0.19008387625217438,
          "p50": 0.08087137341499329,
          "p90": 0.14872263371944427,
          "p99": 0.16630209013819694
        }
      }
    }
  ]
}