{
  "label": "n17_fp16",
  "writes": 30,
  "get_action_seconds": {
    "count": 28,
    "mean": 0.3469319375497954,
    "min": 0.05619866028428078,
    "max": 6.839424096047878,
    "p50": 0.09583649225533009,
    "p90": 0.1676052574068308,
    "p99": 5.051863784827295
  },
  "extra": {
    "server_memory": {
      "allocated_mib": 6023,
      "reserved_mib": 6218,
      "max_allocated_mib": 6092,
      "max_reserved_mib": 6218
    },
    "compile_step_window_fallback": {
      "enabled": true,
      "step_start": 5,
      "step_end": 20,
      "request_index": 28,
      "compiled_requests": 13,
      "eager_requests": 15,
      "eager_fraction": 0.5357142857142857,
      "last_mode": "compiled"
    }
  }
}