{
  "label": "n17_fp16",
  "writes": 30,
  "get_action_seconds": {
    "count": 28,
    "mean": 0.3487622837669083,
    "min": 0.05669184401631355,
    "max": 7.36988028138876,
    "p50": 0.08412359468638897,
    "p90": 0.13347908779978754,
    "p99": 5.4212781349569585
  },
  "extra": {
    "server_memory": {
      "allocated_mib": 6023,
      "reserved_mib": 6218,
      "max_allocated_mib": 6093,
      "max_reserved_mib": 6218
    },
    "compile_step_window_fallback": {
      "enabled": true,
      "step_start": 20,
      "step_end": 50,
      "request_index": 28,
      "compiled_requests": 20,
      "eager_requests": 8,
      "eager_fraction": 0.2857142857142857,
      "last_mode": "eager"
    }
  }
}