{
  "label": "n17_fp16",
  "writes": 26,
  "get_action_seconds": {
    "count": 24,
    "mean": 0.3878262123713891,
    "min": 0.057493746280670166,
    "max": 7.135338511317968,
    "p50": 0.09447904489934444,
    "p90": 0.12641350738704205,
    "p99": 5.529098799079653
  },
  "extra": {
    "server_memory": {
      "allocated_mib": 6023,
      "reserved_mib": 6218,
      "max_allocated_mib": 6092,
      "max_reserved_mib": 6218
    },
    "compile_step_window_fallback": {
      "enabled": true,
      "step_start": 10,
      "step_end": 30,
      "request_index": 24,
      "compiled_requests": 10,
      "eager_requests": 14,
      "eager_fraction": 0.5833333333333334,
      "last_mode": "eager"
    }
  }
}