{
  "label": "fp16_official",
  "writes": 21,
  "get_action_seconds": {
    "count": 991,
    "mean": 0.13856764097146382,
    "min": 0.08451084420084953,
    "max": 0.7960675396025181,
    "p50": 0.1467331163585186,
    "p90": 0.16353844478726387,
    "p99": 0.3974307589232923
  }
}