{
  "label": "n17_fp16",
  "writes": 34,
  "get_action_seconds": {
    "count": 32,
    "mean": 0.3172614328796044,
    "min": 0.05524169281125069,
    "max": 7.386570993810892,
    "p50": 0.09210268035531044,
    "p90": 0.13244309164583687,
    "p99": 5.14373271793128
  },
  "extra": {
    "server_memory": {
      "allocated_mib": 6023,
      "reserved_mib": 6218,
      "max_allocated_mib": 6093,
      "max_reserved_mib": 6218
    },
    "compile_step_window_fallback": {
      "enabled": true,
      "step_start": 5,
      "step_end": 15,
      "request_index": 32,
      "compiled_requests": 22,
      "eager_requests": 10,
      "eager_fraction": 0.3125,
      "last_mode": "compiled"
    }
  }
}