{
  "task_suite_name": "libero_10",
  "port": 5576,
  "total_episodes": 2,
  "total_successes": 1,
  "success_rate": 0.5,
  "policy_latency_seconds": {
    "count": 1209,
    "mean": 0.1555328377213628,
    "min": 0.0875668153166771,
    "max": 0.6436500623822212,
    "p50": 0.15999602898955345,
    "p90": 0.16829071789979935,
    "p99": 0.19425673753023148
  },
  "policy_breakdown_seconds": {
    "policy_total_seconds": {
      "count": 1209,
      "mean": 0.1555328377213628,
      "min": 0.0875668153166771,
      "max": 0.6436500623822212,
      "p50": 0.15999602898955345,
      "p90": 0.16829071789979935,
      "p99": 0.19425673753023148
    },
    "postprocess_seconds": {
      "count": 1209,
      "mean": 0.00010936693392379704,
      "min": 3.9108097553253174e-05,
      "max": 0.0007722824811935425,
      "p50": 0.00010460987687110901,
      "p90": 0.0001276455819606781,
      "p99": 0.00018795415759086716
    },
    "preprocess_seconds": {
      "count": 1209,
      "mean": 0.00010959503323308094,
      "min": 3.917887806892395e-05,
      "max": 0.00033130496740341187,
      "p50": 0.00010589137673377991,
      "p90": 0.00012863576412200928,
      "p99": 0.00018844261765480088
    },
    "remote_get_action_seconds": {
      "count": 1209,
      "mean": 0.15531073053998332,
      "min": 0.08748447149991989,
      "max": 0.6435026377439499,
      "p50": 0.15978090465068817,
      "p90": 0.16805970147252083,
      "p99": 0.1940202032029629
    }
  },
  "episodes": [
    {
      "episode_index": 1,
      "task_id": 6,
      "init_index": 3,
      "success": false,
      "policy_latency_seconds": {
        "count": 991,
        "mean": 0.15636480377477666,
        "min": 0.0875668153166771,
        "max": 0.6436500623822212,
        "p50": 0.1605290248990059,
        "p90": 0.1685507334768772,
        "p99": 0.1944500654935837
      },
      "policy_breakdown_seconds": {
        "policy_total_seconds": {
          "count": 991,
          "mean": 0.15636480377477666,
          "min": 0.0875668153166771,
          "max": 0.6436500623822212,
          "p50": 0.1605290248990059,
          "p90": 0.1685507334768772,
          "p99": 0.1944500654935837
        },
        "postprocess_seconds": {
          "count": 991,
          "mean": 0.00010863155141608145,
          "min": 3.9108097553253174e-05,
          "max": 0.0007722824811935425,
          "p50": 0.00010349974036216736,
          "p90": 0.000126570463180542,
          "p99": 0.00019167661666870175
        },
        "preprocess_seconds": {
          "count": 991,
          "mean": 0.00010818157318742678,
          "min": 3.917887806892395e-05,
          "max": 0.00033130496740341187,
          "p50": 0.00010402500629425049,
          "p90": 0.00012755021452903748,
          "p99": 0.00016892440617084504
        },
        "remote_get_action_seconds": {
          "count": 991,
          "mean": 0.15614480753058022,
          "min": 0.08748447149991989,
          "max": 0.6435026377439499,
          "p50": 0.16029119119048119,
          "p90": 0.16831232234835625,
          "p99": 0.19421517513692382
        }
      }
    },
    {
      "episode_index": 2,
      "task_id": 6,
      "init_index": 4,
      "success": true,
      "policy_latency_seconds": {
        "count": 218,
        "mean": 0.15175082690056857,
        "min": 0.08961812034249306,
        "max": 0.2013537473976612,
        "p50": 0.1581888049840927,
        "p90": 0.16762287877500057,
        "p99": 0.19205072574317442
      },
      "policy_breakdown_seconds": {
        "policy_total_seconds": {
          "count": 218,
          "mean": 0.15175082690056857,
          "min": 0.08961812034249306,
          "max": 0.2013537473976612,
          "p50": 0.1581888049840927,
          "p90": 0.16762287877500057,
          "p99": 0.19205072574317442
        },
        "postprocess_seconds": {
          "count": 218,
          "mean": 0.00011270988835107295,
          "min": 4.148110747337341e-05,
          "max": 0.00036422163248062134,
          "p50": 0.00011052750051021576,
          "p90": 0.00013052038848400117,
          "p99": 0.00017399188131093975
        },
        "preprocess_seconds": {
          "count": 218,
          "mean": 0.00011602044105529785,
          "min": 4.126504063606262e-05,
          "max": 0.00023786723613739014,
          "p50": 0.0001132618635892868,
          "p90": 0.00013411082327365877,
          "p99": 0.00020920149981975528
        },
        "remote_get_action_seconds": {
          "count": 218,
          "mean": 0.15151912366988463,
          "min": 0.08939646184444427,
          "max": 0.2011076807975769,
          "p50": 0.15797872841358185,
          "p90": 0.16738964878022672,
          "p99": 0.19181408204138264
        }
      }
    }
  ]
}