{
  "label": "n17_fp16",
  "writes": 30,
  "get_action_seconds": {
    "count": 28,
    "mean": 0.3588751623673098,
    "min": 0.05642036721110344,
    "max": 7.094718035310507,
    "p50": 0.09632004238665104,
    "p90": 0.16872471719980242,
    "p99": 5.234487120471898
  },
  "extra": {
    "server_memory": {
      "allocated_mib": 6023,
      "reserved_mib": 6216,
      "max_allocated_mib": 6090,
      "max_reserved_mib": 6216
    },
    "compile_step_window_fallback": {
      "enabled": true,
      "step_start": 10,
      "step_end": 25,
      "request_index": 28,
      "compiled_requests": 13,
      "eager_requests": 15,
      "eager_fraction": 0.5357142857142857,
      "last_mode": "compiled"
    }
  }
}