{
  "task_suite_name": "libero_10",
  "port": 5555,
  "total_episodes": 1,
  "total_successes": 0,
  "success_rate": 0.0,
  "deterministic_policy_seeds": true,
  "policy_seed_base": 20260613,
  "policy_latency_seconds": {
    "count": 991,
    "mean": 0.08339212365696577,
    "min": 0.053406722843647,
    "max": 0.2923450544476509,
    "p50": 0.06991047039628029,
    "p90": 0.14530209079384804,
    "p99": 0.16564696170389653
  },
  "policy_breakdown_seconds": {
    "gripper_oracle_remote_get_action_seconds": {
      "count": 991,
      "mean": 0.0,
      "min": 0.0,
      "max": 0.0,
      "p50": 0.0,
      "p90": 0.0,
      "p99": 0.0
    },
    "oracle_remote_get_action_seconds": {
      "count": 991,
      "mean": 0.0,
      "min": 0.0,
      "max": 0.0,
      "p50": 0.0,
      "p90": 0.0,
      "p99": 0.0
    },
    "policy_total_seconds": {
      "count": 991,
      "mean": 0.08339212365696577,
      "min": 0.053406722843647,
      "max": 0.2923450544476509,
      "p50": 0.06991047039628029,
      "p90": 0.14530209079384804,
      "p99": 0.16564696170389653
    },
    "postprocess_seconds": {
      "count": 991,
      "mean": 9.126321052686959e-05,
      "min": 4.186108708381653e-05,
      "max": 0.0003607124090194702,
      "p50": 8.791685104370117e-05,
      "p90": 0.0001045912504196167,
      "p99": 0.00013964958488941193
    },
    "preprocess_seconds": {
      "count": 991,
      "mean": 9.877068920044077e-05,
      "min": 4.8179179430007935e-05,
      "max": 0.0002743452787399292,
      "p50": 9.59634780883789e-05,
      "p90": 0.00011315196752548218,
      "p99": 0.00012801997363567354
    },
    "primary_remote_get_action_seconds": {
      "count": 991,
      "mean": 0.08319802199209374,
      "min": 0.053213685750961304,
      "max": 0.2921360284090042,
      "p50": 0.06970753148198128,
      "p90": 0.14515509828925133,
      "p99": 0.1654557701200247
    },
    "remote_get_action_seconds": {
      "count": 991,
      "mean": 0.08319802199209374,
      "min": 0.053213685750961304,
      "max": 0.2921360284090042,
      "p50": 0.06970753148198128,
      "p90": 0.14515509828925133,
      "p99": 0.1654557701200247
    }
  },
  "action_perturbation": {
    "keys": [
      "y"
    ],
    "amplitude": 0.03,
    "sign": 1.0,
    "normalize_by_num_keys": true,
    "step_start": 75,
    "step_end": 150,
    "clip": true
  },
  "episodes": [
    {
      "episode_index": 1,
      "task_id": 4,
      "init_index": 9,
      "success": false,
      "deterministic_policy_seeds": true,
      "policy_seed_base": 20260613,
      "policy_latency_seconds": {
        "count": 991,
        "mean": 0.08339212365696577,
        "min": 0.053406722843647,
        "max": 0.2923450544476509,
        "p50": 0.06991047039628029,
        "p90": 0.14530209079384804,
        "p99": 0.16564696170389653
      },
      "policy_breakdown_seconds": {
        "gripper_oracle_remote_get_action_seconds": {
          "count": 991,
          "mean": 0.0,
          "min": 0.0,
          "max": 0.0,
          "p50": 0.0,
          "p90": 0.0,
          "p99": 0.0
        },
        "oracle_remote_get_action_seconds": {
          "count": 991,
          "mean": 0.0,
          "min": 0.0,
          "max": 0.0,
          "p50": 0.0,
          "p90": 0.0,
          "p99": 0.0
        },
        "policy_total_seconds": {
          "count": 991,
          "mean": 0.08339212365696577,
          "min": 0.053406722843647,
          "max": 0.2923450544476509,
          "p50": 0.06991047039628029,
          "p90": 0.14530209079384804,
          "p99": 0.16564696170389653
        },
        "postprocess_seconds": {
          "count": 991,
          "mean": 9.126321052686959e-05,
          "min": 4.186108708381653e-05,
          "max": 0.0003607124090194702,
          "p50": 8.791685104370117e-05,
          "p90": 0.0001045912504196167,
          "p99": 0.00013964958488941193
        },
        "preprocess_seconds": {
          "count": 991,
          "mean": 9.877068920044077e-05,
          "min": 4.8179179430007935e-05,
          "max": 0.0002743452787399292,
          "p50": 9.59634780883789e-05,
          "p90": 0.00011315196752548218,
          "p99": 0.00012801997363567354
        },
        "primary_remote_get_action_seconds": {
          "count": 991,
          "mean": 0.08319802199209374,
          "min": 0.053213685750961304,
          "max": 0.2921360284090042,
          "p50": 0.06970753148198128,
          "p90": 0.14515509828925133,
          "p99": 0.1654557701200247
        },
        "remote_get_action_seconds": {
          "count": 991,
          "mean": 0.08319802199209374,
          "min": 0.053213685750961304,
          "max": 0.2921360284090042,
          "p50": 0.06970753148198128,
          "p90": 0.14515509828925133,
          "p99": 0.1654557701200247
        }
      },
      "action_perturbation": {
        "keys": [
          "y"
        ],
        "amplitude": 0.03,
        "sign": 1.0,
        "normalize_by_num_keys": true,
        "step_start": 75,
        "step_end": 150,
        "clip": true
      }
    }
  ]
}