{
  "boundary": "CUTLASS dense fp16/bf16 module replacement get_action smoke; not FP4 quantized yet",
  "torch_version": "2.8.0+cu128",
  "torch_cuda": "12.8",
  "cuda_available": true,
  "device": "cuda",
  "scope": "llm_dit_mlp",
  "scope_description": "Phase 5-compatible full selected scope: LLM attention, LLM MLP, and DiT MLP",
  "denoising_steps": 8,
  "num_observations": 1,
  "load_seconds": 12.221938610076904,
  "teacher_seconds": 0.5212571173906326,
  "patch_seconds": 0.0064600929617881775,
  "cold_student_seconds": 75.2817894294858,
  "warm_student_seconds": 0.09846331551671028,
  "cold_student_over_teacher_time": 144.423523282214,
  "warm_student_over_teacher_time": 0.18889586776216888,
  "patched_modules": 116,
  "patch_summary": {
    "modules": 116,
    "by_family": {
      "dit_mlp": 32,
      "llm_attn": 48,
      "llm_mlp": 36
    }
  },
  "cutlass_cache": {
    "compiled_shapes": 5,
    "keys": [
      [
        551,
        2048,
        2048,
        64,
        128,
        "64"
      ],
      [
        551,
        2048,
        1024,
        64,
        128,
        "64"
      ],
      [
        551,
        2048,
        6144,
        64,
        128,
        "64"
      ],
      [
        551,
        6144,
        2048,
        64,
        128,
        "64"
      ],
      [
        49,
        6144,
        1536,
        64,
        128,
        "64"
      ]
    ],
    "compile_seconds": {
      "(551, 2048, 2048, 64, 128, 64, 'torch.bfloat16')": 15.106620505452156,
      "(551, 2048, 1024, 64, 128, 64, 'torch.bfloat16')": 14.91087844222784,
      "(551, 2048, 6144, 64, 128, 64, 'torch.bfloat16')": 14.859195936471224,
      "(551, 6144, 2048, 64, 128, 64, 'torch.bfloat16')": 14.924740847200155,
      "(49, 6144, 1536, 64, 128, 64, 'torch.bfloat16')": 14.796075645834208
    }
  },
  "comparisons": [
    {
      "mse": 4.4892544530780333e-07,
      "nmse": 9.158200416331215e-06,
      "rmse": 0.0006700189887665896,
      "relative_rmse": 0.003026251875890574,
      "cosine": 0.9999955418359014,
      "max_abs_diff": 0.002685546875,
      "teacher_rms": 0.22140225475099115,
      "student_rms": 0.22151097620766869,
      "per_key": {
        "action.gripper": {
          "mse": 5.812216841150075e-07,
          "nmse": 0.012054808855596958,
          "max_abs_diff": 0.002685546875,
          "teacher_rms": 0.006943696658045297,
          "student_rms": 0.006872922716262211
        },
        "action.pitch": {
          "mse": 3.001261827950685e-08,
          "nmse": 0.00012425333928252284,
          "max_abs_diff": 0.0002924501895904541,
          "teacher_rms": 0.015541678033917972,
          "student_rms": 0.015622188418590451
        },
        "action.roll": {
          "mse": 3.161728105716133e-08,
          "nmse": 0.0005157582840936364,
          "max_abs_diff": 0.0005238503217697144,
          "teacher_rms": 0.007829592400146794,
          "student_rms": 0.007778400852832324
        },
        "action.x": {
          "mse": 5.549736670218408e-07,
          "nmse": 1.475068936687849e-05,
          "max_abs_diff": 0.0018310546875,
          "teacher_rms": 0.19396797404279284,
          "student_rms": 0.19395001566786063
        },
        "action.y": {
          "mse": 7.433030191350554e-07,
          "nmse": 2.8727741334051214e-06,
          "max_abs_diff": 0.0018310546875,
          "teacher_rms": 0.5086654118456964,
          "student_rms": 0.5087839693063143
        },
        "action.yaw": {
          "mse": 1.72090621197718e-08,
          "nmse": 0.00014905662235702204,
          "max_abs_diff": 0.0003172457218170166,
          "teacher_rms": 0.010744914479373528,
          "student_rms": 0.010702204097804336
        },
        "action.z": {
          "mse": 1.1841407854262798e-06,
          "nmse": 2.5574224862764272e-05,
          "max_abs_diff": 0.0019168853759765625,
          "teacher_rms": 0.21517927018100894,
          "student_rms": 0.21569821865894145
        }
      },
      "variant": "zero",
      "seed": 20260606,
      "action_size": 112
    }
  ],
  "summary": {
    "observations": 1,
    "mse": {
      "mean": 4.4892544530780333e-07,
      "max": 4.4892544530780333e-07,
      "min": 4.4892544530780333e-07
    },
    "nmse": {
      "mean": 9.158200416331215e-06,
      "max": 9.158200416331215e-06,
      "min": 9.158200416331215e-06
    },
    "rmse": {
      "mean": 0.0006700189887665896,
      "max": 0.0006700189887665896,
      "min": 0.0006700189887665896
    },
    "relative_rmse": {
      "mean": 0.003026251875890574,
      "max": 0.003026251875890574,
      "min": 0.003026251875890574
    },
    "cosine": {
      "mean": 0.9999955418359014,
      "max": 0.9999955418359014,
      "min": 0.9999955418359014
    },
    "max_abs_diff": {
      "mean": 0.002685546875,
      "max": 0.002685546875,
      "min": 0.002685546875
    },
    "teacher_rms": {
      "mean": 0.22140225475099115,
      "max": 0.22140225475099115,
      "min": 0.22140225475099115
    },
    "student_rms": {
      "mean": 0.22151097620766869,
      "max": 0.22151097620766869,
      "min": 0.22151097620766869
    }
  }
}