{
  "task_suite_name": "libero_10",
  "port": 5577,
  "total_episodes": 2,
  "total_successes": 1,
  "success_rate": 0.5,
  "policy_latency_seconds": {
    "count": 1292,
    "mean": 0.15678030244094945,
    "min": 0.0937831737101078,
    "max": 0.2880961298942566,
    "p50": 0.16023769602179527,
    "p90": 0.1693699534982443,
    "p99": 0.18245272796601053
  },
  "policy_breakdown_seconds": {
    "policy_total_seconds": {
      "count": 1292,
      "mean": 0.15678030244094945,
      "min": 0.0937831737101078,
      "max": 0.2880961298942566,
      "p50": 0.16023769602179527,
      "p90": 0.1693699534982443,
      "p99": 0.18245272796601053
    },
    "postprocess_seconds": {
      "count": 1292,
      "mean": 0.00010616216958491794,
      "min": 3.54573130607605e-05,
      "max": 0.003248002380132675,
      "p50": 0.00010290183126926422,
      "p90": 0.00013016164302825928,
      "p99": 0.00016257699579000462
    },
    "preprocess_seconds": {
      "count": 1292,
      "mean": 0.00010605215530369674,
      "min": 3.6600977182388306e-05,
      "max": 0.00073232501745224,
      "p50": 0.00010480359196662903,
      "p90": 0.00013010427355766299,
      "p99": 0.0001761325076222418
    },
    "remote_get_action_seconds": {
      "count": 1292,
      "mean": 0.1565652479483939,
      "min": 0.09369983151555061,
      "max": 0.2878205478191376,
      "p50": 0.1600179448723793,
      "p90": 0.1691229436546564,
      "p99": 0.18228939495980737
    }
  },
  "episodes": [
    {
      "episode_index": 1,
      "task_id": 6,
      "init_index": 3,
      "success": true,
      "policy_latency_seconds": {
        "count": 301,
        "mean": 0.15308557034924972,
        "min": 0.0937831737101078,
        "max": 0.18530811741948128,
        "p50": 0.1601894572377205,
        "p90": 0.16961612179875374,
        "p99": 0.17855054140090942
      },
      "policy_breakdown_seconds": {
        "policy_total_seconds": {
          "count": 301,
          "mean": 0.15308557034924972,
          "min": 0.0937831737101078,
          "max": 0.18530811741948128,
          "p50": 0.1601894572377205,
          "p90": 0.16961612179875374,
          "p99": 0.17855054140090942
        },
        "postprocess_seconds": {
          "count": 301,
          "mean": 9.724211900733238e-05,
          "min": 3.826618194580078e-05,
          "max": 0.00018103793263435364,
          "p50": 0.00010206922888755798,
          "p90": 0.0001284182071685791,
          "p99": 0.0001549050211906433
        },
        "preprocess_seconds": {
          "count": 301,
          "mean": 0.00010299056372373207,
          "min": 4.1231513023376465e-05,
          "max": 0.0002839528024196625,
          "p50": 0.0001087188720703125,
          "p90": 0.00013250857591629028,
          "p99": 0.00017806142568588257
        },
        "remote_get_action_seconds": {
          "count": 301,
          "mean": 0.15288265077923224,
          "min": 0.09369983151555061,
          "max": 0.18506745249032974,
          "p50": 0.1599385254085064,
          "p90": 0.16937920451164246,
          "p99": 0.1783636324107647
        }
      }
    },
    {
      "episode_index": 2,
      "task_id": 6,
      "init_index": 4,
      "success": false,
      "policy_latency_seconds": {
        "count": 991,
        "mean": 0.15790251672914482,
        "min": 0.10025113821029663,
        "max": 0.2880961298942566,
        "p50": 0.1602468639612198,
        "p90": 0.16934825107455254,
        "p99": 0.1841383516788483
      },
      "policy_breakdown_seconds": {
        "policy_total_seconds": {
          "count": 991,
          "mean": 0.15790251672914482,
          "min": 0.10025113821029663,
          "max": 0.2880961298942566,
          "p50": 0.1602468639612198,
          "p90": 0.16934825107455254,
          "p99": 0.1841383516788483
        },
        "postprocess_seconds": {
          "count": 991,
          "mean": 0.00010887148868063263,
          "min": 3.54573130607605e-05,
          "max": 0.003248002380132675,
          "p50": 0.00010312721133232117,
          "p90": 0.0001310296356678009,
          "p99": 0.00016258917748928072
        },
        "preprocess_seconds": {
          "count": 991,
          "mean": 0.00010698206354342363,
          "min": 3.6600977182388306e-05,
          "max": 0.00073232501745224,
          "p50": 0.00010416656732559204,
          "p90": 0.00012889504432678223,
          "p99": 0.0001717977225780488
        },
        "remote_get_action_seconds": {
          "count": 991,
          "mean": 0.1576837764528517,
          "min": 0.10016852244734764,
          "max": 0.2878205478191376,
          "p50": 0.16003694012761116,
          "p90": 0.16901922598481178,
          "p99": 0.18390806391835215
        }
      }
    }
  ]
}