{
  "label": "n17_fp16",
  "writes": 30,
  "get_action_seconds": {
    "count": 28,
    "mean": 0.14350889809429646,
    "min": 0.09165322780609131,
    "max": 0.9564547352492809,
    "p50": 0.10116125270724297,
    "p90": 0.16686598248779774,
    "p99": 0.7495403003320101
  },
  "extra": {
    "server_memory": {
      "allocated_mib": 6023,
      "reserved_mib": 6190,
      "max_allocated_mib": 6092,
      "max_reserved_mib": 6190
    },
    "compile_step_window_fallback": {
      "enabled": true,
      "step_start": 0,
      "step_end": 30,
      "request_index": 28,
      "compiled_requests": 0,
      "eager_requests": 28,
      "eager_fraction": 1.0,
      "last_mode": "eager"
    }
  }
}