{
  "label": "n17_fp16",
  "writes": 92,
  "get_action_seconds": {
    "count": 90,
    "mean": 0.16766263929506142,
    "min": 0.055614788085222244,
    "max": 6.662796139717102,
    "p50": 0.09344051778316498,
    "p90": 0.12745122462511063,
    "p99": 0.9963936411216819
  },
  "extra": {
    "server_memory": {
      "allocated_mib": 6023,
      "reserved_mib": 6218,
      "max_allocated_mib": 6092,
      "max_reserved_mib": 6218
    },
    "compile_step_window_fallback": {
      "enabled": true,
      "step_start": 12,
      "step_end": 22,
      "request_index": 90,
      "compiled_requests": 80,
      "eager_requests": 10,
      "eager_fraction": 0.1111111111111111,
      "last_mode": "compiled"
    }
  }
}