{
  "label": "n17_fp16",
  "writes": 92,
  "get_action_seconds": {
    "count": 90,
    "mean": 0.17026782437331148,
    "min": 0.055521152913570404,
    "max": 6.226720489561558,
    "p50": 0.08649912849068642,
    "p90": 0.16451675258576878,
    "p99": 1.4774339888617365
  },
  "extra": {
    "server_memory": {
      "allocated_mib": 6023,
      "reserved_mib": 6212,
      "max_allocated_mib": 6088,
      "max_reserved_mib": 6212
    },
    "compile_step_window_fallback": {
      "enabled": true,
      "step_start": 0,
      "step_end": 30,
      "request_index": 90,
      "compiled_requests": 60,
      "eager_requests": 30,
      "eager_fraction": 0.3333333333333333,
      "last_mode": "compiled"
    }
  }
}