{
  "task_suite_name": "libero_10",
  "port": 5555,
  "total_episodes": 1,
  "total_successes": 0,
  "success_rate": 0.0,
  "deterministic_policy_seeds": true,
  "policy_seed_base": 20260613,
  "policy_latency_seconds": {
    "count": 991,
    "mean": 0.08536696688889495,
    "min": 0.053026556968688965,
    "max": 0.17634700238704681,
    "p50": 0.07416630163788795,
    "p90": 0.14559661224484444,
    "p99": 0.16764876693487168
  },
  "policy_breakdown_seconds": {
    "gripper_oracle_remote_get_action_seconds": {
      "count": 991,
      "mean": 0.0,
      "min": 0.0,
      "max": 0.0,
      "p50": 0.0,
      "p90": 0.0,
      "p99": 0.0
    },
    "oracle_remote_get_action_seconds": {
      "count": 991,
      "mean": 0.0,
      "min": 0.0,
      "max": 0.0,
      "p50": 0.0,
      "p90": 0.0,
      "p99": 0.0
    },
    "policy_total_seconds": {
      "count": 991,
      "mean": 0.08536696688889495,
      "min": 0.053026556968688965,
      "max": 0.17634700238704681,
      "p50": 0.07416630163788795,
      "p90": 0.14559661224484444,
      "p99": 0.16764876693487168
    },
    "postprocess_seconds": {
      "count": 991,
      "mean": 8.707528503463198e-05,
      "min": 3.708153963088989e-05,
      "max": 0.00022035464644432068,
      "p50": 9.115412831306458e-05,
      "p90": 0.00010549649596214294,
      "p99": 0.00012965314090251923
    },
    "preprocess_seconds": {
      "count": 991,
      "mean": 9.077194209777263e-05,
      "min": 3.8020312786102295e-05,
      "max": 0.0002514272928237915,
      "p50": 9.515881538391113e-05,
      "p90": 0.00010874494910240173,
      "p99": 0.0001265481114387513
    },
    "primary_remote_get_action_seconds": {
      "count": 991,
      "mean": 0.08518500885466634,
      "min": 0.05285602807998657,
      "max": 0.17616410553455353,
      "p50": 0.074002705514431,
      "p90": 0.14541523903608322,
      "p99": 0.16743812263011934
    },
    "remote_get_action_seconds": {
      "count": 991,
      "mean": 0.08518500885466634,
      "min": 0.05285602807998657,
      "max": 0.17616410553455353,
      "p50": 0.074002705514431,
      "p90": 0.14541523903608322,
      "p99": 0.16743812263011934
    }
  },
  "action_perturbation": {
    "keys": [
      "y"
    ],
    "amplitude": 0.03,
    "sign": 1.0,
    "normalize_by_num_keys": true,
    "step_start": 0,
    "step_end": 200,
    "clip": true
  },
  "episodes": [
    {
      "episode_index": 1,
      "task_id": 6,
      "init_index": 8,
      "success": false,
      "deterministic_policy_seeds": true,
      "policy_seed_base": 20260613,
      "policy_latency_seconds": {
        "count": 991,
        "mean": 0.08536696688889495,
        "min": 0.053026556968688965,
        "max": 0.17634700238704681,
        "p50": 0.07416630163788795,
        "p90": 0.14559661224484444,
        "p99": 0.16764876693487168
      },
      "policy_breakdown_seconds": {
        "gripper_oracle_remote_get_action_seconds": {
          "count": 991,
          "mean": 0.0,
          "min": 0.0,
          "max": 0.0,
          "p50": 0.0,
          "p90": 0.0,
          "p99": 0.0
        },
        "oracle_remote_get_action_seconds": {
          "count": 991,
          "mean": 0.0,
          "min": 0.0,
          "max": 0.0,
          "p50": 0.0,
          "p90": 0.0,
          "p99": 0.0
        },
        "policy_total_seconds": {
          "count": 991,
          "mean": 0.08536696688889495,
          "min": 0.053026556968688965,
          "max": 0.17634700238704681,
          "p50": 0.07416630163788795,
          "p90": 0.14559661224484444,
          "p99": 0.16764876693487168
        },
        "postprocess_seconds": {
          "count": 991,
          "mean": 8.707528503463198e-05,
          "min": 3.708153963088989e-05,
          "max": 0.00022035464644432068,
          "p50": 9.115412831306458e-05,
          "p90": 0.00010549649596214294,
          "p99": 0.00012965314090251923
        },
        "preprocess_seconds": {
          "count": 991,
          "mean": 9.077194209777263e-05,
          "min": 3.8020312786102295e-05,
          "max": 0.0002514272928237915,
          "p50": 9.515881538391113e-05,
          "p90": 0.00010874494910240173,
          "p99": 0.0001265481114387513
        },
        "primary_remote_get_action_seconds": {
          "count": 991,
          "mean": 0.08518500885466634,
          "min": 0.05285602807998657,
          "max": 0.17616410553455353,
          "p50": 0.074002705514431,
          "p90": 0.14541523903608322,
          "p99": 0.16743812263011934
        },
        "remote_get_action_seconds": {
          "count": 991,
          "mean": 0.08518500885466634,
          "min": 0.05285602807998657,
          "max": 0.17616410553455353,
          "p50": 0.074002705514431,
          "p90": 0.14541523903608322,
          "p99": 0.16743812263011934
        }
      },
      "action_perturbation": {
        "keys": [
          "y"
        ],
        "amplitude": 0.03,
        "sign": 1.0,
        "normalize_by_num_keys": true,
        "step_start": 0,
        "step_end": 200,
        "clip": true
      }
    }
  ]
}