{
  "task_suite_name": "libero_10",
  "port": 5582,
  "total_episodes": 1,
  "total_successes": 1,
  "success_rate": 1.0,
  "deterministic_policy_seeds": true,
  "policy_seed_base": 20260609,
  "policy_latency_seconds": {
    "count": 245,
    "mean": 0.14683342273442113,
    "min": 0.09009760618209839,
    "max": 0.7034189663827419,
    "p50": 0.15430892631411552,
    "p90": 0.16904232352972032,
    "p99": 0.2538615795969965
  },
  "policy_breakdown_seconds": {
    "policy_total_seconds": {
      "count": 245,
      "mean": 0.14683342273442113,
      "min": 0.09009760618209839,
      "max": 0.7034189663827419,
      "p50": 0.15430892631411552,
      "p90": 0.16904232352972032,
      "p99": 0.2538615795969965
    },
    "postprocess_seconds": {
      "count": 245,
      "mean": 0.00011778770356762166,
      "min": 5.500391125679016e-05,
      "max": 0.0003695450723171234,
      "p50": 0.00011899694800376892,
      "p90": 0.0001370646059513092,
      "p99": 0.0001854801177978516
    },
    "preprocess_seconds": {
      "count": 245,
      "mean": 0.00011876689232125574,
      "min": 5.155056715011597e-05,
      "max": 0.0003639496862888336,
      "p50": 0.00012452900409698486,
      "p90": 0.00013880431652069092,
      "p99": 0.00015658393502235413
    },
    "remote_get_action_seconds": {
      "count": 245,
      "mean": 0.14659349638588576,
      "min": 0.08996416628360748,
      "max": 0.7032707668840885,
      "p50": 0.15403864532709122,
      "p90": 0.1687793992459774,
      "p99": 0.2536012147367002
    }
  },
  "episodes": [
    {
      "episode_index": 1,
      "task_id": 4,
      "init_index": 6,
      "success": true,
      "deterministic_policy_seeds": true,
      "policy_seed_base": 20260609,
      "policy_latency_seconds": {
        "count": 245,
        "mean": 0.14683342273442113,
        "min": 0.09009760618209839,
        "max": 0.7034189663827419,
        "p50": 0.15430892631411552,
        "p90": 0.16904232352972032,
        "p99": 0.2538615795969965
      },
      "policy_breakdown_seconds": {
        "policy_total_seconds": {
          "count": 245,
          "mean": 0.14683342273442113,
          "min": 0.09009760618209839,
          "max": 0.7034189663827419,
          "p50": 0.15430892631411552,
          "p90": 0.16904232352972032,
          "p99": 0.2538615795969965
        },
        "postprocess_seconds": {
          "count": 245,
          "mean": 0.00011778770356762166,
          "min": 5.500391125679016e-05,
          "max": 0.0003695450723171234,
          "p50": 0.00011899694800376892,
          "p90": 0.0001370646059513092,
          "p99": 0.0001854801177978516
        },
        "preprocess_seconds": {
          "count": 245,
          "mean": 0.00011876689232125574,
          "min": 5.155056715011597e-05,
          "max": 0.0003639496862888336,
          "p50": 0.00012452900409698486,
          "p90": 0.00013880431652069092,
          "p99": 0.00015658393502235413
        },
        "remote_get_action_seconds": {
          "count": 245,
          "mean": 0.14659349638588576,
          "min": 0.08996416628360748,
          "max": 0.7032707668840885,
          "p50": 0.15403864532709122,
          "p90": 0.1687793992459774,
          "p99": 0.2536012147367002
        }
      }
    }
  ]
}