{
  "boundary": "real torch tensor -> blockscaled FP4 CUTLASS GEMM smoke; conversion uses CUTLASS helper pack path",
  "m": 49,
  "k": 1536,
  "n": 6144,
  "sf_vec_size": 32,
  "sf_dtype": "Float8E8M0FNU",
  "tile_shape_mnk": [
    128,
    128,
    128
  ],
  "epi_tile": [
    64,
    32
  ],
  "compile_seconds": 8.328156892210245,
  "cutlass_fp4_ms": 0.009606902798016867,
  "torch_fp16_einsum_ms": 0.03726296126842499,
  "torch_decoded_fp4_ref_ms": 0.09976824124654134,
  "speedup_vs_torch_fp16_einsum": 3.8787694693983066,
  "max_abs_diff_vs_decoded_fp4_decoded_scale_ref": 3.0517578125e-05,
  "mean_abs_diff_vs_decoded_fp4_decoded_scale_ref": 9.015708997139882e-07,
  "relative_rmse_vs_decoded_fp4_decoded_scale_ref": 0.00015868424088694155,
  "relative_rmse_vs_decoded_fp4_raw_scale_ref": 1.1031315326690674,
  "relative_rmse_vs_original_fp32": 0.16416782140731812,
  "a_scale_min": 0.005381188355386257,
  "a_scale_max": 0.019413072615861893,
  "b_scale_min": 0.004064041189849377,
  "b_scale_max": 0.024174867197871208
}