{
  "label": "n17_fp16",
  "writes": 24,
  "get_action_seconds": {
    "count": 22,
    "mean": 0.148211500861428,
    "min": 0.09394232928752899,
    "max": 0.7576510645449162,
    "p50": 0.10607192851603031,
    "p90": 0.16814512722194197,
    "p99": 0.6359539974853392
  },
  "extra": {
    "server_memory": {
      "allocated_mib": 6023,
      "reserved_mib": 6190,
      "max_allocated_mib": 6092,
      "max_reserved_mib": 6190
    }
  }
}