{
  "label": "fp16_official",
  "writes": 21,
  "get_action_seconds": {
    "count": 991,
    "mean": 0.10226113594669987,
    "min": 0.067381851375103,
    "max": 1.26073407381773,
    "p50": 0.07692236453294754,
    "p90": 0.14392562955617905,
    "p99": 0.16059462167322647
  },
  "extra": {
    "server_memory": {
      "allocated_bytes": 5476782080,
      "reserved_bytes": 5807013888,
      "max_allocated_bytes": 5682666496,
      "max_reserved_bytes": 5807013888
    }
  }
}