{
  "label": "n17_fp16",
  "writes": 27,
  "get_action_seconds": {
    "count": 25,
    "mean": 0.3957940022647381,
    "min": 0.057610467076301575,
    "max": 7.157867431640625,
    "p50": 0.11529061943292618,
    "p90": 0.1515167906880379,
    "p99": 5.514449386596667
  },
  "extra": {
    "server_memory": {
      "allocated_mib": 6023,
      "reserved_mib": 6218,
      "max_allocated_mib": 6092,
      "max_reserved_mib": 6218
    },
    "compile_step_window_fallback": {
      "enabled": true,
      "step_start": 10,
      "step_end": 30,
      "request_index": 25,
      "compiled_requests": 10,
      "eager_requests": 15,
      "eager_fraction": 0.6,
      "last_mode": "eager"
    }
  }
}