{
  "label": "n17_fp16",
  "writes": 30,
  "get_action_seconds": {
    "count": 28,
    "mean": 0.14271416129278286,
    "min": 0.0922299325466156,
    "max": 0.9893561378121376,
    "p50": 0.09747187793254852,
    "p90": 0.166313461214304,
    "p99": 0.7696982053294781
  },
  "extra": {
    "server_memory": {
      "allocated_mib": 6023,
      "reserved_mib": 6190,
      "max_allocated_mib": 6092,
      "max_reserved_mib": 6190
    }
  }
}