{
  "task_suite_name": "libero_10",
  "port": 5582,
  "total_episodes": 1,
  "total_successes": 0,
  "success_rate": 0.0,
  "policy_latency_seconds": {
    "count": 991,
    "mean": 0.155171986270835,
    "min": 0.09193051978945732,
    "max": 0.65590425953269,
    "p50": 0.15885687991976738,
    "p90": 0.17073141783475876,
    "p99": 0.2985711816698313
  },
  "policy_breakdown_seconds": {
    "policy_total_seconds": {
      "count": 991,
      "mean": 0.155171986270835,
      "min": 0.09193051978945732,
      "max": 0.65590425953269,
      "p50": 0.15885687991976738,
      "p90": 0.17073141783475876,
      "p99": 0.2985711816698313
    },
    "postprocess_seconds": {
      "count": 991,
      "mean": 0.00012047738814209593,
      "min": 5.192682147026062e-05,
      "max": 0.0005051307380199432,
      "p50": 0.00011778250336647034,
      "p90": 0.00014657527208328247,
      "p99": 0.00017446056008338934
    },
    "preprocess_seconds": {
      "count": 991,
      "mean": 0.00011049130204106436,
      "min": 4.40254807472229e-05,
      "max": 0.00027390196919441223,
      "p50": 0.00010981038212776184,
      "p90": 0.00012908130884170532,
      "p99": 0.00015619508922100068
    },
    "remote_get_action_seconds": {
      "count": 991,
      "mean": 0.1549376230931246,
      "min": 0.09179345890879631,
      "max": 0.6557113863527775,
      "p50": 0.1586177833378315,
      "p90": 0.1705380231142044,
      "p99": 0.2983426325023175
    }
  },
  "episodes": [
    {
      "episode_index": 1,
      "task_id": 6,
      "init_index": 3,
      "success": false,
      "policy_latency_seconds": {
        "count": 991,
        "mean": 0.155171986270835,
        "min": 0.09193051978945732,
        "max": 0.65590425953269,
        "p50": 0.15885687991976738,
        "p90": 0.17073141783475876,
        "p99": 0.2985711816698313
      },
      "policy_breakdown_seconds": {
        "policy_total_seconds": {
          "count": 991,
          "mean": 0.155171986270835,
          "min": 0.09193051978945732,
          "max": 0.65590425953269,
          "p50": 0.15885687991976738,
          "p90": 0.17073141783475876,
          "p99": 0.2985711816698313
        },
        "postprocess_seconds": {
          "count": 991,
          "mean": 0.00012047738814209593,
          "min": 5.192682147026062e-05,
          "max": 0.0005051307380199432,
          "p50": 0.00011778250336647034,
          "p90": 0.00014657527208328247,
          "p99": 0.00017446056008338934
        },
        "preprocess_seconds": {
          "count": 991,
          "mean": 0.00011049130204106436,
          "min": 4.40254807472229e-05,
          "max": 0.00027390196919441223,
          "p50": 0.00010981038212776184,
          "p90": 0.00012908130884170532,
          "p99": 0.00015619508922100068
        },
        "remote_get_action_seconds": {
          "count": 991,
          "mean": 0.1549376230931246,
          "min": 0.09179345890879631,
          "max": 0.6557113863527775,
          "p50": 0.1586177833378315,
          "p90": 0.1705380231142044,
          "p99": 0.2983426325023175
        }
      }
    }
  ]
}