{
  "label": "n17_fp16",
  "writes": 37,
  "get_action_seconds": {
    "count": 35,
    "mean": 0.14456087755305427,
    "min": 0.09268582984805107,
    "max": 0.8535804413259029,
    "p50": 0.11457952111959457,
    "p90": 0.17080350294709207,
    "p99": 0.6304361408948875
  },
  "extra": {
    "server_memory": {
      "allocated_mib": 6023,
      "reserved_mib": 6188,
      "max_allocated_mib": 6090,
      "max_reserved_mib": 6188
    }
  }
}