{
  "label": "n17_fp16",
  "writes": 36,
  "get_action_seconds": {
    "count": 34,
    "mean": 0.32824709058246193,
    "min": 0.057836297899484634,
    "max": 6.923190653324127,
    "p50": 0.09680476784706116,
    "p90": 0.17047970592975617,
    "p99": 4.939527880214165
  },
  "extra": {
    "server_memory": {
      "allocated_mib": 6023,
      "reserved_mib": 6216,
      "max_allocated_mib": 6090,
      "max_reserved_mib": 6216
    },
    "compile_step_window_fallback": {
      "enabled": true,
      "step_start": 0,
      "step_end": 20,
      "request_index": 34,
      "compiled_requests": 14,
      "eager_requests": 20,
      "eager_fraction": 0.5882352941176471,
      "last_mode": "compiled"
    }
  }
}