{
  "label": "n17_fp16",
  "writes": 28,
  "get_action_seconds": {
    "count": 26,
    "mean": 0.39038302176273787,
    "min": 0.05808572471141815,
    "max": 6.591629646718502,
    "p50": 0.10266927629709244,
    "p90": 0.19959448464214802,
    "p99": 5.162395466119051
  },
  "extra": {
    "server_memory": {
      "allocated_mib": 6023,
      "reserved_mib": 6218,
      "max_allocated_mib": 6092,
      "max_reserved_mib": 6218
    },
    "compile_step_window_fallback": {
      "enabled": true,
      "step_start": 0,
      "step_end": 20,
      "request_index": 26,
      "compiled_requests": 6,
      "eager_requests": 20,
      "eager_fraction": 0.7692307692307693,
      "last_mode": "compiled"
    }
  }
}