{
  "task_suite_name": "libero_10",
  "port": 5583,
  "total_episodes": 1,
  "total_successes": 0,
  "success_rate": 0.0,
  "policy_latency_seconds": {
    "count": 991,
    "mean": 0.14767308267045814,
    "min": 0.09451987221837044,
    "max": 0.31037867441773415,
    "p50": 0.15715952217578888,
    "p90": 0.17187807708978653,
    "p99": 0.1936364207416773
  },
  "policy_breakdown_seconds": {
    "policy_total_seconds": {
      "count": 991,
      "mean": 0.14767308267045814,
      "min": 0.09451987221837044,
      "max": 0.31037867441773415,
      "p50": 0.15715952217578888,
      "p90": 0.17187807708978653,
      "p99": 0.1936364207416773
    },
    "postprocess_seconds": {
      "count": 991,
      "mean": 0.00011020595833704281,
      "min": 5.165114998817444e-05,
      "max": 0.0004253387451171875,
      "p50": 0.0001170821487903595,
      "p90": 0.00015093013644218445,
      "p99": 0.00017615072429180156
    },
    "preprocess_seconds": {
      "count": 991,
      "mean": 0.00010679498329893973,
      "min": 4.8313289880752563e-05,
      "max": 0.0006329715251922607,
      "p50": 0.00011804327368736267,
      "p90": 0.00013452023267745972,
      "p99": 0.0001923449337482457
    },
    "remote_get_action_seconds": {
      "count": 991,
      "mean": 0.14745336624029667,
      "min": 0.0944056361913681,
      "max": 0.310129351913929,
      "p50": 0.15692522749304771,
      "p90": 0.17166760936379433,
      "p99": 0.1933443941175938
    }
  },
  "episodes": [
    {
      "episode_index": 1,
      "task_id": 4,
      "init_index": 6,
      "success": false,
      "policy_latency_seconds": {
        "count": 991,
        "mean": 0.14767308267045814,
        "min": 0.09451987221837044,
        "max": 0.31037867441773415,
        "p50": 0.15715952217578888,
        "p90": 0.17187807708978653,
        "p99": 0.1936364207416773
      },
      "policy_breakdown_seconds": {
        "policy_total_seconds": {
          "count": 991,
          "mean": 0.14767308267045814,
          "min": 0.09451987221837044,
          "max": 0.31037867441773415,
          "p50": 0.15715952217578888,
          "p90": 0.17187807708978653,
          "p99": 0.1936364207416773
        },
        "postprocess_seconds": {
          "count": 991,
          "mean": 0.00011020595833704281,
          "min": 5.165114998817444e-05,
          "max": 0.0004253387451171875,
          "p50": 0.0001170821487903595,
          "p90": 0.00015093013644218445,
          "p99": 0.00017615072429180156
        },
        "preprocess_seconds": {
          "count": 991,
          "mean": 0.00010679498329893973,
          "min": 4.8313289880752563e-05,
          "max": 0.0006329715251922607,
          "p50": 0.00011804327368736267,
          "p90": 0.00013452023267745972,
          "p99": 0.0001923449337482457
        },
        "remote_get_action_seconds": {
          "count": 991,
          "mean": 0.14745336624029667,
          "min": 0.0944056361913681,
          "max": 0.310129351913929,
          "p50": 0.15692522749304771,
          "p90": 0.17166760936379433,
          "p99": 0.1933443941175938
        }
      }
    }
  ]
}