{
  "label": "n17_fp16",
  "writes": 92,
  "get_action_seconds": {
    "count": 90,
    "mean": 0.17910520484050116,
    "min": 0.05648844689130783,
    "max": 7.500534240156412,
    "p50": 0.08623294904828072,
    "p90": 0.15574281588196756,
    "p99": 1.090640240088101
  },
  "extra": {
    "server_memory": {
      "allocated_mib": 6023,
      "reserved_mib": 6216,
      "max_allocated_mib": 6090,
      "max_reserved_mib": 6216
    },
    "compile_step_window_fallback": {
      "enabled": true,
      "step_start": 10,
      "step_end": 30,
      "request_index": 90,
      "compiled_requests": 70,
      "eager_requests": 20,
      "eager_fraction": 0.2222222222222222,
      "last_mode": "compiled"
    }
  }
}