{
  "label": "n17_fp16",
  "writes": 35,
  "get_action_seconds": {
    "count": 33,
    "mean": 0.3012017950867162,
    "min": 0.054829638451337814,
    "max": 6.802886072546244,
    "p50": 0.0777532234787941,
    "p90": 0.17416807413101196,
    "p99": 4.691996610313652
  },
  "extra": {
    "server_memory": {
      "allocated_mib": 6023,
      "reserved_mib": 6216,
      "max_allocated_mib": 6090,
      "max_reserved_mib": 6216
    },
    "compile_step_window_fallback": {
      "enabled": true,
      "step_start": 5,
      "step_end": 15,
      "request_index": 33,
      "compiled_requests": 23,
      "eager_requests": 10,
      "eager_fraction": 0.30303030303030304,
      "last_mode": "compiled"
    }
  }
}